:020000040010EA
:04000000480033DCA5
:020000040011E9
:2000000003E2BD0403E2BD0503E2BD0603E2BD0716FE1F76520006061F76410200BE001E87
:200020001F76520012061F764102021EAFE2000095E6000003E22800AFE2020095E60000A2
:2000400003E22A00AFE20600AFE2000194E6010014ADB256A60101022D7E01562E00AFE2B9
:200060001C00AFE2280110E74000007703E21C00AFE22800AFE2280100E70900AFE21E00E9
:2000800010E74000007703E21E00AFE20C00AFE2280120E70900AFE23E0000E70900AFE2F8
:2000A0000C0710E7C801007703E20C00AFE22A00AFE22A0100E70900AFE2200010E74000B6
:2000C000007703E22000AFE20200AFE2000100E70900AFE2240010E74000007703E2240023
:2000E0001A2B2D922C54E1FFC4002D920152E0FFC0002E06300F0D623C921E5202633C0A5C
:2001000000022E1E32062E0FE3FFB600EFFFB700BF561A0188E22E00007701E801FC74E264
:200120000800007700770077007703E23400AFE2340077E20000007700770077007703E2E3
:200140003600AFE21C00AFE2340100E70800007703E20A00AFE21E0077E2010000770077AA
:200160000077AFE2360000E70800007703E20800AFE2200077E20100007700770077AFE2ED
:20018000360000E70800007703E21200AFE22400AFE2340100E70900AFE23A0010E740005F
:2001A000007703E23A00AFE20800AFE2120100E70900AFE2260010E74000007703E226000C
:2001C000AFE20400AFE2340100E70800007703E20E00AFE22200AFE20E0110E7400000776A
:2001E00003E22200380A389264523364382B01E819E101E818E1AFE23A0293E50EE851B833
:2002000000E789000EE850B803E2140103E23A03AFE2260100E7400097E503E2160003E219
:200220002607AFE21600AFE2140174E209000077007701E81EE10EE856B803E21801AFE27C
:20024000220100E7700095E503E2100003E2220500023C2B93E592E591E590E52E1E03E235
:200260001C0303E21E0203E2200103E2240032062E0F04643C9214522D6590E592E591E546
:2002800097E503E2080093E596E595E594E503E20A02000203E20C0103E20E0703E2120336
:2002A00003E2140603E2160503E218041A2B03E21C0703E21E0603E2200503E2240403E2EC
:2002C000260303E23A0703E2100203E222012E1E3C2B2D9202E8D01C02E8C7212C9602E80A
:2002E000C62102E8D41C01E81DD4AFE212010BE800400AE867B00AE866B00BE8044008E854
:200300007D9302E3080A00E7B800AFE2140303E2520007E3168700BE01E3183202E8C42116
:200320000DE0466A0AE864B002E8D61CAFE210020BE806401F7652000FE3521F08061F7675
:20034000420207E346A6001E1F76520014061F764202021EAFE2000095E6000003E2280052
:20036000AFE2020095E6000003E22A0001E818D41F76440208E8789303E2360203E20007AC
:2003800008E012191F76420203E24A03AFE24A04AFE206071F76440203E23C0603E21E05B8
:2003A0001F764202AFE200061F76440203E22A041F76420294E63E0014ADB256A6010102DB
:2003C0002D7E01562E00AFE21C00AFE2280310E7C000007703E21C00AFE22800AFE22803E0
:2003E00000E71B00AFE21E0010E7C000007703E21E00AFE20C00AFE2280320E71B00AFE20F
:200400003E0000E71B00AFE20C0710E7D801007703E20C00AFE22A00AFE22A0300E71B0045
:20042000AFE2200010E7C000007703E22000AFE20200AFE2000300E71B00AFE2240010E703
:20044000C00003E24E0503E224001A2B2D922C54E1FFC4002D920152E0FFC0002E06300F4F
:200460000D623C921E5202633C0A00022E1E32062E0FE3FFB600EFFFB700BF561A0188E28A
:200480002E00007701E803FC74E21800007700770077007703E23400AFE2340077E200004E
:2004A000007700770077007703E23600AFE21C00AFE2340300E71800007703E20A00AFE2DA
:2004C0001E0077E20300007700770077AFE2360000E71800007703E20800AFE2200077E209
:2004E0000300007700770077AFE2360000E71800007703E21200AFE22400AFE2340300E7FC
:200500001B00AFE23A0010E7C000007703E23A00AFE20800AFE2120300E71B00AFE22600B0
:2005200010E7C000007703E22600AFE20400AFE2340300E71800007703E20E00AFE2220009
:20054000AFE20E0310E7C000007703E22200380A389264523364382B01E81BE101E818E141
:20056000AFE23A0495E50EE853B800E71B010EE850B803E2140303E23A05AFE2260300E76F
:20058000C00097E503E2160003E22607AFE21600AFE2140374E21B000077007701E81EE17C
:2005A0000EE856B803E21803AFE2220300E7F00094E503E2100003E2220400023C2B95E54E
:2005C00094E593E590E52E1E03E21C0503E21E0403E2200303E2240032062E0F04643C92A0
:2005E00014522B6590E594E593E597E503E2080095E596E503E20A04000203E20C0303E273
:200600000E0703E2120503E2140603E2160703E218001A2B03E21C0603E21E0403E220076C
:2006200003E2240603E2260503E23A0403E2100703E222032E1E3C2B2D9202E8D01C02E840
:20064000C7212C9602E8C62102E8D51CAFE212030BE800400AE867B00AE866B00BE8054022
:2006600000E7C000AFE2080307E054C0AFE2140409E0508000BE01E3167E02E8C5210AE8E2
:2006800065B0AFE218030DE0446302E8D51C0BE8054009E310731F76520001E81CD401E8DA
:2006A0001DD408E87C930A0600E7E4011F76430208E87D9303E24C04001E1F765200AFE2C9
:2006C0005007AFE2440416061F764302021EAFE2000095E6000003E22800AFE2020095E6AD
:2006E000000003E22A001F7644020DE038431F764302AFE2540603E24800AFE206051F7685
:20070000440203E2140603E2020703E23E041F764302AFE24C07AFE24804AFE200061F76B8
:20072000440203E2200703E22C041F76430294E62E0014ADB256A60101022D7E01562E002D
:20074000AFE21C00AFE2280410E70001007703E21C00AFE22800AFE2280400E72400AFE2AD
:200760001E0010E70001007703E21E00AFE20C00AFE2280420E72400AFE23E0000E724008A
:20078000AFE20C0710E7E001007703E20C00AFE22A00AFE22A0400E72400AFE2200010E748
:2007A0000001007703E22000AFE20200AFE2000400E72400AFE2240010E70001007703E280
:2007C00024001A2B2D922C54E1FFC4002D920152E0FFC0002E06300F0D623C921E52026397
:2007E0003C0A00022E1E32062E0FE3FFB600EFFFB700BF561A0188E22E00007701E804FC8B
:2008000074E22000007700770077007703E23400AFE2340077E20000007700770077007773
:2008200003E23600AFE21C00AFE2340400E72000007703E20A00AFE21E0077E20400007737
:2008400000770077AFE2360000E72000007703E20800AFE2200077E2040000770077007705
:20086000AFE2360000E72000007703E21200AFE22400AFE2340400E72400AFE23A0010E7F1
:200880000001007703E23A00AFE20800AFE2120400E72400AFE2260010E70001007703E26B
:2008A0002600AFE20400AFE2340400E72000007703E20E00AFE22200AFE20E0410E70001F5
:2008C000007703E22200380A389264523364382B01E81CE101E818E1AFE23A0596E50EE8D5
:2008E00054B800E764010EE850B803E2140403E23A06AFE2260400E7000197E503E2160066
:2009000003E22607AFE21600AFE2140474E224000077007701E81DE10EE855B803E2180422
:20092000AFE2220400E72801007703E2100003E2220600023C2B96E595E594E590E52E1EDF
:2009400003E21C0603E21E0503E2200403E2240032062E0F04643C9214522A6590E595E5E7
:2009600094E597E503E2080096E503E20A05000203E20C0403E20E0703E2120603E214053A
:2009800003E2160703E218001A2B03E21C0703E21E0503E2200403E2240703E2260603E2F4
:2009A0003A0503E2100403E222072E1E3C2B2D9202E8D01C50E809482C96AFE25407AFE2E1
:2009C00012040BE800408CE609001F76460213E2090108E352061F76440250E8394803E2BB
:2009E00016001F76430202E8C7218CE6090050E80048AFE208040AE867B01F7646028CE645
:200A0000000013E20A0113E20B0050E8314809E350C502E8C6218CE6090050E8044813E25F
:200A20000001AFE24E071F7644020AE866B08CE6240050E8294803E204001F7646028CE675
:200A4000090003E2560413E201011F76430250E8394802E8D71CAFE214058CE609001F762D
:200A600046020BE8074013E20F010BE34CA001E81ED450E8014808E87E938CE6090000E756
:200A80003C0113E2100109E34A851F76440250E8294803E22200AFE2480650E804481F76D5
:200AA000460202E8C5218CE609008CE6270013E215010AE865B050E831481F7643028CE6FB
:200AC0000900AFE216061F76460213E216010DE3466013E2110702E8D61C50E801B201E824
:200AE0001DD4AFE256000BE806408CE6090008E87D9313E2020013E21E0109E344A71F76F3
:200B0000440250E839B200E728018CE6090003E22E001F76460250E8044813E21F011F76C3
:200B200043028CE62600AFE218071F76450203E2000750E838B21F76460213E217068CE6DD
:200B400005001F76430250E816B2AFE210018CE630001F76460250E80FB213E220051F76ED
:200B6000440250E81DB203E23A018CE63C001F7646028CE62A0013E21D0413E21B0013E2C6
:200B80001C0296FEAFE2BE07AFE2BE06AFE2BE05AFE2BE040600BDB2BDAABDA204FEA982E9
:200BA00020FF004052C4427D417C508B4E86A30F44C21D6120FF0041A30F196120FF004272
:200BC000A30F156120FF0043A30F116120FF0044A30F0D6120FF0045A30F096120FF0046FF
:200BE000A30F056120FF0047A30F0360019A076020FFEA060A8F5A81487663DCC3187FE0A6
:200C000020FF0040A30F1D6120FF0041A30F196120FF0042A30F156120FF0043A30F1161AA
:200C200020FF0044A30F0D6120FF0045A30F096120FF0046A30F056120FF0047A30F0360B9
:200C4000019A076020FF7C090A8F5A81487663DC63D020FF0040937AA30F1D6120FF00414E
:200C6000A30F196120FF0042A30F156120FF0043A30F116120FF0044A30F0D6120FF004552
:200C8000A30F096120FF0046A30F056120FF0047A30F0360019A076020FF9C060A8F5A8109
:200CA000487663DC20FF0040E32BA30F1D6120FF0041A30F196120FF0042A30F156120FF66
:200CC0000043A30F116120FF0044A30F0D6120FF0045A30F096120FF0046A30F056120FF0E
:200CE0000047A30F0360019A076020FF2F080A8F5A81487663DCC3CCFEFF0250C39620FF79
:200D00000040A30F1D6120FF0041A30F196120FF0042A30F156120FF0043A30F116120FFA9
:200D20000044A30F0D6120FF0045A30F096120FF0046A30F056120FF0047A30F0360019A3C
:200D4000076020FF5A090A8F5A81487663DC60D0930660D00091931E20FF0040A30F1D616F
:200D600020FF0041A30F196120FF0042A30F156120FF0043A30F116120FF0044A30F0D6155
:200D800020FF0045A30F096120FF0046A30F056120FF0047A30F0360019A076020FFF707BC
:200DA0000A8F5A81487663DCC31A04004292576120FF0040A30F1D6120FF0041A30F19613A
:200DC00020FF0042A30F156120FF0043A30F116120FF0044A30F0D6120FF0045A30F096101
:200DE00020FF0046A30F056120FF0047A30F0360019A076020FF32070A8F5A81487663DC30
:200E0000DBCCE0FF0150DB9620FF0040A30F1D6120FF0041A30F196120FF0042A30F1561E6
:200E200020FF0043A30F116120FF0044A30F0D6120FF0045A30F096120FF0046A30F0561AC
:200E400020FF0047A30F0360019A076020FFBA060A8F5A81487663DCC31A002020FF004069
:200E6000A30F1D6120FF0041A30F196120FF0042A30F156120FF0043A30F116120FF004444
:200E8000A30F0D6120FF0045A30F096120FF0046A30F056120FF0047A30F0360019A0760B8
:200EA00020FF7D0A0A8F5A81487663DC6BD020FF00409379A30F1D6120FF0041A30F1961B9
:200EC00020FF0042A30F156120FF0043A30F116120FF0044A30F0D6120FF0045A30F096100
:200EE00020FF0046A30F056120FF0047A30F0360019A076020FF7D0A0A8F5A81487663DCE1
:200F00006DD04492939620FF0040A30F1D6120FF0041A30F196120FF0042A30F156120FFD2
:200F20000043A30F116120FF0044A30F0D6120FF0045A30F096120FF0046A30F056120FFAB
:200F40000047A30F0360019A076020FF0A0A0A8F5A81487663DCA38B08D093CCEEF30250F7
:200F600008D9C19620FF0040A30F1D6120FF0041A30F196120FF0042A30F156120FF004333
:200F8000A30F116120FF0044A30F0D6120FF0045A30F096120FF0046A30F056120FF004747
:200FA000A30F0360019A076020FF0A0A0A8F5A81487663DCC1CCBBCF0850C19620FF004051
:200FC000A30F1D6120FF0041A30F196120FF0042A30F156120FF0043A30F116120FF0044E3
:200FE000A30F0D6120FF0045A30F096120FF0046A30F056120FF0047A30F0360019A076057
:2010000020FFDD0B0A8F5A81487663DC40D093CCDFFF40D01050939620FF0040A30F1D61E3
:2010200020FF0041A30F196120FF0042A30F156120FF0043A30F116120FF0044A30F0D6192
:2010400020FF0045A30F096120FF0046A30F056120FF0047A30F0360019A076020FFDD0B0F
:201060000A8F5A81487663DC40D093CCBFFF40D08050939620FF0040A30F1D6120FF0041DA
:20108000A30F196120FF0042A30F156120FF0043A30F116120FF0044A30F0D6120FF00452E
:2010A000A30F096120FF0046A30F056120FF0047A30F0360019A076020FFDD0B0A8F5A819F
:2010C000487663DC42D093CCFFFD42D0A91A0001939620FF0040A30F1D6120FF0041A30F06
:2010E000196120FF0042A30F156120FF0043A30F116120FF0044A30F0D6120FF0045A30FCE
:20110000096120FF0046A30F056120FF0047A30F0360019A076020FFDD0B0A8F5A81487632
:2011200063DC42D093CCFFFB42D0A91A000893964192E1FF970120FF0040A30F1D6120FF06
:201140000041A30F196120FF0042A30F156120FF0043A30F116120FF0044A30F0D6120FF71
:201160000045A30F096120FF0046A30F056120FF0047A30F0360019A076020FF320F0A8F1B
:201180005A81487663DC0CD00CD193CCFF7F9B9620FF0040A30F1D6120FF0041A30F196195
:2011A00020FF0042A30F156120FF0043A30F116120FF0044A30F0D6120FF0045A30F09611D
:2011C00020FF0046A30F056120FF0047A30F0360019A076020FF4F0F0A8F5A81487663DC27
:2011E00051D020FF0040BF5693FAA30F1D6120FF0041A30F196120FF0042A30F156120FF69
:201200000043A30F116120FF0044A30F0D6120FF0045A30F096120FF0046A30F056120FFC8
:201220000047A30F0360019A076020FF6B0F0A8F5A81487663DC53D020FF0040BF5693FA22
:20124000A30F1D6120FF0041A30F196120FF0042A30F156120FF0043A30F116120FF004460
:20126000A30F0D6120FF0045A30F096120FF0046A30F056120FF0047A30F0360019A0760D4
:2012800020FFC20D0A8F5A81487663DC0CD093920CD00250939620FF0040A30F1D6120FFE9
:2012A0000041A30F196120FF0042A30F156120FF0043A30F116120FF0044A30F0D6120FF10
:2012C0000045A30F096120FF0046A30F056120FF0047A30F0360019A076020FFC20D0A8F2C
:2012E0005A81487663DC0CD093920CD00150939620FF0040A30F1D6120FF0041A30F1961A4
:2013000020FF0042A30F156120FF0043A30F116120FF0044A30F0D6120FF0045A30F0961BB
:2013200020FF0046A30F056120FF0047A30F0360019A076020FF180E0A8F5A81487663DCFD
:201340000CD00CD193CCEFFF9B9620FF0040A30F1D6120FF0041A30F196120FF0042A30F28
:20136000156120FF0043A30F116120FF0044A30F0D6120FF0045A30F096120FF0046A30F57
:20138000056120FF0047A30F0360019A076020FF3E0E0A8F5A81487663DCA38A0CD00CD1A8
:2013A0000CDCC418FFBF93CCDFFF9B9620FF0040A30F1D6120FF0041A30F196120FF0042C1
:2013C000A30F156120FF0043A30F116120FF0044A30F0D6120FF0045A30F096120FF0046F7
:2013E000A30F056120FF0047A30F0360019A076020FFF50D0A8F5A81487663DC0CD00CD10D
:2014000093CCFBFF9B9620FF0040A30F1D6120FF0041A30F196120FF0042A30F156120FF7F
:201420000043A30F116120FF0044A30F0D6120FF0045A30F096120FF0046A30F056120FFA6
:201440000047A30F0360019A076020FFF50D0A8F5A81487663DC0CD093920CD0085093963E
:2014600020FF0040A30F1D6120FF0041A30F196120FF0042A30F156120FF0043A30F116142
:2014800020FF0044A30F0D6120FF0045A30F096120FF0046A30F056120FF0047A30F036051
:2014A000019A076020FFD80C0A8F5A81487663DC47D0939247D0C050939620FF0040A30F19
:2014C0001D6120FF0041A30F196120FF0042A30F156120FF0043A30F116120FF0044A30FDE
:2014E0000D6120FF0045A30F096120FF0046A30F056120FF0047A30F0360019A076020FFE5
:20150000010D0A8F5A81487663DC49D049D193CCFCFF9B9620FF0040A30F1D6120FF00419F
:20152000A30F196120FF0042A30F156120FF0043A30F116120FF0044A30F0D6120FF004589
:20154000A30F096120FF0046A30F056120FF0047A30F0360019A076020FF010D0A8F5A81D4
:20156000487663DC49D049D193CCF3FF9B9620FF0040A30F1D6120FF0041A30F196120FF7F
:201580000042A30F156120FF0043A30F116120FF0044A30F0D6120FF0045A30F096120FF39
:2015A0000046A30F056120FF0047A30F0360019A076020FFA10F0A8F5A81487663DC14DB21
:2015C000C318FEFF84FEBE82BE86BE8B0600BDB2BDAABDA20CFEA98220FF0030A30F1D61F5
:2015E00020FF0032A30F196120FF0034A30F156120FF0036A30F116120FF0038A30F0D6103
:2016000020FF003AA30F096120FF003CA30F056120FF003EA30F0360019A076020FFDF066A
:201620000A8F6A82487663DC2276A9A218FF0100A98AC418EFFF1A76A928581F449B421E19
:2016400000D4A9A2487695D0000201D4421EA9A2487695D0A928591F449B02D4421EA9A2FA
:20166000487695D0000203D4421EA9A2487695D0000204D4421EA9A2487695D0000205D41D
:20168000421EA9A2487695D0000206D4421EA9A2487695D0000207D4421EA9A2487695D027
:2016A000A9A200D448767ED101D4A9A248767ED102D4A9A248767ED103D4A9A248767ED174
:2016C00004D4A9A248767ED105D4A9A248767ED106D4A9A248767ED107D4A9A248767ED144
:2016E00020FF0030A30F1D6120FF0032A30F196120FF0034A30F156120FF0036A30F1161FA
:2017000020FF0038A30F0D6120FF003AA30F096120FF003CA30F056120FF003EA30F0360F8
:20172000019A076020FF76050A8F6A82487663DC227612D0180200BE16D1931E14D01B02A0
:20174000931E18D000029BC2931E1A7620FF0030A30F1D6120FF0032A30F196120FF003401
:20176000A30F156120FF0036A30F116120FF0038A30F0D6120FF003AA30F096120FF003C81
:20178000A30F056120FF003EA30F0360019A076020FF92050A8F6A82487663DC227620D1FC
:2017A000008F777722D000029BA8931E1A7620FF0030A30F1D6120FF0032A30F196120FF19
:2017C0000034A30F156120FF0036A30F116120FF0038A30F0D6120FF003AA30F096120FF29
:2017E000003CA30F056120FF003EA30F0360019A076020FFB2050A8F6A82487663DC227631
:201800000CD0000200BE0AD1931E0ED0931E10D09BC2931E1A7620FF0030A30F1D6120FFF5
:201820000032A30F196120FF0034A30F156120FF0036A30F116120FF0038A30F0D6120FFC0
:20184000003AA30F096120FF003CA30F056120FF003EA30F0360019A076020FFEB050A8FA3
:201860006A82487663DC227624D0000200BE26D1931E28D09BC2931E1A7620FF0030A30FF4
:201880001D6120FF0032A30F196120FF0034A30F156120FF0036A30F116120FF0038A30F50
:2018A0000D6120FF003AA30F096120FF003CA30F056120FF003EA30F0360019A076020FF3F
:2018C000CE050A8F6A82487663DC227600BE1CD11ED000029BC2931E1A7620FF0030A30FE1
:2018E0001D6120FF0032A30F196120FF0034A30F156120FF0036A30F116120FF0038A30FF0
:201900000D6120FF003AA30F096120FF003CA30F056120FF003EA30F0360019A076020FFDE
:201920000B060A8F6A82487663DC2276003108D000B600BE0002D3A993C3F3C2E31E1A76E5
:2019400020FF0030A30F1D6120FF0032A30F196120FF0034A30F156120FF0036A30F116197
:2019600020FF0038A30F0D6120FF003AA30F096120FF003CA30F056120FF003EA30F036096
:20198000019A076020FF26060A8F6A82487663DC22762AD00002931E1A7600B600BE00D45B
:2019A00042C344C2461EA9A24876979F00B600BE000201D442C344C2461EA9A24876979F80
:2019C00000B600BE000202D442C344C2461EA9A24876979F20FF0030A30F1D6120FF00323D
:2019E000A30F196120FF0034A30F156120FF0036A30F116120FF0038A30F0D6120FF003AF7
:201A0000A30F096120FF003CA30F056120FF003EA30F0360019A076020FF89030A8F6A8293
:201A2000487663DC22763ED00002931E1A7620FF0030A30F1D6120FF0032A30F196120FFA5
:201A40000034A30F156120FF0036A30F116120FF0038A30F0D6120FF003AA30F096120FFA6
:201A6000003CA30F056120FF003EA30F0360019A076020FF56060A8F6A82487663DC227609
:201A80003CD00002931E1A7620FF0030A30F1D6120FF0032A30F196120FF0034A30F156180
:201AA00020FF0036A30F116120FF0038A30F0D6120FF003AA30F096120FF003CA30F05614E
:201AC00020FF003EA30F0360019A076020FF91060A8F6A82487663DC20FF0030A30F1D61DB
:201AE00020FF0032A30F196120FF0034A30F156120FF0036A30F116120FF0038A30F0D61FE
:201B000020FF003AA30F096120FF003CA30F056120FF003EA30F0360019A076020FFD30374
:201B20000A8F6A82487663DC2276A9A20CBE408D020100B6008D040118FF0100A98A9BC2B6
:201B4000010293C3C498CC991A7620FF0030A30F1D6120FF0032A30F196120FF0034A30FDA
:201B6000156120FF0036A30F116120FF0038A30F0D6120FF003AA30F096120FF003CA30F7D
:201B8000056120FF003EA30F0360019A076020FFD3030A8F6A82487663DC2276A9A20DBE46
:201BA00000B6008D040118FF0100A98A9BC2010293C3C498CC991A7620FF0030A30F1D610C
:201BC00020FF0032A30F196120FF0034A30F156120FF0036A30F116120FF0038A30F0D611D
:201BE00020FF003AA30F096120FF003CA30F056120FF003EA30F0360019A076020FFD30394
:201C00000A8F6A82487663DC2276A9A20EBE00B6008D040118FF0100A98A9BC2010293C34A
:201C2000C498CC991A7620FF0030A30F1D6120FF0032A30F196120FF0034A30F156120FFBD
:201C40000036A30F116120FF0038A30F0D6120FF003AA30F096120FF003CA30F056120FFAC
:201C6000003EA30F0360019A076020FFD3030A8F6A82487663DC2276A9A20FBE00B6008DA5
:201C8000040118FF0100A98A9BC2010293C3C498CC991A76472B008F00A44AA847884A83BA
:201CA00020FF0030A30FA659C55A1D6120FF0032A30F196120FF0034A30F156120FF00363A
:201CC000A30F116120FF0038A30F0D6120FF003AA30F096120FF003CA30F056120FF003E24
:201CE000A30F0360019A076020FF73060A8F6A82487663DC20FF003020D9A30F4CB21D613D
:201D000020FF0032A30F196120FF0034A30F156120FF0036A30F116120FF0038A30F0D61DB
:201D200020FF003AA30F096120FF003CA30F056120FF003EA30F0360019A076020FFD30352
:201D40000A8F6A82487663DC2276A9A2408D02014CC4008D040118FF0100A98A9BC293AAC7
:201D60000102C498CC991A76470A4A0601094A1E47921F5294698CFEBE82BE86BE8B060058
:201D8000BDB2BDAABDA20CFEA98220FF0030A30F1D6120FF0032A30F196120FF0034A30FD8
:201DA000156120FF0036A30F116120FF0038A30F0D6120FF003AA30F096120FF003CA30F3B
:201DC000056120FF003EA30F0360019A076020FFDF060A8F6A82487663DC2276A9A218FFA9
:201DE0000100A98AC418EFFF1A76A928581F449B421E00D4A9A2487695D0000201D4421E55
:201E0000A9A2487695D0A928591F449B02D4421EA9A2487695D0000203D4421EA9A2487646
:201E200095D0000204D4421EA9A2487695D0000205D4421EA9A2487695D0000206D4421EB0
:201E4000A9A2487695D0000207D4421EA9A2487695D0A9A200D448767ED101D4A9A248765F
:201E60007ED102D4A9A248767ED103D4A9A248767ED104D4A9A248767ED105D4A9A24876A4
:201E80007ED106D4A9A248767ED107D4A9A248767ED120FF0030A30F1D6120FF0032A30F0C
:201EA000196120FF0034A30F156120FF0036A30F116120FF0038A30F0D6120FF003AA30F32
:201EC000096120FF003CA30F056120FF003EA30F0360019A076020FF76050A8F6A824876D4
:201EE00063DC227612D0190200BE16D1931E14D01B02931E18D000029BC2931E1A7620FF5F
:201F00000030A30F1D6120FF0032A30F196120FF0034A30F156120FF0036A30F116120FFD1
:201F20000038A30F0D6120FF003AA30F096120FF003CA30F056120FF003EA30F0360019A54
:201F4000076020FF92050A8F6A82487663DC227620D1008F777722D000029BA8931E1A7664
:201F600020FF0030A30F1D6120FF0032A30F196120FF0034A30F156120FF0036A30F116171
:201F800020FF0038A30F0D6120FF003AA30F096120FF003CA30F056120FF003EA30F036070
:201FA000019A076020FFB2050A8F6A82487663DC22760CD0000200BE0AD1931E0ED0931E78
:201FC00010D09BC2931E1A7620FF0030A30F1D6120FF0032A30F196120FF0034A30F15610C
:201FE00020FF0036A30F116120FF0038A30F0D6120FF003AA30F096120FF003CA30F056109
:2020000020FF003EA30F0360019A076020FFEB050A8F6A82487663DC227624D0000200BE6F
:2020200026D1931E28D09BC2931E1A7620FF0030A30F1D6120FF0032A30F196120FF003413
:20204000A30F156120FF0036A30F116120FF0038A30F0D6120FF003AA30F096120FF003C98
:20206000A30F056120FF003EA30F0360019A076020FFCE050A8F6A82487663DC227600BE0A
:202080001CD11ED000029BC2931E1A7620FF0030A30F1D6120FF0032A30F196120FF003476
:2020A000A30F156120FF0036A30F116120FF0038A30F0D6120FF003AA30F096120FF003C38
:2020C000A30F056120FF003EA30F0360019A076020FF0B060A8F6A82487663DC22760031F9
:2020E00008D000B600BE0002D3A993C3F3C2E31E1A7620FF0030A30F1D6120FF0032A30FF8
:20210000196120FF0034A30F156120FF0036A30F116120FF0038A30F0D6120FF003AA30FCF
:20212000096120FF003CA30F056120FF003EA30F0360019A076020FF26060A8F6A824876C0
:2021400063DC22762AD00002931E1A7600B600BE00D442C344C2461EA9A24876979F00B6BF
:2021600000BE000201D442C344C2461EA9A24876979F00B600BE000202D442C344C2461E61
:20218000A9A24876979F20FF0030A30F1D6120FF0032A30F196120FF0034A30F156120FF6A
:2021A0000036A30F116120FF0038A30F0D6120FF003AA30F096120FF003CA30F056120FF47
:2021C000003EA30F0360019A076020FF89030A8F6A82487663DC22763ED00002931E1A7694
:2021E00020FF0030A30F1D6120FF0032A30F196120FF0034A30F156120FF0036A30F1161EF
:2022000020FF0038A30F0D6120FF003AA30F096120FF003CA30F056120FF003EA30F0360ED
:20222000019A076020FF56060A8F6A82487663DC22763CD00002931E1A7620FF0030A30FB7
:202240001D6120FF0032A30F196120FF0034A30F156120FF0036A30F116120FF0038A30F86
:202260000D6120FF003AA30F096120FF003CA30F056120FF003EA30F0360019A076020FF75
:2022800091060A8F6A82487663DC20FF0030A30F1D6120FF0032A30F196120FF0034A30F24
:2022A000156120FF0036A30F116120FF0038A30F0D6120FF003AA30F096120FF003CA30F36
:2022C000056120FF003EA30F0360019A076020FFD3030A8F6A82487663DC2276A9A20CBE00
:2022E000408D020100B6008D040118FF0100A98A9BC2010293C3C498CC991A7620FF003025
:20230000A30F1D6120FF0032A30F196120FF0034A30F156120FF0036A30F116120FF0038C5
:20232000A30F0D6120FF003AA30F096120FF003CA30F056120FF003EA30F0360019A076021
:2023400020FFD3030A8F6A82487663DC2276A9A20DBE00B6008D040118FF0100A98A9BC268
:20236000010293C3C498CC991A7620FF0030A30F1D6120FF0032A30F196120FF0034A30FB2
:20238000156120FF0036A30F116120FF0038A30F0D6120FF003AA30F096120FF003CA30F55
:2023A000056120FF003EA30F0360019A076020FFD3030A8F6A82487663DC2276A9A20EBE1D
:2023C00000B6008D040118FF0100A98A9BC2010293C3C498CC991A7620FF0030A30F1D61E4
:2023E00020FF0032A30F196120FF0034A30F156120FF0036A30F116120FF0038A30F0D61F5
:2024000020FF003AA30F096120FF003CA30F056120FF003EA30F0360019A076020FFD3036B
:202420000A8F6A82487663DC2276A9A20FBE00B6008D040118FF0100A98A9BC2010293C321
:20244000C498CC991A76472B008F20A44AA847884A8320FF0030A30FA659C55A1D6120FF1C
:202460000032A30F196120FF0034A30F156120FF0036A30F116120FF0038A30F0D6120FF74
:20248000003AA30F096120FF003CA30F056120FF003EA30F0360019A076020FF73060A8FCE
:2024A0006A82487663DC20FF003020D9A30F4CB21D6120FF0032A30F196120FF0034A30F3B
:2024C000156120FF0036A30F116120FF0038A30F0D6120FF003AA30F096120FF003CA30F14
:2024E000056120FF003EA30F0360019A076020FFD3030A8F6A82487663DC2276A9A2408DDB
:2025000002014CC4008D040118FF0100A98A9BC293AA0102C498CC991A76470A4A06010932
:202520004A1E47921F5294698CFEBE82BE86BE8B0600BDB2BDAABDA20CFEA98220FF0030D6
:20254000A30F1D6120FF0032A30F196120FF0034A30F156120FF0036A30F116120FF003883
:20256000A30F0D6120FF003AA30F096120FF003CA30F056120FF003EA30F0360019A0760DF
:2025800020FFDF060A8F6A82487663DC2276A9A218FF0100A98AC418EFFF1A76A928581FE5
:2025A000449B421E00D4A9A2487695D0000201D4421EA9A2487695D0A928591F449B02D4F7
:2025C000421EA9A2487695D0000203D4421EA9A2487695D0000204D4421EA9A2487695D0DE
:2025E000000205D4421EA9A2487695D0000206D4421EA9A2487695D0000207D4421EA9A200
:20260000487695D0A9A200D448767ED101D4A9A248767ED102D4A9A248767ED103D4A9A2EE
:2026200048767ED104D4A9A248767ED105D4A9A248767ED106D4A9A248767ED107D4A9A2D4
:2026400048767ED120FF0030A30F1D6120FF0032A30F196120FF0034A30F156120FF0036A1
:20266000A30F116120FF0038A30F0D6120FF003AA30F096120FF003CA30F056120FF003E7A
:20268000A30F0360019A076020FF76050A8F6A82487663DC227612D0180200BE16D1931E1D
:2026A00014D01B02931E18D000029BC2931E1A7620FF0030A30F1D6120FF0032A30F1961E4
:2026C00020FF0034A30F156120FF0036A30F116120FF0038A30F0D6120FF003AA30F09611A
:2026E00020FF003CA30F056120FF003EA30F0360019A076020FF92050A8F6A82487663DCBB
:20270000227620D1008F777722D000029BA8931E1A7620FF0030A30F1D6120FF0032A30FB9
:20272000196120FF0034A30F156120FF0036A30F116120FF0038A30F0D6120FF003AA30FA9
:20274000096120FF003CA30F056120FF003EA30F0360019A076020FFB2050A8F6A8248760F
:2027600063DC22760CD0000200BE0AD1931E0ED0931E10D09BC2931E1A7620FF0030A30F4C
:202780001D6120FF0032A30F196120FF0034A30F156120FF0036A30F116120FF0038A30F41
:2027A0000D6120FF003AA30F096120FF003CA30F056120FF003EA30F0360019A076020FF30
:2027C000EB050A8F6A82487663DC227624D0000200BE26D1931E28D09BC2931E1A7620FFDE
:2027E0000030A30F1D6120FF0032A30F196120FF0034A30F156120FF0036A30F116120FFE9
:202800000038A30F0D6120FF003AA30F096120FF003CA30F056120FF003EA30F0360019A6B
:20282000076020FFCE050A8F6A82487663DC227600BE1CD11ED000029BC2931E1A7620FFCD
:202840000030A30F1D6120FF0032A30F196120FF0034A30F156120FF0036A30F116120FF88
:202860000038A30F0D6120FF003AA30F096120FF003CA30F056120FF003EA30F0360019A0B
:20288000076020FF0B060A8F6A82487663DC2276003108D000B600BE0002D3A993C3F3C281
:2028A000E31E1A7620FF0030A30F1D6120FF0032A30F196120FF0034A30F156120FF0036BB
:2028C000A30F116120FF0038A30F0D6120FF003AA30F096120FF003CA30F056120FF003E18
:2028E000A30F0360019A076020FF26060A8F6A82487663DC22762AD00002931E1A7600B669
:2029000000BE00D442C344C2461EA9A24876979F00B600BE000201D442C344C2461EA9A272
:202920004876979F00B600BE000202D442C344C2461EA9A24876979F20FF0030A30F1D612A
:2029400020FF0032A30F196120FF0034A30F156120FF0036A30F116120FF0038A30F0D618F
:2029600020FF003AA30F096120FF003CA30F056120FF003EA30F0360019A076020FF890350
:202980000A8F6A82487663DC22763ED00002931E1A7620FF0030A30F1D6120FF0032A30F4A
:2029A000196120FF0034A30F156120FF0036A30F116120FF0038A30F0D6120FF003AA30F27
:2029C000096120FF003CA30F056120FF003EA30F0360019A076020FF56060A8F6A824876E8
:2029E00063DC22763CD00002931E1A7620FF0030A30F1D6120FF0032A30F196120FF003462
:202A0000A30F156120FF0036A30F116120FF0038A30F0D6120FF003AA30F096120FF003CCE
:202A2000A30F056120FF003EA30F0360019A076020FF91060A8F6A82487663DC20FF003083
:202A4000A30F1D6120FF0032A30F196120FF0034A30F156120FF0036A30F116120FF00387E
:202A6000A30F0D6120FF003AA30F096120FF003CA30F056120FF003EA30F0360019A0760DA
:202A800020FFD3030A8F6A82487663DC2276A9A20CBE408D020100B6008D040118FF0100E2
:202AA000A98A9BC2010293C3C498CC991A7620FF0030A30F1D6120FF0032A30F196120FFC1
:202AC0000034A30F156120FF0036A30F116120FF0038A30F0D6120FF003AA30F096120FF16
:202AE000003CA30F056120FF003EA30F0360019A076020FFD3030A8F6A82487663DC2276FF
:202B0000A9A20DBE00B6008D040118FF0100A98A9BC2010293C3C498CC991A7620FF0030B6
:202B2000A30F1D6120FF0032A30F196120FF0034A30F156120FF0036A30F116120FF00389D
:202B4000A30F0D6120FF003AA30F096120FF003CA30F056120FF003EA30F0360019A0760F9
:202B600020FFD3030A8F6A82487663DC2276A9A20EBE00B6008D040118FF0100A98A9BC23F
:202B8000010293C3C498CC991A7620FF0030A30F1D6120FF0032A30F196120FF0034A30F8A
:202BA000156120FF0036A30F116120FF0038A30F0D6120FF003AA30F096120FF003CA30F2D
:202BC000056120FF003EA30F0360019A076020FFD3030A8F6A82487663DC2276A9A20FBEF4
:202BE00000B6008D040118FF0100A98A9BC2010293C3C498CC991A76472B008F40A44AA864
:202C000047884A8320FF0030A30FA659C55A1D6120FF0032A30F196120FF0034A30F156183
:202C200020FF0036A30F116120FF0038A30F0D6120FF003AA30F096120FF003CA30F0561BC
:202C400020FF003EA30F0360019A076020FF73060A8F6A82487663DC20FF003020D9A30FEC
:202C60004CB21D6120FF0032A30F196120FF0034A30F156120FF0036A30F116120FF003810
:202C8000A30F0D6120FF003AA30F096120FF003CA30F056120FF003EA30F0360019A0760B8
:202CA00020FFD3030A8F6A82487663DC2276A9A2408D02014CC4008D040118FF0100A98AFD
:202CC0009BC293AA0102C498CC991A76470A4A0601094A1E47921F5294698CFEBE82BE869E
:202CE000BE8B0600BDB2BDAABDA20CFEA98220FF0030A30F1D6120FF0032A30F196120FF00
:202D00000034A30F156120FF0036A30F116120FF0038A30F0D6120FF003AA30F096120FFD3
:202D2000003CA30F056120FF003EA30F0360019A076020FFDF060A8F6A82487663DC2276AD
:202D4000A9A218FF0100A98AC418EFFF1A76A928581F449B421E00D4A9A2487695D00002B8
:202D600001D4421EA9A2487695D0A928591F449B02D4421EA9A2487695D0000203D4421EAB
:202D8000A9A2487695D0000204D4421EA9A2487695D0000205D4421EA9A2487695D0000272
:202DA00006D4421EA9A2487695D0000207D4421EA9A2487695D0A9A200D448767ED101D4BF
:202DC000A9A248767ED102D4A9A248767ED103D4A9A248767ED104D4A9A248767ED105D435
:202DE000A9A248767ED106D4A9A248767ED107D4A9A248767ED120FF0030A30F1D6120FF78
:202E00000032A30F196120FF0034A30F156120FF0036A30F116120FF0038A30F0D6120FFCA
:202E2000003AA30F096120FF003CA30F056120FF003EA30F0360019A076020FF76050A8F22
:202E40006A82487663DC227612D0190200BE16D1931E14D01B02931E18D000029BC2931EF4
:202E60001A7620FF0030A30F1D6120FF0032A30F196120FF0034A30F156120FF0036A30F44
:202E8000116120FF0038A30F0D6120FF003AA30F096120FF003CA30F056120FF003EA30F52
:202EA0000360019A076020FF92050A8F6A82487663DC227620D1008F777722D000029BA838
:202EC000931E1A7620FF0030A30F1D6120FF0032A30F196120FF0034A30F156120FF0036E5
:202EE000A30F116120FF0038A30F0D6120FF003AA30F096120FF003CA30F056120FF003EF2
:202F0000A30F0360019A076020FFB2050A8F6A82487663DC22760CD0000200BE0AD1931E82
:202F20000ED0931E10D09BC2931E1A7620FF0030A30F1D6120FF0032A30F196120FF003435
:202F4000A30F156120FF0036A30F116120FF0038A30F0D6120FF003AA30F096120FF003C89
:202F6000A30F056120FF003EA30F0360019A076020FFEB050A8F6A82487663DC227624D0A8
:202F8000000200BE26D1931E28D09BC2931E1A7620FF0030A30F1D6120FF0032A30F196137
:202FA00020FF0034A30F156120FF0036A30F116120FF0038A30F0D6120FF003AA30F096131
:202FC00020FF003CA30F056120FF003EA30F0360019A076020FFCE050A8F6A82487663DC96
:202FE000227600BE1CD11ED000029BC2931E1A7620FF0030A30F1D6120FF0032A30F196104
:2030000020FF0034A30F156120FF0036A30F116120FF0038A30F0D6120FF003AA30F0961D0
:2030200020FF003CA30F056120FF003EA30F0360019A076020FF0B060A8F6A82487663DCF7
:203040002276003108D000B600BE0002D3A993C3F3C2E31E1A7620FF0030A30F1D6120FFA3
:203060000032A30F196120FF0034A30F156120FF0036A30F116120FF0038A30F0D6120FF68
:20308000003AA30F096120FF003CA30F056120FF003EA30F0360019A076020FF26060A8F0F
:2030A0006A82487663DC22762AD00002931E1A7600B600BE00D442C344C2461EA9A2487692
:2030C000979F00B600BE000201D442C344C2461EA9A24876979F00B600BE000202D442C370
:2030E00044C2461EA9A24876979F20FF0030A30F1D6120FF0032A30F196120FF0034A30F26
:20310000156120FF0036A30F116120FF0038A30F0D6120FF003AA30F096120FF003CA30FC7
:20312000056120FF003EA30F0360019A076020FF89030A8F6A82487663DC22763ED00002E0
:20314000931E1A7620FF0030A30F1D6120FF0032A30F196120FF0034A30F156120FF003662
:20316000A30F116120FF0038A30F0D6120FF003AA30F096120FF003CA30F056120FF003E6F
:20318000A30F0360019A076020FF56060A8F6A82487663DC22763CD00002931E1A7620FF15
:2031A0000030A30F1D6120FF0032A30F196120FF0034A30F156120FF0036A30F116120FF1F
:2031C0000038A30F0D6120FF003AA30F096120FF003CA30F056120FF003EA30F0360019AA2
:2031E000076020FF91060A8F6A82487663DC20FF0030A30F1D6120FF0032A30F196120FF15
:203200000034A30F156120FF0036A30F116120FF0038A30F0D6120FF003AA30F096120FFCE
:20322000003CA30F056120FF003EA30F0360019A076020FFD3030A8F6A82487663DC2276B7
:20324000A9A20CBE408D020100B6008D040118FF0100A98A9BC2010293C3C498CC991A76EF
:2032600020FF0030A30F1D6120FF0032A30F196120FF0034A30F156120FF0036A30F11615E
:2032800020FF0038A30F0D6120FF003AA30F096120FF003CA30F056120FF003EA30F03605D
:2032A000019A076020FFD3030A8F6A82487663DC2276A9A20DBE00B6008D040118FF010087
:2032C000A98A9BC2010293C3C498CC991A7620FF0030A30F1D6120FF0032A30F196120FF99
:2032E0000034A30F156120FF0036A30F116120FF0038A30F0D6120FF003AA30F096120FFEE
:20330000003CA30F056120FF003EA30F0360019A076020FFD3030A8F6A82487663DC2276D6
:20332000A9A20EBE00B6008D040118FF0100A98A9BC2010293C3C498CC991A7620FF00308D
:20334000A30F1D6120FF0032A30F196120FF0034A30F156120FF0036A30F116120FF003875
:20336000A30F0D6120FF003AA30F096120FF003CA30F056120FF003EA30F0360019A0760D1
:2033800020FFD3030A8F6A82487663DC2276A9A20FBE00B6008D040118FF0100A98A9BC216
:2033A000010293C3C498CC991A76472B008F60A44AA847884A8320FF0030A30FA659C55AB1
:2033C0001D6120FF0032A30F196120FF0034A30F156120FF0036A30F116120FF0038A30FF5
:2033E0000D6120FF003AA30F096120FF003CA30F056120FF003EA30F0360019A076020FFE4
:2034000073060A8F6A82487663DC20FF003020D9A30F4CB21D6120FF0032A30F196120FF9F
:203420000034A30F156120FF0036A30F116120FF0038A30F0D6120FF003AA30F096120FFAC
:20344000003CA30F056120FF003EA30F0360019A076020FFD3030A8F6A82487663DC227695
:20346000A9A2408D02014CC4008D040118FF0100A98A9BC293AA0102C498CC991A76470A05
:203480004A0601094A1E47921F5294698CFEBE82BE86BE8B060003E2BD0403E2BD0503E294
:2034A000BD0603E2BD071CFE1F765200AFE2000000E3022A04E304A11F76400202E3045063
:2034C0001F76480207921F7640021AE30603000A17E05600AFE2080112E05480015203E2A8
:2034E00052000A611F765200AFE21801AFE21A0002E31C69096F1F765200AFE21201AFE2D5
:20350000140002E316691F76400200E3101C02E3144F1BE312221F76520016E046941EE31B
:203520000C4103E244021F76400203E24200AFE20A071F764C0202E334561F7640021EE349
:20354000028D1F76520003E250010DE30E941F76400200921AE30C8B1F76520009E310103D
:20356000A0521F76400216E04889AFE20E0703E24E0100E31A131F7652001EE31E8E1F76A8
:203580004002AFE2180503E24C011F765200AFE220001F764002AFE216041F7652001BE30A
:2035A000268F10E324DE19E328D01F76400200E31C2C1DE31E271FE04A49356303E21E01F8
:2035C000AFE24406AFE2480703E21C0403E21602AFE24A01AFE24605AFE2420003E21206A6
:2035E00003E20207AFE25404AFE2560203E2180103E2100503E21A03AFE24C06AFE2500746
:2036000003E21400AFE2520103E2060403E20402AFE24E0503E20E0603E20A0703E2080132
:20362000EFFFE9011F764402AFE220050BE32C7700E7FD01007720E7AD010077007777E238
:203640002D00007700770077AFE2220050E82FB203E2260500E32E3500E76D01007720E7E3
:20366000AD010077007777E22D00007700770077007703E2280550E82EB2AFE21E050BE380
:203680002A4500E76D01007720E72D000077007777E22D00007700778CE638008CE6370006
:2036A00003E2240501E866DE1F76460213E2140750E82DB213E213000EE86E668CE62D005A
:2036C00002E8DF2813E212050AE8372B1F764A02AFE20C0050E805B21F7646028CE62D00B0
:2036E00001E860DE13E231050EE8686600E7B5001F7645020BE34AEE02E8DF2050E82A4883
:203700000CE87F940CE0022D01E866DE02E8D8200EE86E6600E77D010CE8789407E0589A70
:2037200001E867DE02E8D62050E82A480EE86F6606E05A120BE8064050E8134801E860DEC1
:2037400009E05CDB0EE8686607E00A92AFE2520750E814480EE004120077007777E2120027
:203760000077007702E8C7210AE867B005E008DD01E866DE50E81A480EE86E668CE61200A1
:20378000AFE2500001E04A9201E865DE1F76440277E2120001E867DE0EE86F6602E8C02155
:2037A0000AE860B004E00A13AFE24E0650E813480DE00CD20EE86D668CE61B0077E2120002
:2037C00002E8C62101E867DE0AE866B00EE86F6605E34C9003E050CB50E8134801E00E5281
:2037E00077E2090002E86E1E77E212000FE806008CE61B0002E8C0210AE860B004E04E13EA
:2038000001E860DE03E0108A50E813480EE868661F7645028CE61F0050E80A48AFE24603DC
:2038200006E00C09007701E865DE77E209000EE86D6602E8D61C0BE806401F76440203E3E9
:2038400044888CE6130050E80A4801E018490077007777E2090002E8D01C01E865DE0BE806
:2038600000400EE86D6602E3420800E728008CE6160003E21A0177E2000050E80A4802E8AC
:20388000D11C8CE615000BE8014000E70800AFE2580203E21C0050E801481F7646028CE6D5
:2038A0001000AFE25A0213E221008CE61000AFE25C0213E224008CE6100001E862DE13E2CB
:2038C00025000EE86A668CE62000AFE2560413E2220000E710010077007777E202000077B1
:2038E0001F76440202E8C4210AE864B000E7A00001E864DE03E206001F76460250E800481E
:203900000EE86C668CE60000AFE2540213E2030000E7A0000077007777E2020000778CE6D5
:20392000090002E8C4210AE864B000E7A0001F76440203E208001F764002C8E2000450E89D
:2039400000481F764602AFE248028CE6000013E2020713E2260313E20C0613E20D0513E2D6
:20396000040074E2100113E20E0197E593E51F764A0277E2000096E591E595E594E503E2E1
:203980000E0050E802B21F764002002B8CE610001F76460213E232001F76400292E503E272
:2039A000060703E2120703E2080303E2140303E20A0603E2160603E2040403E20E0103E254
:2039C000020203E2100403E2180503E21A0103E21C0203E21E04AFE24A07AFE25003AFE287
:2039E0004E061F76460213E2050713E2000313E201061F7640029CFE03E20C05AFE2BE07E4
:203A0000AFE2BE06AFE2BE05AFE2BE040600BDB2BDAABDA203E2BD0403E2BD0503E2BD067A
:203A200003E2BD070AFEA982CFE61E00CFE60C00CFE60500437C058F00E7447DAFE25C076D
:203A400003E24602A9A8A30F0B61058F40E7A9A8A30F0661058F80E7A9A8A30F0360019AA9
:203A600006600A8FE2814502487663DC94E6250014AD106274E2600174E239010077007799
:203A8000007710E7000010E74900007710E70B000C6F74E23801007700770077007710E722
:203AA0000000007790E8030001E819E1AFE2460090E81B400EE851B800E7080000770077AB
:203AC00074E2180001E81FE10EE857B800E7B901007700E74200007741E7293600778AE664
:203AE0001A00058F00E774E20901A9BF1A0F30FF20E7C000A9868AE609008AE60000A9A8E1
:203B000003E24801A30FA1BF120F0B61058F40E7A9A8A30F0661058F80E7A9A8A30F036052
:203B2000019A076020FF18020A8F0482487663DC2276A38A14DCC41A01001A76058F00E78F
:203B4000A9A8A30F0B61058F40E7A9A8A30F0661058F80E7A9A8A30F0360019A076020FF4F
:203B600035020A8F0482487663DC2276A38A14DCC41A02001A76058F00E7A9A8A30F0B61E3
:203B8000058F40E7A9A8A30F0661058F80E7A9A8A30F0360019A06600A8F0482F7024876C8
:203BA00063DC2276C3CCF0FF0550C3961A76058F00E7A9A8A30F0B61058F40E7A9A8A30FCA
:203BC0000661058F80E7A9A8A30F0360019A076020FF53010A8F0482487663DC2276C3CC65
:203BE0001FFF5050C3961A76058F00E7A9A8A30F0B61058F40E7A9A8A30F0661058F80E714
:203C0000A9A8A30F0360019A076020FF72010A8F0482487663DC2276C3CCFF0FA91A005046
:203C2000C3961A76058F00E7A9A8A30F0B61058F40E7A9A8A30F0661058F80E7A9A8A30F8E
:203C40000360019A076020FFCC020A8F0482487663DC227628D093CCE00F44CA28D0A91A4F
:203C600000A093961A76058F00E7A9A8A30F0B61058F40E7A9A8A30F0661058F80E7A9A890
:203C8000A30F0360019A076020FFA8020A8F0482487663DC227624D093CCE00F43CA24D04D
:203CA000A91A00A093961A76058F00E74AB2A9A8A30F0B61058F40E7A9A8A30F0661058F49
:203CC00080E7A9A8A30F0360019A076020FF2F030A8F0482487663DC0402A20F076920FF62
:203CE00030030A8F0482487663DC4A06076020FF31030A8F0482487663DC4806076020FF7B
:203D000032030A8F0482487663DC012920FFFFFFA20F076720FF33030A8F0482487663DC7B
:203D20004AC40F8FFFFFA9A8A60F076720FF34030A8F0482487663DC48C40F8FFFFFA9A8FA
:203D4000A60F076720FF35030A8F0482487663DC227608D14A920AD09B9693CCF0FFA988F6
:203D600010D10AD04A060F914892A6CB93970CD0937A12D09B9693CCF0FFA98812D0480678
:203D80000F91A6CB93971A76058F00E7A9A8A30F0B61058F40E7A9A8A30F0661058F80E74E
:203DA000A9A8A30F0360019A076020FF97010A8F0482487663DC2276C3CCFFF8A91A000ADD
:203DC000C3961A76058F00E7A9A8A30F0B61058F40E7A9A8A30F0661058F80E7A9A8A30FED
:203DE0000360019A076020FF15010A8F0482487663DC2276C3CC8FFFA050C3961A76058FEB
:203E000000E7A9A8A30F0B61058F40E7A9A8A30F0661058F80E7A9A8A30F0360019A0760C4
:203E200020FF34010A8F0482487663DC2276C3CCFF0FA91A00A0C3961A76058F00E7A9A8C5
:203E4000A30F0B61058F40E7A9A8A30F0661058F80E7A9A8A30F0360019A06600A8F04829E
:203E6000D902487663DC2276C3CCF8FF0A50C3961A76058F00E7A9A8A30F0B61058F40E764
:203E8000A9A8A30F0661058F80E7A9A8A30F0360019A076020FFFE010A8F0482487663DC1B
:203EA00014D093411B6D058F00E7A9A8A30F0B61058F40E7A9A8A30F0661058F80E7A9A867
:203EC000A30F0360019A076020FFE3010A8F0482487663DC14D09340CD6C058F00E7A9A8F0
:203EE000A30F0B61058F40E7A9A8A30F0661058F80E7A9A8A30F0360019A076020FFFE01FE
:203F00000A8F0482487663DC14D09341BC56A900BD56A9018AFEAFE2BE07AFE2BE06AFE291
:203F2000BE05AFE2BE04BE82BE86BE8B0600BDB2BDAABDA204FE52C4A98220FF003044C2CB
:203F400050C4A30F4E86A45942C21D6120FF0032A30F196120FF0034A30F156120FF0036FB
:203F6000A30F116120FF0038A30F0D6120FF003AA30F096120FF003CA30F056120FF003E61
:203F8000A30F0360019A06600A8F9E813302487663DC2276A192E1FF3E010152E1FFA00064
:203FA0000252E0FFDE0120FF0030A30F1D6120FF0032A30F196120FF0034A30F156120FF59
:203FC0000036A30F116120FF0038A30F0D6120FF003AA30F096120FF003CA30F056120FF09
:203FE000003EA30F0360019A076020FFD3030A8FC081487663DC2276A9A202BE408D02012D
:20400000008D040118FF0100A98A9BC293AA0102C498CC991A7620FF0030A30F1D6120FF37
:204020000032A30F196120FF0034A30F156120FF0036A30F116120FF0038A30F0D6120FF98
:20404000003AA30F096120FF003CA30F056120FF003EA30F0360019A076020FFD3030A8F95
:20406000C081487663DC227606BEA9A218FF01009BC242C4A98A008D0401010293C2C49867
:20408000CC991A7620FF0030A30F1D6120FF0032A30F196120FF0034A30F156120FF00365F
:2040A000A30F116120FF0038A30F0D6120FF003AA30F096120FF003CA30F056120FF003E20
:2040C000A30F0360019A076020FFD3030A8FC081487663DC22760ABEEFFF360120FF003029
:2040E000A30F1D6120FF0032A30F196120FF0034A30F156120FF0036A30F116120FF0038C8
:20410000A30F0D6120FF003AA30F096120FF003CA30F056120FF003EA30F0360019A076023
:2041200020FFD3030A8FC081487663DC2276A9A201BE408D0201008D040118FF0100A98A64
:204140009BC293AA0102C498CC991A7620FF0030A30F1D6120FF0032A30F196120FF003422
:20416000A30F156120FF0036A30F116120FF0038A30F0D6120FF003AA30F096120FF003C57
:20418000A30F056120FF003EA30F0360019A076020FFD3030A8FC081487663DC227605BE6C
:2041A000A9A218FF01009BC242C4A98A008D0401010293C2C498CC991A7620FF0030A30FCA
:2041C0001D6120FF0032A30F196120FF0034A30F156120FF0036A30F116120FF0038A30FE7
:2041E0000D6120FF003AA30F096120FF003CA30F056120FF003EA30F0360019A076020FFD6
:20420000D3030A8FC081487663DC227609BEEFFF9B0020FF0030A30F1D6120FF0032A30F87
:20422000196120FF0034A30F156120FF0036A30F116120FF0038A30F0D6120FF003AA30F8E
:20424000096120FF003CA30F056120FF003EA30F0360019A076020FFD3030A8FC081487680
:2042600063DC2276A9A200BE408D0201008D040118FF0100A98A9BC293AA0102C498CC9953
:204280001A7620FF0030A30F1D6120FF0032A30F196120FF0034A30F156120FF0036A30F10
:2042A000116120FF0038A30F0D6120FF003AA30F096120FF003CA30F056120FF003EA30F1E
:2042C0000360019A076020FFD3030A8FC081487663DC227604BEA9A218FF01009BC242C48D
:2042E000A98A008D0401010293C2C498CC991A7620FF0030A30F1D6120FF0032A30F196154
:2043000020FF0034A30F156120FF0036A30F116120FF0038A30F0D6120FF003AA30F0961BD
:2043200020FF003CA30F056120FF003EA30F0360019A076020FFD3030A8FC081487663DCCA
:20434000227608BE9BC2A9A244C418FF0100A98A008D0401010293C2C498CC991A761A7639
:2043600084FEBE82BE86BE8B0600BDB203E2BD0403E2BD0503E2BD0603E2BD070CFE1F763C
:20438000520001E898F8AFE20603AFE2080210E7D400AFE20A0110E764000EE8D06900E745
:2043A00000011F764A0203E21A0014E0444020E756004FE800C001E851F920E718000DE809
:2043C000595500E70D00AFE2080703E21605AFE20A001F764C020BE320E10AE308131F7691
:2043E0004A0200E75B00AFE62D0001E899F80EE8D16900E78E0100E77D010CE018061F7649
:204400004C0210E72D000DE30ACE03E24605AFE2220500E77501AFE246061DE3087EAFE229
:20442000060500E77501008F009320E77D01AFE20A0603E2E405AFE2040500E7750120E700
:204440005600007720E7F30014D01AE048DEAFE21C0503E2D403AFE2020307E3067318E32F
:204460000A0507E3205CAFE2080503E24A03AFE2040307E30A5D00E72C0122D120E70401FB
:20448000040627E31E1DAFE21C0403E2F403AFE2060307E3942300E7EB0016D020E7F30053
:2044A000AFE2140503E2940328D0AFE2160310E75B01941E32D0AFE2280503E24C03AFE2AA
:2044C0003C0307E3946B2AD01AE33ADDAFE2940600E7750114E31C4F1AE322DA30D003E2DE
:2044E000940334D0AFE23603AFE230051AE31EDEAFE2380503E2940310D0AFE2340307E3BC
:20450000945D0BE304AE0DE308F700E7BA000CD020E78A002BE34AAF2EE39496AFE21C0717
:2045200003E2C402AFE2000205E31EFA00E792010ED020E7BA00AFE20C0603E2940212D024
:204540000E06AFE20E020C1E03E2940528061CE3109620D0AFE212052A1E12061DE0946A38
:2045600024D0101E03E2940518D0AFE21E05AFE2940200E7AA001AD025E34C16AFE2180446
:2045800003E294022ED0AFE21A0215E09C2602E84A0608E8D27E1F764A0206E3949A2CD0D0
:2045A00003E2240016E01C91AFE2440303E2940203E2200326D0AFE24402AFE2480303E266
:2045C000260203E2220303E29404AFE2460303E21E0302E84B061F764C0216C51AC408E885
:2045E000D37E3006AFE22C05321E14C318C294E61D0014AD0C6502E84B06AFE22C0408E8BC
:20460000D37E20E7E300007703E22C032CD02ED194069C1EAFE22E05AFE22E03AFE22E043C
:20462000AFE22E060AD071E22D0008D117E32E271F764A0210E7F60178E22D0071E23B004F
:2046400071E2360071E2240079E2370003E2080578E2260079E21D0003E29C07AFE20E04B3
:2046600003E2940603E20A0512E8041114AD5A631F764402AFE2360312E8030514AD52631D
:20468000AFE2380312E8030514AD4C63AFE23A0312E8030514AD466320D093E596E503E2DA
:2046A000940395E594E597E51F764C0222D030D103E2940624D003E2940626D003E2C40588
:2046C00003E2D40403E2E40703E2F40503E2340503E22C0403E29C0703E22E0603E294031F
:2046E0000CD003E294030ED003E2940510D003E2940412D003E2940714D003E2940516D0FF
:2047000003E2940418D003E294071AD003E2940528D003E294042AD003E2940732D003E276
:2047200094061F76550003E21001AFE24407AFE24806AFE2460103E212018CFE03E21407EA
:2047400003E21606AFE2BE0703E21800AFE2BE06AFE2BE0503E21A02AFE2BE04BE8B0600B9
:2047600003E2BD0403E2BD0503E2BD0603E2BD0724FE1F764802049201520B601F76460269
:204780003E92075206601F765400BF560001046F1F765400002B1F7648020A9201520360D3
:2047A0004876FEC71F76480201E888C601E88DC601E88FC601E88CC6C8E23801C8E22003FB
:2047C000C8E239060DE8B8B80DE8BDB80DE8BFB80DE8BCB800E74200059200E7E80000E7D6
:2047E000B901C8E22107C8E2220501E88EC60DE8BEB80FE0420001E88FC6C8E223040DE87F
:20480000BFB80BE0448001E88EC6C8E224050DE8BEB809E046C001E88FC6C8E225040DE802
:20482000BFB80BE0488001E88EC6C8E226050DE8BEB81F76540009E04AC005961F7648027B
:2048400001E88FC60892C8E227040DE8BFB80BE04C8001E88EC6C8E228051F7654000DE896
:20486000BEB8039609E04EC01F76480201E88FC60192C8E229040DE8BFB80BE0508001E89B
:204880008EC6C8E22A051F7654000DE8BEB8019609E052C01F76480201E88FC60292C8E2AA
:2048A0002B040DE8BFB80BE0548001E88EC6C8E22C051F7654000DE8BEB809E056C002969B
:2048C0001F76480201E88FC60992C8E22D040DE8BFB80BE0588001E88EC6C8E22E051F7667
:2048E00054000DE8BEB809E05AC004961F76480201E88FC6C8E22F040DE8BFB80BE05C802F
:204900000692C8E2300501E88EC61F76450202C40DE8BEB81F76480209E05EC001E88FC6B2
:20492000C8E231040DE8BFB8C8E235030BE0608001E88EC6C8E232050DE8BEB809E062C0EB
:2049400001E88CC60BE064B8C8E233000DE8BCB800E7260001E88CC6C8E234000DE8BCB840
:2049600000E7250001E888C60DE8B8B800E7C40001E888C6C8E236030DE8B8B81F7654007C
:2049800006E3420303E20603AFE2440303E20803AFE2460303E20A03AFE2480303E20C0397
:2049A000AFE24A0303E20E03AFE24C0303E21003AFE24E0303E21203AFE2500303E214038F
:2049C000AFE2520303E21603AFE2540303E21803AFE2560303E21A03AFE2580303E21C032F
:2049E000AFE25A0303E21E03AFE25C0303E22003AFE25E0303E22203AFE2600303E22403CF
:204A0000AFE2620303E22603AFE2640303E228031F764802C8E237031F76540003E22A07C8
:204A20001F764802C8E217071F76540003E22C061F764802C8E218061F76540003E22E0527
:204A40001F764802C8E219051F76540003E2300401E864EE0EE86C6603E2320001E888C65C
:204A60000DE8B8B800E7C00001E863EE0EE86B6603E2340001E860EE0EE868660FE03622CE
:204A80000CE038D91F7655000AE01C0403E21E0303E220001F7654003AC243601F764802B3
:204AA00001E860EE01E862EE01E866EEC8E21301C8E20E05C8E210030EE86866C8E211048E
:204AC0000EE86A660EE86E6600E7470000E7520101E865EE00E7F000C8E20F030EE86D6646
:204AE0001F76550003E202001F764802C8E20D001F76540001E03C7701E865EE01E867EE58
:204B000003E23E060EE86D660EE86F661F76550000E7390107E0004203E2060103E20400CF
:204B20001F765200AFE23600A4FE51E8801E1F764602AFE2BE07AFE2BE068CE60000AFE2C3
:204B4000BE0513E23300AFE2BE040600BDB2BDAABDA208FE52C4A98E54A3A6060F61418FA6
:204B60000000A9A0A60F0861438F0000A9A0A60FB056A701046000B6026F02B600BEA49219
:204B8000B156A601A93A0B612FFF0020A00F0460858D40E7066F858D80E7036F858D00E725
:204BA000A9A9AC2817002256009B1F90AC281200A9BD120FA9A92256009B1F90A9BD160FEA
:204BC0008BE60000A9A9009BFF90A9BD1E0F8BE609008FE800E08FE80AE0007700E71000B5
:204BE0008BE619000077007774E20A0000770077007774E20B0011E802FC14AD1E6374E288
:204C00004000007700770077007710E70000007790E80148007750E808B2007720E7420020
:204C20008AE609008AE612000077A9BF160FA4BF1A0F30FFA982066F02E8B024008FA40425
:204C400018D3458F00E700E71800A9A08AE60000A20F03E244000C61458F40E7A9A0A20FBA
:204C6000046122760402066F22760202036F22760102458F4CD3C598CD991A762276A28310
:204C800014DDC51A0100A28328D014DDC51A0200C2CCF0FF0550C296C2CC1FFF5050C29686
:204CA000C2CCFF0FA91A0050C29692CCE00FA7CA28D0A91A00A0929624D092CCE00FA6CAFB
:204CC00024D0A91A00A092961A7644C4040246A848C2A30F076920FF30030A8FF480487680
:204CE00063DC4606076020FF31030A8FF480487663DC4806076020FF32030A8FF480487691
:204D000063DC012920FFFFFFA30F076720FF33030A8FF480487663DC46C40F8FFFFFA9A897
:204D2000A60F076720FF34030A8FF480487663DC48C40F8FFFFFA9A8A60F076720FF35037D
:204D40000A8FF480487663DC227608D146920AD09A9692CCF0FFA98810D10AD046060F91D1
:204D60004892A6CB92970CD0927B12D09A9692CCF0FFA98812D048060F91A6CB9297C2CC4E
:204D8000FFF8A91A000AC296C2CCF8FF0A50C2961A7614D0448A929203903960A9A8376145
:204DA00014D092920390336081DCA9A8306114D0929203902C6081DCA9A8296114D092921F
:204DC0000390256081DCA9A8226114D0929203901E6081DCA9A81B6114D092920390176035
:204DE00081DCA9A8146114D092920390106081DCA9A80D6114D092920390096081DCA9A8B7
:204E0000066114D0929281DC0390C96114D0009A929303910253B156A90188FEBE82BE86C2
:204E2000BE8B0600009A487633DAA9280002487633DAA9280003487633DAA92800044876EE
:204E400033DAA9280005487633DAA928000D487633DAA928000E487633DAA92800104876B2
:204E600033DAA9280012487633DAA9280018487633DA019A487633DAA9280101487633DABF
:204E8000029A487633DAA9280201487633DAA9280202487633DAA9280203487633DAA928FA
:204EA0000204487633DAA9280205487633DAA9280206487633DAA9280207487633DAA92864
:204EC0000208487633DAA9280209487633DAA928020A487633DAA928020B487633DAA92834
:204EE000020C487633DAA928020D487633DAA928020E487633DAA928020F487633DA039A38
:204F0000487633DAA9280301487633DAA9280302487633DAA9280303487633DAA92803040B
:204F2000487633DAA9280305487633DAA9280306487633DA049A487633DAA9280401487660
:204F400033DAA9280402487633DA069A487633DAA9280601487633DA079A487633DAA92857
:204F60000701487633DAA9280702487633DAA9280703487633DA089A487633DAA9280801CC
:204F8000487633DAA9280802487633DAA9280803487633DA099A487633DAA92809014876F2
:204FA00033DA0A9A487633DAA9280A01487633DA0B9A487633DAA9280B01487633DAA928E5
:204FC0000B10487633DA0D9A487633DAA9280D01487633DAA9280D02487633DAA9280D0343
:204FE000487633DA0E9A487633DAA9280E01487633DAA9280E02487633DAA9280E0348767C
:2050000033DAA9280E04487633DAA9280E05487633DAA9280E06487633DAA9280E074876D2
:2050200033DAA9281010487633DAA9281011487633DAA9281012487633DA119A487633DAB6
:20504000A9281101487633DAA9281102487633DAA9281103487633DAA9281104487633DA92
:20506000A9281105487633DAA9281106487633DAA9281107487633DA129A487633DAA928CF
:205080001201487633DAA9281210487633DAA9281211487633DAA9281212487633DAA92824
:2050A0001213487633DAA9281214487633DAA9281215487633DAA9281216487633DAA928E6
:2050C0001217487633DA149A487633DA159A487633DAA9281501487633DAA9281502487691
:2050E00033DA179A487633DAA9280A04487633DA060090E51F76400203E2BD0403E204009C
:2051000003E2060003E2080003E20A0003E20C0003E20E0003E2020003E2160003E2180005
:2051200003E21A0003E21C0003E21E0003E2BD051F76440203E2BD0603E2000003E2020076
:2051400003E2040003E2060003E2080003E20A0003E2120003E2140003E216001F764502D8
:20516000000203E20C001F76440203E2BD0703E20C0003E20E0003E2100003E21E0003E2F7
:20518000200003E2220003E2240003E2260003E2280003E22A0003E22C0003E22E001F76FF
:2051A000450203E202001F76430203E2080003E20A0003E20C0003E20E0003E2120094E5B7
:2051C00093E592E591E595E596E503E2140097E503E2160003E218001A2B03E21C0003E2DD
:2051E0001E0003E2200003E2240003E2260003E2280003E22A002C2B2D2B2E1E301E321EC3
:20520000B10203E2340003E2360003E23A0003E2220003E210003C2B03E23E0002E8D02F19
:2052200003E2040001E860EA0EE8686603E2060001E818CC08E87893321E9102301E0002A8
:2052400003E23E0090E51F76410203E2080003E20A0003E20C0003E20E0003E2120003E242
:20526000140003E2160003E218001A2B03E21C0003E21E0003E2200003E2240003E22600C0
:2052800003E2280003E22A002C2B2D2B2E1E301E321EB10203E2340003E2360003E23A0053
:2052A00003E2220003E210003C2B03E23E0002E8D02F03E2040001E860EA0EE8686603E2BA
:2052C000060001E818CC08E87893321E9102301E000203E23E0090E51F76420203E208006F
:2052E00003E20A0003E20C0003E20E0003E2120003E2140003E2160003E218001A2B03E2C9
:205300001C0003E21E0003E2200003E2240003E2260003E2280003E22A002C2B2D2B2E1E3E
:20532000301E321EB10203E2340003E2360003E23A0003E2220003E210003C2B03E23E0043
:2053400002E8D02F03E2040001E860EA0EE8686603E2060001E818CC08E87893321E9102EE
:205360001F764002002B1F76450203E2080703E20A0603E204051F76440203E2300403E29F
:20538000320303E234021F76450203E206011F764202AFE2BE07AFE2BE06AFE2BE05AFE28C
:2053A000BE04301E03E23E000600BDB2BDAABDA206FEA9860090A81800C0A98200D1009AA6
:2053C000A8280080A30F0D61A8280040A30F0961A9A2076120FF4C010A8FD080487663DC2C
:2053E000058F2ED2C440BD56A900EDFF04012276058F0ED2C418FDFF1A7617024076D1C094
:20540000058F08D2C4CC0300A988058F32D2C4CC0200A980A9AAA80E5AFFAB920390A92705
:20542000A792A6CAA988AA2BA9A9A60F12612276058F0ED2C418FEFF1A760C024076D1C079
:20544000A9AA00900391487659D00B024076D1C02276058F22D2C4CCC0FFC4961A76A82871
:205460000080009AA30F1061A8280040A30F0C61A9A2E0FF8E002276058F0ED2C418FEFF23
:205480001A76EFFF8B00A9AA46AA00907C91012935FF5AFF058F14D24692FF904696452B3F
:2054A0004606ABCAAACB461EA9AA46FF5AFFAB180000AA181F004606ABCAAACB461EC40659
:2054C000009BFF90C4A3468BAB180000AA18001FABCAAACBC4A3AB180000AA181F00ABCA5C
:2054E000AACB058F0ED2A61EC4CC0100A980A9B2A60F0460A792015250612276C418FEFF23
:205500001A760C024076D1C022760129458F14D2A9AAABAA058F0ED2C5B247FFAB1800008E
:20552000AA180300A918007C0091458F16D2C41A01001AFF0100A61EC5CC01000152196100
:20554000058F16D2A6061561C440136D81DEA6061061C4400E6D81DEA6060B61C440096D3D
:2055600081DEA6060661C4CC010081DE0152EB601A76A9AA42A9FF90A818FC0F01D4441ECC
:20558000A9AA0090A81800304876A6A5A959A1920152046125762E6F01D1A292C7FF3F906F
:2055A000A95A22763F520660058F22D2C4923F50086F058F22D2019AC4CDC0FFA294A8CA5A
:2055C000C4961A76A8280080009AA30F07602276058F0ED2C41A02001A7628024076D1C0F1
:2055E0002276058F22D2C4CCC0FFA2CAC4961A76A19286FE69FFBE82BE86BE8B0600BDB285
:2056000002FE1F7649022041ECFF20011F7648020792E0FF1B011F7646023F9205611F7621
:20562000480200920E601F76540000921F769202392B3A2B1F764602B1563E01E1FFD700D9
:205640001F7646023E920452106204524F610052E1FFDB000152E1FFCA000252E1FFA200EF
:2056600003526961EFFFEF0005522B61065206610752E1FFE100EFFFE6001F769202390A32
:20568000391BE8031F764602BF563901E5FFDE001F76480201921F7692020152392B0B6020
:2056A0001F76540002921F7646020252B1563E03E1FFCC001F764602BF563E07EFFFC6005D
:2056C0001F769202390A1F764602BF563801392B1F7692023A2B391BB80BE5FFB7001F76FA
:2056E0004602BF563E06EFFFAE001F769202390A391BE8031F764602BF563601BF5637014C
:20570000E5FFA4001F76480201921F7692020152392B0B601F76540002921F764602025296
:20572000B1563E07E1FF92001F764602BF563E05EFFF8C001F764502AFE20800AFE20A01EB
:20574000AFE2020236D1408F809137D01F76920210E74000390ABF569D0120E71000952B99
:2057600095E6000012E8000714AD1064391BA8613A2B6B653ED0A58A1F764802BF5695011F
:20578000002B46DCC41A20005D6F3A0A3A1BDC05392B5B653A2B1F764602BF563E04556FF7
:2057A0001F769202390A39921F764602362B382B372B392B02521F7692023A2B46651F7629
:2057C000480201921F7692020152392B0A601F76540002921F7646020252B1563E05356114
:2057E0001F764602BF563E03306F1F76480200921F7646020152362B372B392BB0563E01CA
:20580000B1563E021E6F1F76490217921F764602362B382B372B392B0C601F769202390AEC
:20582000391BD00712651F764602BF563E010A6F3E2B086FBF563601BF563701BF56390154
:20584000382B1F769202392B82FEBE8B060003E2BD0403E2BD0504FE01021F7692020156B7
:205860002E00A6BF04521F764902A7BF00521F92E1FF0401A706A603A71E20FFE803A70F36
:20588000E8FFF600A6F56340A692E1FFF10001290356A601A98AA92800C2A828EB0BAC1E64
:2058A0004256A700A5A90556A700A5BD160F00B6A92800C2A828EB0BABBD120FA7BD1E0FA9
:2058C000A9BD260F0077007792E594E565E565E565E565E565E565E565E565E565E565E56B
:2058E00065E565E565E565E565E565E565E565E565E565E565E565E565E565E565E565E508
:2059000065E565E565E565E565E565E50077A9BF120FA9BD160FA4BD1E0FA7BD220FA4BDBC
:20592000120F00770077007792E564E564E564E564E564E564E564E564E5CFE62100CFE697
:205940000300CFE6150068E564E564E564E564E564E564E564E564E56AE5A7BF260FA9BF93
:205960001A0FA707A9BD160FA4BD1E0FABF5044092E5A9F50540A4C564E564E564E564E56C
:2059800064E564E564E564E5A940A5BF1A0F046DA706AB01026FAB0EA9BD160FA7BD1E0F5D
:2059A00000770077007792E564E564E564E564E564E564E564E564E50077A0BF1A0FA70617
:2059C00040FFAB3A5D56A500AB0F076454FFAB0F06655756A700036F5D56A7001F76920265
:2059E000A9A930A931FFAB07321E2C92015214600A02AB0F116400020A19AB0F0D6200023A
:205A00000119340F04690102015634000302340FB9562C01376F2C92015223601402AB0FA0
:205A20000564000214196156AB00AB3A4156AB00ABBD160FA4BD1E0F00770077007700774E
:205A400068E564E564E564E564E564E564E564E564E56AE50077A9BF1A0F0463A407026FD7
:205A6000A9A0A68842C24876A6C70A6F01021F76920201563600066F1F7692022C2B000257
:205A8000341E84FEAFE2BE05AFE2BE04060003E2BD0403E2BD0504FE01021F7692020156B3
:205AA0002200A6BF0452A9BF0052A603A98320FFE803A50FE8FFF700A6F56340A692E1FF88
:205AC000F20001290356A601A71EA92800C2A828EB0BAC1E4256A500A4A9A4BD160F055657
:205AE000A50000D4A92800C2A828EB0BABBD120FA4BD1E0FA9BD260F0077007792E594E544
:205B000065E565E565E565E565E565E565E565E565E565E565E565E565E565E565E565E5E5
:205B200065E565E565E565E565E565E565E565E565E565E565E565E565E565E565E565E5C5
:205B40000031A9BF120FA9BD160FA7BD1E0FABBD220FA7BD120F00770077007792E564E52C
:205B600064E564E564E564E564E564E564E5CFE62100CFE60300CFE6150068E564E564E5EF
:205B800064E564E564E564E564E564E56AE5ABBF260FA9BF1A0FAB07A9BD160FA7BD1E0F02
:205BA000A4F5044092E5A9F50540A7A364E564E564E564E564E564E564E564E5A940A5BFCF
:205BC0001A0F046DA9A9A401026FA40EA9BD160FABBD1E0F00770077007792E564E564E583
:205BE00064E564E564E564E564E564E50077A0BF1A0FA70640FFA78AAB3A5D56A500AB0FDC
:205C0000076454FFAB0F06655756A400036F5D56A400A9A924A931FFAB07261E209201523D
:205C200014600A02AB0F116400020A19AB0F0D6200020119280F0469010201562800030220
:205C4000280FB9562001316F2092015223601402AB0F0564000214196156AB00AB3A41566F
:205C6000AB00ABBD160FA7BD1E0F007700770077007768E564E564E564E564E564E564E57C
:205C800064E564E56AE50077A9BF1A0F0463A707026FA9A0A68842C248764EC70002281EFF
:205CA000046F010201562A0084FEAFE2BE05AFE2BE040600BDB203E2BD0403E2BD0503E21D
:205CC000BD0603E2BD0708FE1F764A02AFE21200AFE2100100E70900AFE2140010E7400060
:205CE000007703E21400AFE2140011E800FC14AD0865AFE21400AFE800E0007703E21400E0
:205D00001F764B02008FC09202E84F02AFE2120002E8350402E83300AFE2D4011F764A025B
:205D200008E8DF7E00E3144608E895540DE048C008E8935450E8040008D020E7610120E7B0
:205D4000E00071E2270071E2090071E2000078E2090078E2020078E23E0001E89FF80EE86D
:205D6000D76920E7530010E78D0000E7FB004FE828C010E7970120E7340001E856F90DE80D
:205D80005E5510E7CA0109E306AF01E89EF8CFE62C000EE8D66900E77801AFE6240005E05A
:205DA000288D03E2440003E2300107E304F21F764B0202E8490603E2460608E314A006E33B
:205DC00046B51BE3F42208E8D17E01E0C43CC4C410E7BD00AFE2480011E30A6A02C203E26E
:205DE000E4050406AFE2040532E8451A061E03E20405AFE2040715E310E802E84A0603E2E0
:205E0000940508E8D27E0ED0AFE208051F764A020AE02A3B03E22E040EE394B80CD01F7638
:205E20004B0210E73D00AFE2440203E2940515E30C821F764A0203E22C0094E60A0014ADCF
:205E40000E651F764B0202E84806AFE20C0108E8D07E20E70800007703E20C000CD00ED1A7
:205E60001F764B0294069C1EAFE20E01AFE20E00080671E2090071E200001F764A0288FE89
:205E800078E2090079E20000AFE2BE070C1E03E2040103E20600AFE2BE06AFE2BE05AFE2B5
:205EA000BE04BE8B0600BDB2BDAABDA208FEA9860090A81800C0A98B452B009AA8280080C9
:205EC000A10F0D61A8280040A10F0961A9B2076120FF6E020A8FD080487663DC2276058F16
:205EE00018D21702C418FDFF4076D1C01A76058F0AD2C4CC0300A988058F32D2C4CC020092
:205F0000A980A9AAA80E5AFFAB920390A927A792A6CAA988AA2BA9A9A60F12612276058F01
:205F200018D2C418FEFF1A760C024076D1C0A9AA009003914876FFCB0B024076D1C0009ACC
:205F4000A8280080A10F0E61A8280040A10F0A61A9B2E0FF8F002276058F18D2C418FEFFEF
:205F6000466FA9AA48AA00907C91012935FF5AFF058F1ED24892FF904896472B4806ABCAD3
:205F8000AACB481EA9AA46FF5AFFAB180000AA181F004806ABCAAACB481EC406009BFF90FF
:205FA000C4A34882AB180000AA18001FABCAAACBC4A3AB180000AA181F00ABCAAACB058F99
:205FC00018D2A61EC4CC0100A980A9A2A60F1160A79201520E60009AA8280080A10F4960AB
:205FE0002276C41A020003024076D1C01A76416F2276C418FEFF0C024076D1C0458F1ED213
:20600000058F18D2C5A2C41A01001A76A9AA058F20D200900391C440FF6C421EABAAA9AAB8
:20602000AB18FF00AA18FC0F00D40090A818003044A94876A6A5005203602576036F452858
:206040000100009AA8280080A10F0B602276058F18D2030269FFC41A02004076D1C01A7600
:20606000459207602276058F1ED2C42B1A7625762276A292058F24D2C7FF3F90C4961A76D7
:2060800088FE69FFBE82BE86BE8B060002FE068F0100A9A8487664D40002421E48768CCAEC
:2060A00000D40002487694D4068F0102A9A8487664D40002421E010248768CCA00D40102B5
:2060C000487694D4068F0104A9A8487664D40002421E020248768CCA00D40202487694D441
:2060E000068F0106A9A8487664D40002421E030248768CCA00D40302487694D4068F0108A5
:20610000A9A8487664D40002421E040248768CCA00D40402487694D4068F010AA9A848760D
:2061200064D40002421E050248768CCA00D40502487694D4A928010EA8280801487664D4FA
:206140000002421E970248768CCA00D49702487694D4A9280110A8280801487664D40002EA
:20616000421E980248768CCA00D49802487694D4068F0110A9A8487664D40002421E080224
:2061800048768CCA00D40802487694D4068F0112A9A8487664D40002421E090248768CCA77
:2061A00000D40902487694D4068F0114A9A8487664D40002421E0A0248768CCA00D40A0287
:2061C000487694D4068F0116A9A8487664D40002421E0B0248768CCA00D40B02487694D41C
:2061E000068F0118A9A8487664D40002421E0C0248768CCA00D40C02487694D4068F011A6E
:20620000A9A8487664D40002421E0D0248768CCA00D40D02487694D4068F011CA9A84876E8
:2062200064D40002421E0E0248768CCA00D40E02487694D482FE060002FE48763DBE030252
:206240004876BFDA48769BD8487646B04876EBC0487658CD4876A2CE4876CAD7487634C275
:20626000A9280B1E469B487664D42F0201D44876A7D50002421E2F0248768CCA03D42F025E
:20628000487694D44876CDBC487663D92276058F26D7C41A0100058F2ED7C41A08001A7680
:2062A00020FF1E4E4076D1C0078F0002C4C41F764702A606017E0097487661CE4876BAD80F
:2062C00048768ACC4876CFCC4876D5B14876E2CE4876A9DB4876B5DB2276058F22D3C40624
:2062E000A818FBFFC41E1A7648768FDB487664DA2276058F22D3C4060451C41E1A764876DE
:206300004CDA48767ED94876E5DB20FF00384876E78A20FF003A4876C08E20FF003C4876C0
:20632000999220FF003E487672962276A9F500390250A9F40039A9F5003B0250A9F4003B75
:20634000A9F5003D0250A9F4003DA9F5003F0250A9F4003F1A76009A4876A9DA4876A2D789
:206360004876D3D52276A9F52270A918FCFFA9F422701A761029202969FF487679A8227613
:20638000559BAA9AA8F42570A9F42570A9F529702F50A9F42970A9F52970A9CCBFFF285098
:2063A000A9F429701A7682FE060002FEA9280012A8280801487664D40002421E9902487624
:2063C0008CCA01D499024876A7D5088F000EA9A8487664D40002421E170248768CCA01D46D
:2063E00017024876A7D5088F000CA9A8487664D40002421E160248768CCA01D41602487627
:20640000A7D5088F000AA9A8487664D40002421E150248768CCA01D415024876A7D5088FCE
:206420000008A9A8487664D40002421E140248768CCA01D414024876A7D5088F0006A9A86E
:20644000487664D40002421E130248768CCA01D413024876A7D5088F0004A9A8487664D4B5
:206460000002421E120248768CCA01D412024876A7D5088F0002A9A8487664D40002421E2D
:20648000110248768CCA01D411024876A7D5088F0000A9A8487664D40002421E10024876A3
:2064A0008CCA01D410024876A7D52FFF0004A9BD227F608F0000108F0000C8760000009AC6
:2064C000809B84760000A9BD027F409BA9BD027FA5BD027FA4BD027F2FFF0004428F000036
:2064E000018F0000A7BD027FA6BD027F82FEA5BD047FA4BD047FA9BD247F06001F769302C1
:20650000260620BE1F764902220F485622082203A60F0B671F76930226061F7649022018DE
:20652000FDFF240F0D680D6F1F76930226C426061F764902201A0200240F22C20267241E1D
:20654000A0BE2403A60F0B671F76930226061F7649022018FBFF260F0D680D6F1F769302D7
:2065600026C426061F764902201A0400260F24C20267261E2603008F4001A40F0B671F766C
:20658000930226061F7649022018F7FF280F0D680D6F1F76930226C426061F764902201AAA
:2065A0000800280F26C20267281E2803008F4006A40F0B671F76930226061F764902201872
:2065C000EFFF2A0F0D680D6F1F76930226C426061F764902201A10002A0F28C202672A1E65
:2065E0002A03008F800CA40F076705022018DFFF2C0F1266176F1F76930226C401021F7630
:206600004902201A20002AC201562C0001562E0005022C0F07690A022018BFFF2E0F096681
:206620000B6F00BE0A02201A40002E0F2CC2046920187FFF06000002201A80002E1E06003A
:20664000A9BF123D0550A9BD123D2276A9F5503C0250A9F4503C1A7600D420FF003C4876BF
:2066600010D9A9BF143DA91880FF205001D4A9BD143DA9F5083DA918FEFFA9F4083DA9F51B
:20668000073D0150A9F4073DA9F5063DA918FCFFA9F4063DA9BF063DA818FFFEA9BD063DF6
:2066A00020FF003C487610D9A9BF143DA9187FC0A91A001102D4A9BD143DA9F5083DA9181A
:2066C000FDFFA9F4083DA9F5073D0250A9F4073DA9F5063DA918F3FFA9F4063DA9BF063DA8
:2066E000A818FFFDA9BD063D20FF003C487610D9A9BF143DA918FF3FA818E0FF03D4A9BD9F
:20670000143DA9F5083D0450A9F4083DA9F5063DA918CFFFA9F4063DA9BF063DA818FFFB5A
:20672000A9BD063D20FF003C487610D9A9BF143DA8181FF000BEA81A4006A9BD143DA9F50B
:20674000083DA918F7FFA9F4083DA9F5073D0850A9F4073DA9F5063DA9183FFFA9F4063D80
:20676000A9BF063DA818FFF7A9BD063DA6BD103D2276A9F5003DA918FDFFA9F4003D1A76C5
:206780000600A9BF123F0550A9BD123F2276A9F5503E0250A9F4503E1A7600D420FF003E2C
:2067A000487610D9A9BF143FA91880FF305001D4A9BD143FA9F5083FA918FEFFA9F4083FA2
:2067C000A9F5073F0150A9F4073FA9F5063FA918FCFFA9F4063FA9BF063FA818FFFEA9BD50
:2067E000063F20FF003E487610D9A9BF143FA9187FC0A91A001902D4A9BD143FA9F5083F45
:20680000A918FDFFA9F4083FA9F5073F0250A9F4073FA9F5063FA918F3FFA9F4063FA9BFDE
:20682000063FA818FFFDA9BD063F20FF003E487610D9A9BF143FA918FF3FA818E0FF03D478
:20684000A9BD143FA9F5083F0450A9F4083FA9F5063FA918CFFFA9F4063FA9BF063FA818A1
:20686000FFFBA9BD063F20FF003E487610D9A9BF143FA8181FF000BEA81A0004A9BD143FA8
:20688000A9F5083FA918F7FFA9F4083FA9F5073F0850A9F4073FA9F5063FA9183FFFA9F4DA
:2068A000063FA9BF063FA818FFF7A9BD063FA6BD103F2276A9F5003FA918FDFFA9F4003FC5
:2068C0001A76060003E2BD040CD090E5408FC09203E2BD051F764B0201E804DA05E8F3FBDF
:2068E00001E81AC003E2BD0602E8311D008F009306E8351D02E8361D03E295000ED003E219
:20690000080003E295000CD003E2C50003E2D50003E2E50003E2F5000BE8CC9F0BE8C3F805
:206920000EE835B208E87A930FE8613A0FE8663A03E294000ED003E2940010D003E294002B
:2069400012D003E2940014D003E2940016D003E2940018D003E294001AD003E2940028D064
:2069600003E294002AD003E2940030D003E2940032D003E294002CD003E2940002E8401286
:2069800003E20A002ED01F764C0290E503E2000003E2020003E2040003E2060003E220000D
:2069A00003E2220003E2240003E2260003E2340002E8401203E2360001E818C01F764B02A9
:2069C00008E8789303E2100003E2140603E2120506E8301D1F764C020EE830B203E21C04D1
:2069E00003E23A0003E21E0303E2380203E23C0190E503E29400AFE2BE06AFE2BE05AFE209
:206A0000BE0406001F769202389219610152106102520361382B196F4876FBC8049A4B9BD5
:206A200048760AC31F769202BF5638030E6F487600801F769202BF563802076F48764B9A06
:206A40001F769202BF56380148765AAE4876B5A11F764C0202E87820AFE22E011F764B02DE
:206A60000AE80080AFE20E021F76920220E75100389200E740001F7646028CE600000352ED
:206A800013E235003A601F7648020B9236611F765200068302E8D82002E82B1308D0008F3E
:206AA0004E9108A30AC512C40CE878940AE86B661406941ED4A9C4A00AD0E4C3F4C21606E4
:206AC000941EAFE222010ED02A06941E1F764B020CD002E30E011F76520003E2940012D09C
:206AE00000E758002C0603E2940010D0941EA92801300A9B48760AC31F764A02048A06A3D0
:206B000008C50AC41F7646023E921F765500075208A80AA90CC30EC210601F7654000092FD
:206B200001520B601F764A020092C852046448764FDC0600000A06001F764A02002B4876D9
:206B400049DC0600A9BF12390550A9BD12392276A9F550380250A9F450381A7600D420FF99
:206B60000038487610D9A9BF1439A91880FF01D4A9BD1439A9F50839A918FEFFA9F408393E
:206B8000A9F507390150A9F40739A9F50639A918FCFFA9F40639A9BF0639A818FFFEA9BDAA
:206BA000063920FF0038487610D9A9BF1439A9187FC0A91A000102D4A9BD1439A9F50839B7
:206BC000A918FDFFA9F40839A9F507390250A9F40739A9F50639A918F3FFA9F40639A9BF39
:206BE0000639A818FFFDA9BD063920FF0038487610D9A9BF1439A918FF3FA818E0FF03D4CD
:206C0000A9BD1439A9F508390450A9F40839A9F50639A918CFFFA9F40639A9BF0639A81801
:206C2000FFFBA9BD063920FF0038487610D9A9BF1439A8181FF000BEA81A4002A9BD1439BE
:206C4000A9F50839A918F7FFA9F40839A9F507390850A9F40739A9F50639A9183FFFA9F434
:206C60000639A9BF0639A818FFF7A9BD0639A6BD10392276A9F50039A918FDFFA9F4003925
:206C80001A760600A9BF123B0550A9BD123B2276A9F5503A0250A9F4503A1A7600D420FFE5
:206CA000003A487610D9A9BF143BA91880FF105001D4A9BD143BA9F5083BA918FEFFA9F4D6
:206CC000083BA9F5073B0150A9F4073BA9F5063BA918FCFFA9F4063BA9BF063BA818FFFE82
:206CE000A9BD063B20FF003A487610D9A9BF143BA9187FC0A91A000902D4A9BD143BA9F541
:206D0000083BA918FDFFA9F4083BA9F5073B0250A9F4073BA9F5063BA918F3FFA9F4063B12
:206D2000A9BF063BA818FFFDA9BD063B20FF003A487610D9A9BF143BA918FF3FA818E0FFF2
:206D400003D4A9BD143BA9F5083B0450A9F4083BA9F5063BA918CFFFA9F4063BA9BF063B9D
:206D6000A818FFFBA9BD063B20FF003A487610D9A9BF143BA8181FF000BEA9BD143BA9F51B
:206D8000083BA918F7FFA9F4083BA9F5073B0850A9F4073BA9F5063BA9183FFFA9F4063B46
:206DA000A9BF063BA818FFF7A9BD063BA6BD103B2276A9F5003BA918FDFFA9F4003B1A7689
:206DC000060006FEFF02421E20FF107248764EC9A9F51B72A91A0040A9F41B72A6F51A7253
:206DE000A618FF7FA828FA02A92880F0A6F41A72A7F51A7207BE008F8025421EA71A008062
:206E000044A820FF107246C2A7F41A72487635B9A9F511722350A9F41172A9F51A72A9186B
:206E2000FF7FA9F41A72A9F51A72A91A0080A9F41A72A9F51A72A91A0080A9F41A72A9F5E1
:206E40001A72A91A0060A9F41A72A9F51B72A91A0020A9F41B722276088F92C6A4BDC40D69
:206E60001A761002421E20FF10724876CED20102421E20FF1072487661D2A9F51A72A91831
:206E8000E0FFA9F41A72A9F51B72629BA9CCE0FF0150A9F41B72A9F51172A918DFFFA9F496
:206EA0001172A9F511722050A9F41172A9F51A72A918FFDFA9F41A72A9F51A72A91A00209F
:206EC000A9F41A72A9F51B72A918FFDFA9F41B72A9F51B72A91A0020A9F41B72A928030980
:206EE000487698D2A9280001A9F4E10C86FE060006FEFF02421E20FF207248764EC9A9F5FB
:206F00002B72A91A0040A9F42B72A6F52A72A618FF7FA828FA02A92880F0A6F42A72A7F545
:206F20002A7207BE008F0096421EA71A008044A820FF207246C2A7F42A72487635B9A9F504
:206F400021722350A9F42172A9F52A72A918FF7FA9F42A72A9F52A72A91A0080A9F42A7293
:206F6000A9F52A72A91A0080A9F42A72A9F52A72A91A0060A9F42A72A9F52B72A91A0020A7
:206F8000A9F42B722276088F5AC1A4BDB80D1A761002421E20FF20724876CED20102421ED3
:206FA00020FF2072487661D2A9F52A72A918E0FFA9F42A72A9F52B725C9BA9CCE0FF015045
:206FC000A9F42B72A9F52172A918DFFFA9F42172A9F521722050A9F42172A9F52A72A918AB
:206FE000FFDFA9F42A72A9F52A72A91A0020A9F42A72A9F52B72A918FFDFA9F42B72A9F572
:207000002B72A91A0020A9F42B72A9280508487698D2809AA9F4E10C86FE060006FEFF027D
:20702000421E20FF307248764EC9A9F53B72A91A0040A9F43B72A6F53A72A618FF7FA8286F
:20704000FA02A92880F0A6F43A72A7F53A7207BE008F0096421EA71A008044A820FF30722D
:2070600046C2A7F43A72487635B9A9F531722350A9F43172A9F53A72A918FF7FA9F43A724F
:20708000A9F53A72A91A0080A9F43A72A9F53A72A91A0080A9F43A72A9F53A72A91A0060D7
:2070A000A9F43A72A9F53B72A91A0020A9F43B722276088FC7C1A4BDBC0D1A761002421E2C
:2070C00020FF30724876CED20102421E20FF3072487661D2A9F53A72A918E0FFA9F43A7249
:2070E000A9F53B725E9BA9CCE0FF0150A9F43B72A9F53172A918DFFFA9F43172A9F53172FC
:207100002050A9F43172A9F53A72A918FFDFA9F43A72A9F53A72A91A0020A9F43A72A9F579
:207120003B72A918FFDFA9F43B72A9F53B72A91A0020A9F43B72A9280708487698D2809A1F
:20714000A9F4E10C86FE06001F7649022044ECFF8D001F7693022E9203520A6203521661E8
:207160000052206101521A6102521461216F0452076105521D601F7645023C92046F1F76D1
:2071800045023A924876B6CB126F1F76450239920C6F1F7645023892086F1F764502379238
:2071A000046F1F764502369248766DCBA980013B1F769302807694A403562E01A607A983A4
:2071C000008FCCA4A7850156C500A9A82E81A98AC40AC492035242642E9203520A62035240
:2071E0001B61005231610152276102521D61336F04520A6105522F600AD01F7646029606E6
:2072000041FF2D96286F1F7692021C061F76460241FF2C96206F1F7692021A061F764602F5
:2072200041FF2A96186F1F76920218061F76460241FF2996106F1F76920216061F76460203
:2072400041FF2896086F1F76920214061F76460241FF2B960002C42BC51E1F7693022E0A62
:207260002E92045202642E2B0600BDB2BDAABDA202FEA98B20FF00724EC450824C86A10FD3
:2072800042C20D6120FF1072A10F096120FF2072A10F056120FF3072A10F0360019A066025
:2072A0000A8F26823902487663DC420606600A8F26823A02487663DC420633FFA20F066993
:2072C0000A8F26823B02487663DC20FF0072A10F0D6120FF1072A10F096120FF2072A10F68
:2072E000056120FF3072A10F0360019A076020FF23020A8F4882487663DC4206A2BD160FE2
:2073000032FFA9BD1E0F0077007792E5A18A64E564E564E564E564E564E564E564E50ADCEB
:20732000A6BF160FC418FFBF0129C918FCFF81DEA60647FFFF90D196A692FF90D996C1CC19
:2073400018FFA39820FF0072C17BA10F0D6120FF1072A10F096120FF2072A10F056120FF4F
:207360003072A10F0360019A076020FF08020A8F4882487663DCC91A230082FEBE82BE86C3
:20738000BE8B0600BDB2A98BBDAA20FF0072BDA2A486A55BA10F0D6120FF1072A10F0961A1
:2073A00020FF2072A10F056120FF3072A10F0360019A06600A8F26826702487663DC20FF6B
:2073C0000072A10F0D6120FF1072A10F096120FF2072A10F056120FF3072A10F0360019A2C
:2073E000076020FF11030A8F4882487663DC0AD0914E266DA3924C6181DB20FF0072A10FC8
:207400000D6120FF1072A10F096120FF2072A10F056120FF3072A10F0360019A076020FF87
:2074200099030A8F4882487663DCE147E76CA2C509D087929196A7860B00E1FF296FA39270
:20744000276181DB20FF0072A10F0D6120FF1072A10F096120FF2072A10F056120FF307256
:20746000A10F0360019A076020FFB6030A8F4882487663DC0AD091CC001FC7FF0F52E361FE
:20748000A2C509D087929196A7860B00DDFFBE82BE86BE8B06002276A9F50174A9CCF0FF76
:2074A0000650A9F401741A7640D400D520FF0074487645D12276A9F500740450A9F4007475
:2074C000A9F500748050A9F400741A76012920FF3E9C4076D1C02276A9F50274529BA91865
:2074E000FF7FA9F40274A9F50974A9CCE0FF0650A9F40974499AA9BD1074A9BF0A74A918A8
:20750000FCFFA9BD0A74A9284980529BA9BD1274A9BF0A74A918F3FFA9BD0A74499A519BCD
:20752000A9BD1474A9BF0A74A918CFFFA9BD0A74A9284980509BA9BD1674A9BF0A74A918E8
:207540003FFFA9BD0A74A9284980519BA9BD1874A9BF0A74A918FFFCA9BD0A74499A529B3B
:20756000A9BD1A74A9BF0A74A918FFF3A9BD0A74A9F50774A9CCF0FF0550A9F407741A7620
:20758000019AA9F404742276A9F50774A918BFFFA9F40774A9F507742050A9F407741A76C2
:2075A000060004FEA61E058F0AD2C406009B039058FF0560A9288096989BA61E058F18D27F
:2075C00003B6C406009B0390A70F3360058F1ED2C406009BFF90AC1EA6064456A900A61EBC
:2075E000AC281800C4062256A6BD160F5AFFAA2BAB921F90A927A9A901095AFFC406A80EB6
:20760000009B1F900109AC1E0556AB00ABBD1E0F00770077007792E564E564E564E564E5B1
:2076200064E564E564E564E50077A9BF160FA61E058F24D2C406009B0790A71E0402A70F57
:207640001869A72D0102A6BD160F3B56A9BD1E0F00770077007792E564E564E564E564E526
:2076600064E564E564E564E50077A9BF160F196FA70F0767A606A9BD160FA7BD1E0FEC6F13
:20768000A928ABAAA828AAAAAC1E4756A600A7A9A6060556A900AC282100A7065B56A9A9EE
:2076A00084FE06002276408FF0B2008F0014C47D408F5EB9008F0114C47D408F66B9008F0D
:2076C0000214C47D408F6EB9008F0314C47D408F76B9008F0414C47D408F7EB9008F0514E2
:2076E000C47D408F86B9008F0614C47D408F4EB9008F0714C47D088FE6DAA9F51014045023
:20770000A9F41014A9F52514FF50A9F42514A4BDE00D088F35DBA4BDE20D088F44DBA4BD50
:20772000E40D088F53DBA4BDE60D088F62DBA4BDE80D088F71DBA4BDEA0D088F80DBA4BD87
:20774000EC0D088FF7DAA4BDEE0D1A76709BA928010B487698D2A928020B719B487698D2BA
:20776000A928030B729B487698D2A928040B739B487698D2A928050B749B487698D2A928F6
:20778000060B759B487698D2A928070B769B487698D2A928080B779B487698D223760004C9
:2077A000060005520C620552346101526261025254610352466104523861666F06521D615D
:2077C00007520F6108526060005306601F7693021C187FFF596F1F7693021C1A8000546FC6
:2077E000005306601F7693021C18BFFF4D6F1F7693021C1A4000486F005306601F769302BE
:207800001C18DFFF416F1F7693021C1A20003C6F005306601F7693021C18EFFF356F1F763D
:2078200093021C1A1000306F005306601F7693021C18F7FF296F1F7693021C1A0800246F2E
:20784000005306601F7693021C18FBFF1D6F1F7693021C1A0400186F005306601F769302BD
:207860001C18FDFF116F1F7693021C1A02000C6F005306601F7693021C18FEFF056F1F765E
:2078800093021C1A01001F7693021C921D5406611D961C93029A48763AD8009A06000552A7
:2078A0000C620552346101526261025254610352466104523861666F06521D6107520F61F0
:2078C00008526060005306601F76930220187FFF596F1F769302201A8000546F00530660CD
:2078E0001F7693022018BFFF4D6F1F769302201A4000486F005306601F7693022018DFFF58
:20790000416F1F769302201A20003C6F005306601F7693022018EFFF356F1F769302201A77
:207920001000306F005306601F7693022018F7FF296F1F769302201A0800246F0053066037
:207940001F7693022018FBFF1D6F1F769302201A0400186F005306601F7693022018FDFF39
:20796000116F1F769302201A02000C6F005306601F7693022018FEFF056F1F769302201AB6
:2079800001001F76930220922154066121962093029A48765BD8009A060002FE2276058F6B
:2079A00038D2458F38D2C4CC0FFFC596C41A30001A76C69BA9280E12487664D4A9280E140D
:2079C000C69B487664D4A9280E1AC69B487664D4A9280E1CC69B487664D4A9280E12C89B5A
:2079E000487664D4A9280E14C89B487664D4A9280E16C89B487664D4A9280E18C89B4876DF
:207A000064D4A9280E0CC89B487664D4A9280E04C89B487664D4A9280E06C89B487664D470
:207A2000A9280E08C89B487664D4A9280E0AC89B487664D4A9280E02C89B487664D40E9AE2
:207A4000C89B487664D4A9280E10C89B487664D4A9280E1EC69B487664D401D46C02487630
:207A6000A7D50102421E6C0248768CCA008F0010A4BD1A7F770201D44876A7D50102421E21
:207A8000770248768CCA009A809BA9BD1A7F82FE06001B76F0FF0500BDABBDA8BDA0BDC2F1
:207AA000BDC300E2BD0003E2BD0003E2BD0103E2BD0203E2BD0330E600060AFE69FF422922
:207AC0001656AD5CAD5D1F76930201028ADC88DDA488AD5C2C2BBF564101A55D86DCA45CE8
:207AE000BF56420144C2487600D746060DFF0100A61E0202A60F1D610302A60F0B61040213
:207B0000A60F256048834A06008F00924876D7D81E6F48834A06008F00A34876D7D81F76A6
:207B200093024A92BF5608011F76930207960F6F48834A06008F00A14876D7D81F7693028F
:207B40004A92BF5602011F76930201961F76002A228A010280760004C41EA6F4E10C8AFE17
:207B6000AFE2BE03AFE2BE02AFE2BE01AFE2BE0080E2BE00BEC5BEC4BE83BE8ABE870300CD
:207B8000303BF1FF177602768052A9881C6280525D610852116208526561A680012920FF18
:207BA0000080A70F3B61A692015265610252606104525B612D6F1052526120524D61405218
:207BC0004861266FA61B00081462A61B00083261A68020FF0001A70F3661A68020FF0002F2
:207BE000A70F2E61A68820FF0004A60F2661106FA68020FF0010A70F1A61A68020FF002049
:207C0000A70F1261A68820FF0040A60F0A610A8FAC826E02487663DC06002F76FF7F06002B
:207C20002F76FFBF06002F76FFDF06002F76FFEF06002F76FFF706002F76FFFB06002F76CE
:207C4000FFFD06002F76FFFE06002F767FFF06002F76BFFF06002F76DFFF06002F76EFFFCC
:207C600006002F76F7FF06002F76FBFF06002F76FDFF06002F76FEFF060002FE2276A9F533
:207C800029706850A9F429701A76498F0080A8280000008F00C0A928D5004876D7D8058FAF
:207CA00000FB458F00F842A8A9A003D4407600C0066F012920FF3E9C4076D1C002E8400E66
:207CC00048762CD90052F661209AA82887904876D5A92276058F2CD2C406A918F8FF02505D
:207CE000C41E1A76289AA8288581487653AF2276058F38D2458F38D2C4CCF0FFC596C49276
:207D0000C4961A76A8287D01A9284078487629BFA61EA92800C2A828EB0BA60F0361487608
:207D200063DCA9284078A8287D01487616D8A61EA92880F0A828FA02A60F0361487663DC9A
:207D4000A9284078A8287D014876D1BAA61EA9284059A8287307A60F0361487663DC4876B7
:207D600012A748769BD882FE0600BDB2A98B0090A81800FE58FF1861A9B20090A81800FF28
:207D8000A61E2FFF0004A60F0F612FFF0006A60F0B6100020119A10F076120FF03030A8F81
:207DA000D482487663DCA9B20090A81800FFA61E2FFF0002A60F0B64A60F3A61013B2FFFF4
:207DC00000FEA60F0D61A60636612A6F2FFF0004A60F2B612FFF0006A60F2461216F0F0224
:207DE000058F14F4C40F1C60FF9AA8280001058F34F4C40F1560A928FFFFA8280002058FF5
:207E000054F4C40F0D60A928E703A8280003058F74F4C40F0560A928FFFFFF9B0F6F00022F
:207E20000D6F058F74F4096F058F54F4066F058F34F4036F058F14F4C406ABB2AACF00BED9
:207E4000ABCEAA18FF00AB0FB156A601BE8BA692060002FE058F2ED25AFFC440666D058FA1
:207E600008D2C406009B0390A918FDFF58FF0560AB288096AA289800058F0ED203BEC40665
:207E8000009B0390A60F3160058F14D2C406009BFF90AC1E0556AB00AC281800C406225602
:207EA000ABBD160F421E42921F904296412B42060109421EC406A80E009B1F900109AC1EBE
:207EC00042064456A900A9BD1E0F00770077007792E564E564E564E564E564E564E564E5A9
:207EE00064E50077ABBF160F058F22D2C406009B3F9058FF1E61C406ABBD160F0356A90147
:207F00007F90A90EA9BD1E0F00770077007792E564E564E564E564E564E564E564E564E5E4
:207F20000077ABBF160F056FAB288096AA28980082FEA9A906002276A9F58174A9CCF0FF0D
:207F40000650A9F481741A7640D400D520FF8074487645D12276A9F580740450A9F48074CA
:207F6000A9F580748050A9F480741A76012920FF3E9C4076D1C02276A9F58274519BA9183B
:207F8000FF7FA9F48274A9F58974A9CCE0FF0650A9F48974A9284980A9BD9074A9BF8A7487
:207FA000A918FCFFA9BD8A74A9284980509BA9BD9274A9BF8A74A918F3FFA9BD8A74499A50
:207FC000519BA9BD9474A9BF8A74A918CFFFA9BD8A74A9284980529BA9BD9674A9BF8A7491
:207FE000A9183FFFA9BD8A74499A529BA9BD9874A9BF8A74A918FFFCA9BD8A74A9284980BC
:20800000519BA9BD9A74A9BF8A74A918FFF3A9BD8A741A7606002276A9F50175A9CCF0FFDD
:208020000650A9F401751A7640D400D520FF0075487645D12276A9F500750450A9F40075E5
:20804000A9F500758050A9F400751A76012920FF3E9C4076D1C02276A9F50275519BA918D7
:20806000FF7FA9F40275A9F50975A9CCE0FF0650A9F40975A9284980A9BD1075A9BF0A7521
:20808000A918FCFFA9BD0A75A9284980579BA9BD1275A9BF0A75A918F3FFA9BD0A75499A64
:2080A000519BA9BD1475A9BF0A75A918CFFFA9BD0A75A9284980529BA9BD1675A9BF0A752B
:2080C000A9183FFFA9BD0A75499A529BA9BD1875A9BF0A75A918FFFCA9BD0A75A9284980D7
:2080E000519BA9BD1A75A9BF0A75A918FFF3A9BD0A751A7606002276A9F58175A9CCF0FFFA
:208100000650A9F481751A7640D400D520FF8075487645D12276A9F580750450A9F4807504
:20812000A9F580758050A9F480751A76012920FF3E9C4076D1C02276A9F58275519BA91876
:20814000FF7FA9F48275A9F58975A9CCE0FF0650A9F48975A9284980A9BD9075A9BF8A75C0
:20816000A918FCFFA9BD8A75A9284980509BA9BD9275A9BF8A75A918F3FFA9BD8A75499A8A
:20818000519BA9BD9475A9BF8A75A918CFFFA9BD8A75A9284980529BA9BD9675A9BF8A75CA
:2081A000A9183FFFA9BD8A75499A509BA9BD9875A9BF8A75A918FFFCA9BD8A75A9284980F8
:2081C000519BA9BD9A75A9BF8A75A918FFF3A9BD8A751A76060002FEA9280002A82808017D
:2081E000487664D40002421E910248768CCA00D491024876A7D52AFF0142487664D400027B
:20820000421E920248768CCA00D492024876A7D5A9280006A8280801487664D40002421EAC
:20822000930248768CCA930200D44876A7D52AFF8521487664D40002421E4A0248768CCA6B
:2082400000D44A024876A7D52BFFC310487664D40002421E4C0248768CCA00D44C0248762D
:20826000A7D52BFFC110487664D40002421E440248768CCA00D444024876A7D529FF034313
:20828000487664D40002421E430248768CCA00D443024876A7D529FF0543487664D4000272
:2082A000421E450248768CCA00D445024876A7D582FE06001B76F0FF0500BDABBDA8BDA079
:2082C000BDC2BDC300E2BD0003E2BD0003E2BD0103E2BD0203E2BD0330E6000602FE69FFEE
:2082E0004229165600021F769302001B0001041E1A63A9F52B72C7FF1F900760A9F5257274
:20830000A947F86C00BE056FA9F52772FF90A988008F00A0013B1F769302A9A80081A98A46
:20832000000AC47EA6F52B72A61A00401002421E20FF2072A6F42B7248764EC920FF2072D9
:208340004876D9CAA9400C6C0102421E20FF207248764EC9A9F521722350A9F42172809A84
:20836000A9F4E10C82FEAFE2BE03AFE2BE02AFE2BE01AFE2BE0080E2BE00BEC5BEC4BE834B
:20838000BE8ABE870300303BF1FF177602761B76F0FF0500BDABBDA8BDA0BDC2BDC300E25D
:2083A000BD0003E2BD0003E2BD0103E2BD0203E2BD0330E6000602FE69FF42291656000215
:2083C0001F769302061B00010A1E1A63A9F53B72C7FF1F900760A9F53572A947F86C00BE2E
:2083E000056FA9F53772FF90A988008F00A2013B1F769302A9A80681A98A060AC47EA6F573
:208400003B72A61A00401002421E20FF3072A6F43B7248764EC920FF30724876D9CAA94055
:208420000C6C0102421E20FF307248764EC9A9F531722350A9F43172809AA9F4E10C82FEB3
:20844000AFE2BE03AFE2BE02AFE2BE01AFE2BE0080E2BE00BEC5BEC4BE83BE8ABE870300E4
:20846000303BF1FF1776027602FE29FF0544487664D40002421E550248768CCA00D455023D
:208480004876A7D529FF0B44487664D40002421E5B0248768CCA01D45B024876A7D52AFFCD
:2084A0000342487664D40002421E960248768CCA960201D44876A7D5A928000AA828080118
:2084C000487664D40002421E950248768CCA01D495024876A7D529FF0D44487664D4000282
:2084E000421E5D0248768CCA01D45D024876A7D52BFF0311487664D40002421E5C02487689
:208500008CCA00D45C024876A7D504D45502487634D404D45B02487634D404D4960248767B
:2085200034D404D49502487634D404D45D02487634D404D45C02487634D482FE0600BDB210
:20854000AB2BAA280001BDAAA459A9860090A81800FFAB0F076120FF5D010A8FD482487644
:2085600063DCA9AAFF91A98600D40102A20F3A610129A9AA40FFA98602DC0102A20F326177
:20858000A9AA40FFA98602DC0102A20F2B61A9AA40FFA98602DC0102A20F2461A9AA40FF92
:2085A000A98602DC0102A20F1D61A9AA40FFA98602DC0102A20F1661A9AA40FFA98602DC13
:2085C0000102A20F0F61A9AA40FFA98602DC0102A20F0861A9AA40FFA98602DC0102A20F68
:2085E000C9602276A42D0302458F24F4A127AA2B3B56058F24F455FFC5CECDCFA61EA9A985
:208600003B565AFFA606ABCAAACBC41E1A76BE86BE8B0600BDB2BDAA06FE1F769302A95ACE
:20862000A8592D9208616402487608DB1F7693022D92FA60A21B0130BF562D012961A292D8
:2086400002521B6103520E6104522D60013B408F8091038F0090A1854876D7D8008F04102F
:20866000246F013B408F00A2038F0090A1854876D7D8008F0310196F013B408F00A0038F9E
:208680000090A1854876D7D8008F02100E6F013BA185408F4E91038F009030FF4876D7D8CB
:2086A000008F0130A2921B6142A8013B038F0090A18501D544A8461E01D401024876F4D458
:2086C00008021F76002A2207A98AC440086C08022207A98AC40601F0A940F36C86FE1F767B
:2086E0009302BE862D2BBE8B06000652116206523561035208620352426101525061025232
:20870000486106000452336105525561060007521E610852156109520C610A5250600153DD
:208720000361009B026F019B039A4876D1BB060001530361009B026F019B029AF76F01538A
:208740000361009B026F019B019AF06F01530361009B026F019B059A076F01530361009B4B
:20876000026F019B069A48764FBC060001530461108F0000086F108F00001F6F01530661C6
:20878000208F0000A4BD047F0600208F0000156F01530361409B066F409B096F01530661F7
:2087A000809B009AA9BD047F0600809B009AA9BD027F0600088F0000A4BD027F0600A92823
:2087C0008E114A8F0000A8280000008F00A84876D7D8049AA82800034876AEC4049AA8289E
:2087E00000034876B5BE0052FA61029AA82800034876AEC4029AA82800034876B5BE005207
:20880000FA61209AA828000101D448769FC22276058F26F4C41A2000CC1A00011A76409AE9
:20882000A828000101D448769FC22276058F26F4C41A4000CC1A00011A76809AA8280001AD
:2088400001D448769FC22276058F26F4C41A8000CC1A00011A76019AA828000101D448760A
:208860009FC22276058F26F4C418FEFFCC18FFFE1A76029AA828000101D448769FC222760E
:20888000058F26F4C418FDFFCC18FFFE1A76060020FFD0074076D1C000D0AC2B03BE00D561
:2088A000C57630D220FFFF01C70F0D67058F30D2C4A3AA1A0100C7A9C4A3AA18FEFFC4A94D
:2088C000C70FF768058F30D2A828FF03C4553661268FA02501DDA9A8A50F2C68058F30D2C4
:2088E000A828FF03C4552A61268FA02501DDA9A8A50F2068058F30D2A828FF03C4551E611D
:20890000268FA02501DDA9A8A50F1468058F30D2A828FF03C4551261268FA02501DDA9A8E1
:20892000A50F0868058F30D2A828FF03C455D160056FA09303530D60AC2BA093035309602E
:20894000058F30D2A828FF03C4550360AC28010001D800D50E00A8FFAC920600BDB2A98B14
:208960000090A81800FE58FF1861A9B20090A81800FFA61E2FFF0004A60F0F612FFF0006E0
:20898000A60F0B6100020119A10F076120FFBB020A8FD482487663DC2276A9B20090A81877
:2089A00000FFA61E2FFF0002A60F0B64A60F2F61013B2FFF00FEA60F0D61A6062B61306FF9
:2089C0002FFF0004A60F20612FFF0006A60F1961276F0F02058F12F4C498458F52F4CC99B0
:2089E000FF02058F32F4C498CC99058F72F4C506A91AFFFFC51EC406A91AE703C41E106FBA
:208A0000058F72F4096F058F52F4066F058F32F4036F058F12F4A9B2C498FF91CC991A7693
:208A2000BE8B060003E2BD0402FE1F7649022043596C1F764402AFE20202AFE2000001E84F
:208A400063EE1F764902C8E208040EE86B6620E7810000E71B0195E6090094E6190014AD05
:208A600031621F764402AFE2040420E71201007795E6120094E61A0014AD246220E72000CF
:208A8000007795E6000094E6180014AD1B62B0E81B48007794E6190014AD096494E61A004D
:208AA00014AD056494E6180014AD0F631F76920202920665FF9C645202960C63136F022B98
:208AC000116F1F769202020A1F7692020292645209641F764702051A04001F769202BF56C2
:208AE000026482FEAFE2BE0406000600BDB2A98B20FF0074A10F0D6120FF8074A10F0961B0
:208B000020FF0075A10F056120FF8075A10F0360019A06600A8FF8827902487663DCC9CC63
:208B20004000078F3802A927A9285A5AC4543C6020FF8074A10F126120FF0075A10F0B6136
:208B400020FF8075A10F0461C7762801096FC7764C01066FC7764001036FC7763401227615
:208B600005BE00D509B5A600A9B2A50DA98A878770D002DD94AB00770077AB921460A18A83
:208B8000A18370DC72DDC4060090C41EA18AC50678D9009076DCC51EC4060090C41EC106CB
:208BA0000090C11E1A76BE8B060006FE4876A0D38076350C408F350C008F350C20FF0041BB
:208BC00042C244A001D546A801D44876CB858076350C408F350C008F350C20FF004242C28A
:208BE00044A001D546A801D44876CB858076350C408F350C008F350C20FF004342C244A089
:208C000001D546A801D44876CB858076350C408F350C008F350C20FF004442C244A001D575
:208C200046A801D44876CB858076350C408F350C008F350C20FF004542C244A001D546A83C
:208C400001D44876CB85008F350C8076350C408F350C20FF004642A800D444C246A001D535
:208C60004876CB8586FE060022762F9AA9F40679088FB7D1A9F51252A9CC80FF0650A9F4D7
:208C80001252A4BD700DA9F51652A91801FFA9F41652A9F51552A918EFFFA9F41552A9F570
:208CA0001552A918FFFDA9F41552A9F51552A918FEFFA9F41552A9F51552A918F9FFA9F46A
:208CC0001552A9F51452A918FEFFA9F41452A9F51452A918FDFFA9F41452A9F51452A91ADD
:208CE0000001A9F414521A76229B019AA8F41852A9F418522276A9F516520250A9F4165286
:208D0000A9F515521050A9F41552A9F515520850A9F415521A76388F0104A9A8487698D2B4
:208D20001A7606001B76F0FF0500BDABBDA8BDA0BDC2BDC300E2BD0003E2BD0003E2BD010B
:208D400003E2BD0203E2BD0330E6000602FE69FF4229165600021F7693021A1EA9F51B72E0
:208D6000C7FF1F900660A9F51572A947F86C036FA9F51772A6F51B72A61A00401002421E6C
:208D800020FF1072A6F41B7248764EC920FF10724876D9CAA9400C6C0102421E20FF1072CF
:208DA00048764EC9A9F511722350A9F41172A9280001A9F4E10C82FEAFE2BE03AFE2BE02AB
:208DC000AFE2BE01AFE2BE0080E2BE00BEC5BEC4BE83BE8ABE870300303BF1FF177602769E
:208DE00022762F9AA9F40679088FF0D1A9F51252A9CC80FF0650A9F41252A4BD700DA9F5D5
:208E00001652A91801FFA9F41652A9F51552A918EFFFA9F41552A9F51552A918FFFDA9F40D
:208E20001552A9F51552A918FEFFA9F41552A9F51552A918F9FFA9F41552A9F51452A9187D
:208E4000FEFFA9F41452A9F51452A918FDFFA9F41452A9F51452A91A0001A9F414521A76F3
:208E6000229B019AA8F41852A9F418522276A9F516520250A9F41652A9F515521050A9F496
:208E80001552A9F515520850A9F415521A76388F0104A9A8487698D21A76060003E2BD04F9
:208EA00003E2BD0548C5A61EA70630FFA98AA6BD160FA9BD1E0FA6BD220FA4BD120F007783
:208EC0000077007792E564E564E564E564E564E564E564E564E5CFE6150092E5CFE62100CE
:208EE000CFE6030064E564E564E564E564E564E564E564E50077A6BF1A0FABBF260FA70621
:208F0000A60F0A67A7F50040A718FFDFA9A8A603A7F40040086FA6F50040A61A0020A9A959
:208F2000A6F400400129ABBF6040A925AA180000ABCAAACBA9BD6040A9F500404050A9F498
:208F40000040AFE2BE05AFE2BE04060003E2BD0403E2BD0548C5A61EA70630FFA98AA6BD94
:208F6000160FA9BD1E0FA6BD220FA4BD120F00770077007792E564E564E564E564E564E5DA
:208F800064E564E564E5CFE6150092E5CFE62100CFE6030064E564E564E564E564E564E571
:208FA00064E564E50077A6BF1A0FABBF260FA706A60F0A67A7F50040A718FFDFA9A8A60335
:208FC000A7F40040086FA6F50040A61A0020A9A9A6F400400129ABBF6040A925AA18000094
:208FE000ABCAAACBA9BD6040A9F500404050A9F40040AFE2BE05AFE2BE04060090E51F767F
:209000004C02BDB20CD0008F009303E2000003E2020003E2040003E2060003E2200003E20B
:20902000220003E2240003E2260003E2940091E52CD11F76470292E50ED0032B042B052B4E
:20904000062B072B082B092B0A2B03E294001F764602BF563F0110D003E29C011F764C0221
:2090600003E2940012D003E2940014D003E2340203E2940016D003E2940018D003E29400E4
:209080001AD003E2940028D003E294002AD003E2940030D003E2940032D003E294002ED097
:2090A00003E29400BE8B060002FE1F76490220434E6C1F76490201E860EEC8E206011F768E
:2090C00044020EE8686600E74000AFE2060394E6030014AD2C64AFE2080194E6010014AD21
:2090E0002664AFE20A0194E6010014AD206490E80048AFE2000194E6010014AD0D62AFE2FC
:20910000020194E6010014AD0762AFE2040194E6010014AD0F651F76920200920665FF9CA0
:20912000645200960C63136F002B116F1F769202000A1F7692020092645209641F76470258
:20914000051A02001F769202BF56006482FE0600BDB2A98B20FF0074A10F0D6120FF80745F
:20916000A10F096120FF0075A10F056120FF8075A10F0360019A06600A8FF882C002487670
:2091800063DCC9CC4000A927C9CC8000A98020FF8074A10F0F6120FF0075A10F096120FFAD
:2091A0008075A10FB056A600B156A603046F02BE026F01BE009BAB92078F38024052B1560A
:2091C000A8010356A802A672A9285A5AC4541260078F5801A9A8A60DA98AC493A7920460A2
:2091E000D7FF0460076FFF91056122763BD091971A76BE8B06001F76450203E2BD04AFE20C
:209200000401AFE202001F76440203E2BD05AFE2260203E2BD06AFE22C0300E31E60AFE221
:209220002001AFE22E0512E0BD07AFE222071EE3240114E3284E50E807B21CE32A4A16E0EC
:20924000309001E81BD450E80EB28CE63F0008E87B931AE032918CE6360050E815B208E083
:2092600034DA1F76450250E81CB28CE62D0003E206031F7646028CE6240013E2180713E2F5
:20928000190613E21A0513E22304AFE2BE07AFE2BE06AFE2BE05AFE2BE040600BDB2A98B84
:2092A00020FF0072BDAA4886A10F0D6120FF1072A10F096120FF2072A10F056120FF307287
:2092C000A10F0360019A076020FF66010A8F2682487663DCA292A940096DA941076DA945D6
:2092E000056DA946036DA9471D6C20FF0072A10F0D6120FF1072A10F096120FF2072A10F59
:20930000056120FF3072A10F0360019A076020FF22050A8F4882487663DCC918DFFFC91AC9
:209320002000A292A943056CA18A0ADCC41A4000A944046C0BD9C11A4000BE86BE8B06005E
:209340001F769302250A251B01002260249218610152116102520661428F0000A5BD027F8E
:20936000056F428F0000A5BD047F018F0000A4BD027F0E6F428F0000A5BD027F056F428FDB
:209380000000A5BD047F018F0000A4BD047F25923A52256542521A63008F7691013BA6F529
:2093A000030BA9A82481A98AC47EA6F5040B008F7A91A9A82481A98AC47EA6F5240B008F2C
:2093C0007092A9A82481A98AC47E259264520764240A249204520264242B252B060002FE03
:2093E0001F7649022043496C1F76490201E860EEC8E205011F7644020EE8686600E74000E8
:20940000AFE2060194E6010014AD2762AFE2080294E6020014AD2162AFE20A0394E6030079
:2094200014AD1B62B0E80048007794E6010014AD096494E6020014AD056494E6030014AD0A
:209440000F631F76920200920665FF9C645200960C63136F002B116F1F769202000A1F7629
:2094600092020092645209641F764702051A01001F769202BF56006482FE0600BDB25AFFB5
:20948000BDAA0876303BBE920190AA93A959205318670D53396810533766AA92FF9CA92DBC
:2094A000019A66FFA620A9935FFFA6CFA8230077007700770077007769FF4876C4BD246F7F
:2094C000A9A9012947FFFF90FF9CA988A8287106A6950356A801A95CAB92FF90FF9CA92DA9
:2094E000019A66FF5EFFC4C000770077007700770077019BA62D67FFA85A69FFA292487607
:20950000C4BDA2F4E10CA1920152046108763029BE92BE86BE8B0600BDB2A98BA802BDAAEE
:209520004886A10F06670A8F1681B302487663DCA9B2A918E0FF30FF1AFF1F00A98AA61E05
:20954000A1921F90A92D01023B565AFF2276A292A942076DA9A912DC55FFC4C0CCC1066F21
:2095600012DCAB92AA93C498CC99A292A940086DA68AAB92AA930CDCC498CC99076FA68A37
:20958000A9A955FF0CDCC4C0CCC1A292A941086DA68AA9A955FF10DCC4C0CCC1076FA68A20
:2095A000AB9210DCC498AA92CC981A76BE86BE8B0600BDB2BDAAA98600D120FF0072A20F4B
:2095C0000D6120FF1072A20F096120FF2072A20F056120FF3072A20F0360019A076020FFA3
:2095E00031010A8F2682487663DCE24704024856A10DEA47A9B201504856A10DEA46036DB7
:20960000EA45046CA9B20250A98B0AD0A9B2924708504856A10D0BD09247A9B2105048560B
:20962000A10DEA44A9B220504856A10DEA43A9B240504856A10DEA42A9B280504856A10D30
:20964000BE86A9B2BE8B060002FE1F764402AFE2000012E8E01614AD3F65AFE2020012E8CE
:20966000E01614AD3965AFE2040012E8E01614AD33651F765200AFE20600A0E514AD266568
:209680001F764902AFE23600A0E514AD1F631F765200AFE20800A0E514AD0663AFE20A0091
:2096A000A0E514AD10621F7692020A0A0A92C8520D651F764702051A08001F769202BF564A
:2096C0000AC8046F1F7692020A2B1F76520006061F764902361E82FE0600A90EA9BD120FFC
:2096E00000770077007700778BE6010000774EE8091002E85037D0E80A280BE8000000E721
:2097000040000077007774E281000077007701E888CA0DE8B8B800E74000487629D201E8ED
:20972000C1CC01E8DADA0DE8B9C200E708000EE87A7810E78000007701E801FC74E2090085
:209740000077007702E8401C0CE8989920E7080000778FE800C0007750E8004800778CE613
:20976000000000770077A9BF120F0600A90EA9BD120F00770077007700778BE60100007769
:209780004EE8091002E85037D0E80A280BE8000000E740000077007774E281000077007752
:2097A00001E888C60DE8B8B800E74000487629D201E821CC01E8DADA0DE861D900E708009C
:2097C0000EE87A7810E78000007701E801FC74E209000077007702E8401C0CE8989920E70E
:2097E000080000778FE800C0007750E8004800778CE6000000770077A9BF120F06002276BE
:2098000058FFA61E3C61018F0000A9A8A60F2161028F0000A9A8A60F2C61038F0000A9A871
:20982000A60F3160458F08D2058F32D2C518EFFFC41A0200487648C4005204602576005284
:20984000FE61058F0AD2C4CCFCFF0150C4961B6F458F08D2058F32D2C518EFFFC418FDFF90
:20986000487648C40052EE6025760052FE61EA6F058F0AD2C4CCFEFF0250E96F058F0AD2C2
:20988000C418FCFF1A7669FF06001F76540000921E611F76490220432E6C1F76480210929B
:2098A0001F7692023C5411613C5409623C542363059B3C753C542A563C021D6F3C080500F8
:2098C0003C542A563C04176F3C96156F1F76520002E8D820AFE222010CE8789400E74000B8
:2098E000007750E8004800778CE600001F76920213E23C001F76920201E860EEC8E23C01E7
:20990000009A0EE8686600E740001F76550003E20200060002FE2AFF8721487664D404021E
:20992000421E4E0248768CCA01D44E024876A7D529FF0D43487664D40402421E4D02487623
:209940008CCA01D44D024876A7D529FF0144487664D40002421E510248768CCA510200D400
:209960004876A7D520FFE803487608DB01D44E024876A7D501D44D024876A7D54876CDD9E1
:20998000069A009B48763AD8079AFF9B48763AD8029AFF9B48763AD8009A82FE060002FE8B
:2099A00029FF0324487664D40402421E330248768CCA01D433024876A7D52AFF0112487675
:2099C00064D40402421E320248768CCA01D432024876A7D529FF0124487664D40002421EB9
:2099E000310248768CCA310200D44876A7D520FFE803487608DB01D433024876A7D501D41B
:209A000032024876A7D54876E7D9069A009B48765BD8079AFF9B48765BD8029AFF9B48760E
:209A20005BD8009A82FE060048761CB11F7648020C9209602276559BAA9AA8F42570A9F4C8
:209A400025701A7648767EB24876B0A34876FFD5008F0092F4921A61CC921661D49202529F
:209A6000106101520B610352066100520F6048761BD00C6F487638D3096F487604D3066FCA
:209A8000487645CC036F48766CD34876A4B84876FFAA48769BCD4876ABD64876D6D648767A
:209AA00017DB487626DB1F7648020C92C461CB6F02FE088F0018A9A8487664D40002421EC1
:209AC0001C0248768CCA01D41C024876A7D5088F001AA9A8487664D40002421E1D024876F0
:209AE0008CCA01D41D024876A7D529FF0123487664D40002421E210248768CCA01D421020F
:209B00004876A7D52FFF002002BEA9BD027F00D42FFF0040A9BD027F1C02A6BD0A7F487625
:209B200034D400D41D02487634D404D42102487634D482FE06001F76460228922993A955CC
:209B40002B56A9022A93A8542B56A9042B93A95509621F76480207931F764602279609614E
:209B6000176F1F76480207921F764602279710603A9208602D2DAC1B2C01B3563A010963AA
:209B8000056F2D2DAC92FA5207633A2B026F2D2DAC92FA520E64AC1BF4010664A928DE03FF
:209BA0003D28DE03096F0335A908DAFD3D96046FBF563DC8C89A48763BDC06001B76F0FF0A
:209BC0000500BDABBDA8BDA0BDC2BDC300E2BD0003E2BD0003E2BD0103E2BD0203E2BD032A
:209BE00030E6000669FF42291656487602B54876A0C94876F0D7019AA9F40474A9F5057422
:209C0000019001520760019B019AA8F40674A9F40474019AA9F4E10CAFE2BE03AFE2BE02CF
:209C2000AFE2BE01AFE2BE0080E2BE00BEC5BEC4BE83BE8ABE870300303BF1FF177602762F
:209C400002FE1F76490220433B6C1F764502AFE20A00AFE2080101E863EE1F764902C8E245
:209C60000C020EE86B6620E7080000E7990095E6000094E6080014AD1362B0E809480077ED
:209C800094E6080014AD0F631F76920204920665FF9C645204960C63136F042B116F1F76C5
:209CA0009202040A1F7692020492645209641F764702061A04001F769202BF56046482FEF8
:209CC00006000876303BBE92267600002F76000000BE009A009BA9F4E20CA6F4E40C00B646
:209CE000A8F4E60CA9F4E80CA8F4EA0CA6F4EC0CA9F4EE0CA8F4F00CA9F4F20CA6F4F40CBD
:209D0000A8F4F60CA9F4F80CA8F4E30CA6F4E50CA9F4E70CA8F4E90CA9F4EB0CA6F4ED0CA6
:209D2000A8F4EF0CA9F4F10CA7F4F30CA6F4F50CA8F4F70CA9F4F90CA9F5E00C0150A9F404
:209D4000E00C060002FEA928011C489B487664D400D43E024876A7D50002421E3E0248769C
:209D60008CCA03D43E02487694D4A928011E489B487664D401D43F024876A7D50002421ED5
:209D80003F0248768CCA03D43F02487694D42BFFC308487664D401D42C024876A7D5000206
:209DA000421E2C0248768CCA2276058FE0D0C406A918FBFFC41E1A7600D42C02487634D466
:209DC00082FE060003E2BD0490E51F764A0293E592E591E503E2BD0594E503E2280003E28A
:209DE0002A0003E22C0003E22E0003E2300003E2160003E2180003E21A0003E2140095E596
:209E000003E2BD0603E2220303E2240203E2260196E503E2200402E8401203E21E0503E2CC
:209E2000100003E21C0601E818C008E8789303E21200487662B4AFE2BE06AFE2BE05AFE24A
:209E4000BE040600BDB2A559BDAAA986BDA2A192A48204600302A20F1967A19201520460FB
:209E60000702A20F1367A192025204600302A20F0D67A192035204600702A20F076720FF66
:209E800020010A8F1A83487663DC2276229AA12D0A8F0080A937A9AA30FFAB070156A40024
:209EA00008D09406A80E30FFA983008D000D95A21A7608D09406487698D2BE82BE86BE8B57
:209EC000060002FE1F76520001E8A9F901E860EEAFE232031F76490208E8B95D0EE8686663
:209EE000C8E2070200E7C90000E78000007794E6010014AD1362B0E80048007794E601009E
:209F000014AD0F631F76920201920665FF9C325201960C63136F012B116F1F769202010A60
:209F20001F7692020192325209641F764702051A80001F769202BF56013282FE060002FE00
:209F40001F76520002E8D12001E860EEAFE224031F7649020BE801400EE86866C8E20A02C2
:209F600000E7C90000E78000007794E6010014AD1362B0E80048007794E6010014AD0F639D
:209F80001F76920206920665FF9C325206960C63136F062B116F1F769202060A1F769202D6
:209FA0000692325209641F764702061A08001F769202BF56063282FE0600BDB2A459BDAA43
:209FC000A986A19204600302A20F1967A192015204600702A20F1367A19202520460030277
:209FE000A20F0D67A192035204600702A20F076720FF41010A8F1A83487663DC229AA12D0A
:20A00000A9374A8D0080A9AA30FFAB070156A10008D0910648763ECA227608D09106A80EEB
:20A0200030FFA98A488FCDDB008D000D94A01A76BE86BE8B06001F76540000921C611F76C1
:20A04000490220431B6C1F7648020D921F7692023F540F613F5408623F5410633F0B3F5441
:20A060002A563F020B6F3F0A3F542A563F04066F3F96046F1F7692023F2B1F76920201E8A4
:20A0800061EEC8E23F0301E860EE1F764802C8E20E020EE86966009A0EE8686600E7C900E2
:20A0A0001F76540004E03E011F76550003E200000600BDB2A98BA818FDFF58FF1161018F07
:20A0C0000000A9A8A10F0C61038F0000A9A8A10F076120FFD5030A8FD080487663DC2276A2
:20A0E000A9B21D61018F0000A9A8A10F1561028F0000A9A8A10F0961038F0000A9A8A10FF1
:20A10000126048767CD80F6F058F08D2C4CCFEFF0250C496086F48760BD1056F058F08D2A3
:20A12000C418FCFF1A76BE8B0600BDB2A98BBDAA20FF0030BDA2A45BA10F4A861D6120FF95
:20A140000032A10F196120FF0034A10F156120FF0036A10F116120FF0038A10F0D6120FF1F
:20A16000003AA10F096120FF003CA10F056120FF003EA10F0360019A076020FF40060A8FAA
:20A180006A82487663DC227601290356A301A107A98A2CD094AA1A76BE82BE86BE8B06009F
:20A1A00002FE1F7649022043356C1F76490201E860EEC8E209011F7645020EE8686600E769
:20A1C0004000AFE2020194E6010014AD1362B0E80068007794E6010014AD0F631F769202AC
:20A1E00005920665FF9C645205960C63136F052B116F1F769202050A1F7692020592645222
:20A2000009641F764702061A01001F769202BF56056482FE0600BDB22276458F32D2058F32
:20A2200032D2C518FEFFC418FDFF1A76487648C42276058F08D2C4CDFCFF0151C4971A763F
:20A2400000D1058F2ED2C440196C01521C61A193045314672276C41A02001A76487648C468
:20A260002276058F08D2C4CDFCFF0151C4971A7601D9058F2ED2C440E96D015204612576F4
:20A280000052FE61BE8B69FF0600BDB2BDAAA986A55920FF0074BDA2A45BA20F0D6120FF24
:20A2A0008074A20F096120FF0075A20F056120FF8075A20F0360019A06600A8FF8824E0258
:20A2C000487663DCA19280520960A392405206610A8FF8825602487663DC2276CACC3FFF11
:20A2E000A3CAA1CACA961A76A9AA487676C5A9AA4876A8C8BE82BE86BE8B0600BDB2BDAA20
:20A30000A986A45920FF0030A20F1D6120FF0032A20F196120FF0034A20F156120FF003648
:20A32000A20F116120FF0038A20F0D6120FF003AA20F096120FF003CA20F056120FF003E41
:20A34000A20F0360019A076020FFA3030A8F6A82487663DC2276012900BE0356A101A2077C
:20A36000A98A40D094C21A76BE86BE8B06001B76F0FF0500BDABBDA8BDA0BDC2BDC300E291
:20A38000BD0003E2BD0003E2BD0103E2BD0203E2BD0330E6000669FF42291656487647AD65
:20A3A000019A487604DC02BE019B089AA6F41852A8F41852A9F4E10CAFE2BE03AFE2BE022F
:20A3C000AFE2BE01AFE2BE0080E2BE00BEC5BEC4BE83BE8ABE870300303BF1FF1776027688
:20A3E0001B76F0FF0500BDABBDA8BDA0BDC2BDC300E2BD0003E2BD0003E2BD0103E2BD0227
:20A4000003E2BD0330E6000669FF42291656487627AC019A487604DC02BE019B089AA6F4DA
:20A420001852A8F41852A9F4E10CAFE2BE03AFE2BE02AFE2BE01AFE2BE0080E2BE00BEC53D
:20A44000BEC4BE83BE8ABE870300303BF1FF1776027603FE03E2430003564209A80881FF4C
:20A460004218FF3F421A803FAFE24300F1E60000419750E80280C8E241018EE612001F76E5
:20A480000C2A13E24302A9284C83A8280A000456430204564301A98EAFE2880200E78300D9
:20A4A000AFE2880210E7D300AFE23C0206E3881800E7510010E7C30083FE10E7C8000077B6
:20A4C0000600BDB2A98B20FF0072BDAA4886A10F0D6120FF1072A10F096120FF2072A10FD3
:20A4E000056120FF3072A10F0360019A076020FF09010A8F2682487663DCA292A940036C2D
:20A50000C918BFFFA941036CE118FDFFA942036CE118FEFFA943056CA18A0ADCC418DFFFD6
:20A52000A944046C0BD9C118DFFFBE86BE8B06005AFF0876303BBE920190AA93A980205394
:20A540000E67009A0D5304681053B956A901FF9DA82D66FFA820A8CAA9231A6FA9A9012923
:20A5600047FFFF90FF9CA988A8287106A6950356A801A95CAB92019BFF90FF9CA92D019A3D
:20A5800066FFA62DC49867FFA920A9CBA823A7920152046108763029BE920600BDB2A98BF8
:20A5A00020FF0072BDAA4886A10F0D6120FF1072A10F096120FF2072A10F056120FF307274
:20A5C000A10F0360019A06600A8F2682E302487663DCA292A940036CC91A4000A941036C3C
:20A5E000E11A0200A942036CE11A0100A943056CA18A0ADCC41A2000A944046C0BD9C11A80
:20A600002000BE86BE8B06001F76540000921E611F76490220431D6C1F76480211921F76AA
:20A6200092023D5411613D5409623D541263059B3D753D542A563D020C6F3D0805003D5489
:20A640002A563D04066F3D96046F1F7692023D2B1F76920201E860EEC8E23D01009A0EE815
:20A66000686600E740001F76550003E2060006001F76540000921E611F76490220431D6C44
:20A680001F7648020F921F7692023E5411613E5409623E541263059B3E753E542A563E0264
:20A6A0000C6F3E0805003E542A563E04066F3E96046F1F7692023E2B1F76920201E860EED2
:20A6C000C8E23E01009A0EE8686600E740001F76550003E2040006001F76540000921E6139
:20A6E0001F76490220421D6C1F76480213921F7692023B5411613B5409623B541263059B43
:20A700003B753B542A563B020C6F3B0805003B542A563B04066F3B96046F1F7692023B2BE4
:20A720001F76920201E860EEC8E23B01009A0EE8686600E740001F76540003E23C0006003E
:20A7400006FE8076350C408F350C008F350C42C220FF004044A001D546A801D44876CB85F0
:20A76000A9F5A440A918FFF7A9F4A440A9F5A440A918FFFBA91A0003A9F4A440A9F5A64017
:20A780002050A9F4A640A9F5B040A9CCF0FF0150A9F4B040A9F5A440A91A0008A9F4A44028
:20A7A00086FE0600BDB2BDAAA95A00D1A247066D008F0040A4BD147F056F008F0040A4BDA2
:20A7C000127F0502487608DB008F00200502A4BD127F487608DBA192008F0020A4BD147F21
:20A7E00007520560008F0040A4BD127F0502487608DB01D9A29280FFA95AA1920852D768D6
:20A80000BE86BE8B0600BDB2BDAAA95A00D1A247066D088F0000A4BD0C7F056F088F000011
:20A82000A4BD0A7F0502487608DB048F00000502A4BD0A7F487608DBA192048F0000A4BD3A
:20A840000C7F07520560088F0000A4BD0A7F0502487608DB01D9A29280FFA95AA192085269
:20A86000D768BE86BE8B0600BDB2BDAAA986A459A802A20F076720FF8A010A8F16814876A3
:20A8800063DC22760356A202ABAA01291F90A91642FF5AFFAB92AA2B0390A927A9AAA918D4
:20A8A000E0FFAB07140930FF1AFF1F00A9860F023B5655FFC2C0CAC1A10E3B56C298CA9954
:20A8C0001A76BE86BE8B0600BDAAA61E2276012947FF009BFF90A9861AD0A22D03023B567A
:20A8E00055FF5AFFA606A80E1AFF1F00A98AA983AB92AA93C4C01ADDCCC1A9A9C5CECDCFAF
:20A90000A71EA60641FF009B03903B565AFFA706ABCAAACB941EA606009B03903B56C4985E
:20A92000CC991A76BE860600BDB2BDAAA986A459A802A20F076720FF23010A8F16814876DC
:20A9400063DC22760356A201ABAA01291F90A91643FF5AFFAB92AA2B0190A927A9AAA91815
:20A96000E0FFAB07010930FF1AFF1F00A98603023B5655FFC2C0CAC1A10E3B56C298CA99B2
:20A980001A76BE86BE8B0600BDAA842FAB2B186FA9A0A7010119A71E00BE01DEA65A879297
:20A9A0008596A93AA20FFA66036F84928596AA92C0FFA92FAB92019CA9271052E763AA40D2
:20A9C000F56D8492A9CD0F00029DC3FFA858A98011530460A93A840DA98EA78820FFFF0F21
:20A9E000A60FD760BE860600A42DBDB20A8F0080BDAABDA2A982229AA9360156A400C4C4B9
:20AA0000A9A2A6C5ACA24A864EA308DFC7CECFCF58FF4CC50361009A126FA592015206617F
:20AA2000D48AC4AAE4A9D4C3086FD48318D0A706C5AA9403E5A9D51E019AE6ABBE82BE868C
:20AA4000BE8B060002FE1F7649022043276C1F764502AFE2020016E8800F14AD0F64A0E51C
:20AA600014AD0F651F7692020B920665FF9C64520B960C63136F0B2B116F1F7692020B0A99
:20AA80001F7692020B92645209641F764702061A10001F769202BF560B6482FE0600A95D86
:20AAA0008076001020FF2072A6BD0A7F4876C2B9A9F52A72C7FF1F90FC60A9F52A72A94E7E
:20AAC000076DA9F52472C5FF01F00190096FA8F52A72009AA8CD001F0053B056A901015253
:20AAE000ED6120FF7E3E4076D1C0008F0010009AA4BD0C7F0600A95D8076002020FF3072DE
:20AB0000A6BD0A7F4876C2B9A9F53A72C7FF1F90FC60A9F53A72A94E076DA9F53472C5FF38
:20AB200001F00190096FA8F53A72009AA8CD001F0053B056A9010152ED6120FF7E3E40766F
:20AB4000D1C0008F0020009AA4BD0C7F0600BDB2BDAAA986A459A802A20F06670A8F16812F
:20AB60003902487663DCA9AAA918E0FF30FF1AFF1F00A98AA2921F90A92D01023B565AFF6A
:20AB80002276A19201520761A9A90ADC55FFC4C0CCC1066F0ADCAB92C498AA92CC981A766E
:20ABA000BE86BE8B06004876DFC3487652BB009A019B4876F4D8019A009B4876F4D8029ABB
:20ABC000009B4876F4D8039A009B4876F4D8049A009B4876F4D8059A009B4876F4D8069A67
:20ABE000009B4876F4D8079A009B4876F4D82276A9F522148050A9F422141A7606001F7630
:20AC0000480207921E60487624CB487622D54876EFC9487654C8487661CF487612C54876E0
:20AC2000D0D048769FCF487620CE487655D648762AD61F764702069205CA07CAB0560A01CE
:20AC40001F7647020A92015204601F7646023F2B009A06001F7649022044276C1F76490225
:20AC60000D921F7646022D93A8540F649C9CA8540F651F76920209920665FF9C0A520996BC
:20AC80000C630600092B06001F769202090A1F76920209920A5209641F764702071A01003C
:20ACA0001F769202BF56090A06001F7649022044276C1F7649020E921F7646022793A85453
:20ACC0000F649C9CA8540F651F76920208920665FF9C0A5208960C630600082B06001F7653
:20ACE0009202080A1F76920208920A5209641F764702071A02001F769202BF56080A0600CB
:20AD0000BDB20A8FAA11BDAAA9A8BDA2CA8DA411A30F1C610A8FDE114A8DC211A9A8A10FEB
:20AD20001561A103013B41FF0119A986818A013B84920356A901A307A983C5C58183673ECB
:20AD400081DA00020119A20FF260487675C5BE82BE86BE8B06001F764602019A38934876AD
:20AD600075C31F764602039A3693487675C31F764602029A3993487675C31F764602049AAC
:20AD80003793487675C31F764602059A3A93487675C31F764602069A3B93487675C31F76DE
:20ADA0004602079A3C93487675C306001F7649022046046C019A487604DC1F765200381BB6
:20ADC000803E0564029A4876FADB046F029A4876F0DB1F7649022044136C1F76480207924A
:20ADE0000F601F7646023E92075203613B2B036FBF563B013F92B1563C0102613C2B06006C
:20AE0000A71EBDB2229A8A760080452DA9360156A600A706C6C54627D7CEDFCF48C558FF18
:20AE2000B156A6001461E68EC006C41ED087E006C71EAB920A611CD00129445696001AD0DA
:20AE400040FF9607C51E026FC5AB01BEBE8BA69206000077006FBDB21F769302A9591292E7
:20AE60000D61AB28FFFFAA28FFFFA928FFFFA828FFFFAB0F03617F76FFFF1F76930228C5FE
:20AE8000673E1F76930216060461A71EA192673E1F76930214060361A71E673E487629D7F5
:20AEA000BE8B0600008F0040BDB20502A4BD127F487608DB008F00200502A4BD127F487605
:20AEC00008DB00D44E024876A7D5008F0020A9BF107FA4BD147FA94EBC56A100BD56A10138
:20AEE0000502487608DB01D44E024876A7D5A192BE8B0600088F0000BDB20502A4BD0A7FD2
:20AF0000487608DB048F00000502A4BD0A7F487608DB00D433024876A7D5048F0000A9BF2D
:20AF2000087FA4BD0C7FA843BC56A100BD56A1010502487608DB01D433024876A7D5A1922C
:20AF4000BE8B06001F76002A228A000201D50119F41E0002088F49BD487622CF1F76002A26
:20AF6000228A009AA8280080E41E228AD4060090A818008058FFFA61009AA8280080C41E65
:20AF800008022207A98AC4060090A818008058FFF860060002FE088F001EA9A8487664D400
:20AFA0000402421E1F0248768CCA01D41F024876A7D5009A469B487664D40402421E2002CD
:20AFC00048768CCA01D420024876A7D504D41F02487634D404D42002487634D482FE060027
:20AFE00001021F7693021A07A61E078F20A11A1EA9A8A60F02631AA801021F76930204074B
:20B00000A61E041EA9A8A60F026304A801021F7693020A07A61E0A1EA9A8A60F02630AA8EC
:20B0200001021F769302015626000600487629BF058F2CD2A61EC406009B079058FF196197
:20B04000C406A6BD160F0356A9010F90A90EA9BD1E0F00770077007792E564E564E564E5FB
:20B0600064E564E564E564E564E50077A6BF160FA6060600BDB2BDAAA859A95A487699D9A6
:20B08000409A4876D2D3487652D701521261A2924876D2D3487652D701520B61A1CCFF001D
:20B0A0004876D2D3487652D7015203614876CDD9BE86BE8B0600BDB2BDAAA859A95A487600
:20B0C000B3D9409A487603D448767AD701521261A292487603D448767AD701520B61A1CC9C
:20B0E000FF00487603D448767AD7015203614876E7D9BE86BE8B06002276458F32D2058FE1
:20B1000032D2C518FEFFC41A02001A76487648C42276058F08D2C4CDFCFF0151C4971A7648
:20B12000058F2ED2C440066C015204612576C440FC6D69FF06002276A9BF3C7C0002A9BDB7
:20B140003C7CA6BF7C7CA9BD7C7CA6BFBC7CA9BDBC7CA6BFFC7CA9BDFC7CA6BF3C7DA9BD02
:20B160003C7DA6BF7C7DA9BD7C7D1A76487648D90600000022766DBEA928060D088FCDDBFE
:20B1800009B5A600A980029CA95D029CC7A8C5A8007700770077A980887618DC488F0EDCC3
:20B1A000C7A8A6BD240DA5BD260D1A7606000052ABA8A4C50761A98881DE855C877C0E0069
:20B1C000FEFFA988A60F0F6100530D61FF9DA85CBF76FEFF859287960E00FEFF8592879616
:20B1E0000C00F8FFA4A90600A980A888012903900356A9035AFFA79203520466008F8679FF
:20B20000036F008F88792276AB2DFF023B5655FFC4C0CCC1A60E3B56C498CC991A76060029
:20B22000A42DA98A0531AC0E1C09A92D01023B56A71EAB2D1F023B56A7A3ABCAAACB55FFB4
:20B24000A61EA9A811FF8500A983008D0A01A606C5CECDCF941E060002FE159A487633DA73
:20B26000CFE6010005F6007702E80009857600E700D501E802FC02E8030903D469FF03E2FB
:20B280004200A60602E800094876079D82FE0600058F08D00129C40647FF079006521360DD
:20B2A0002276A928FFFFA828FF7F08B620BE008F00FEA9BD8C7CA7BDCC7CA6BD0C7DA4BD49
:20B2C0004C7D1A7606001F764902BDAA201800FF00D20031000200D01F76930200D500D4E9
:20B2E00000B600BE26AA1F76490228A92E1EBE86223A24A026A82AC32CC206004876FEC777
:20B300001F7646023E2BBF563F01362B382B372B392B3A2B3B2B3C2B1F764802042B002B9D
:20B32000072BBF560601BF5605010C2B4876B0A30600408F0040008F0020A5BD127F05029E
:20B34000A4BD127F487608DB008F00400502A4BD147F487608DB008F00200502A4BD147F45
:20B36000487608DB0600488F0000048F0000A5BD0A7F0502A4BD0A7F487608DB088F0000A8
:20B380000502A4BD0C7F487608DB048F00000502A4BD0C7F487608DB0600408F0020008F6E
:20B3A0000040A5BD147F0502A4BD147F487608DB008F00200502A4BD127F487608DB008FE4
:20B3C00000400502A4BD127F487608DB0600448F0000088F0000A5BD0C7F0502A4BD0C7F43
:20B3E000487608DB048F00000502A4BD0A7F487608DB088F00000502A4BD0A7F487608DB5E
:20B4000006003A021F769302040F0465A928FFFF060000BE0092045204C20463A928FEFFCE
:20B42000066F029A009348760AC3009A1F769302002B06003A021F7693020A0F0465A9282F
:20B44000FFFF060000BE069204520AC20463A928FEFF066F039A069348760AC3009A1F76D6
:20B460009302062B0600A92D22760356AC01A9933F91A888058F22D3A9A8A60DA98A01028D
:20B480005AFFAC92C7FF1F90A9163B565AFFAB92C498CC991A760600227648764BBA48764A
:20B4A0009BBF48760BC048767BC048769DDB1F769302428F0000018F0000242BA5BD047FBB
:20B4C000A4BD047F1A76060006FE8076A861408FD430008FD43042C220FF004744A000D566
:20B4E00046A800D44876CB85649A48763BDC4876C1DB86FE060001520961058F00DCC44193
:20B50000116D2276A828A5A50A6F2276019AA828A5A5058F00DCC41EC441FF6D009AC41EF6
:20B520001A760600AD28000469FF1F5616561A5610E6000240291F76000002291B76487673
:20B5400066DC00520361487680D64876D9DB48762BD701520661003100B600BE0002076FD6
:20B56000AB280400AA2B04B604BE0402ABBD1039A7BD103BA6BD103DA9BD103F060028D0DA
:20B580000A8F0080A91A007D9483A81A005A01BE22D0D51E948A009AE4C248767BDA058F76
:20B5A00000DCC441FF6C06002276A9BF4079A818FFE0A9BD4079A9BF42790150A9BD42792D
:20B5C000A9BF4279A9BD42791A7606001B76F0FF00E2BD0030E6000642291656A9280004AA
:20B5E000A9F4E10C80E2BE00F1FF177602761B76F0FF00E2BD0030E6000642291656A928C9
:20B600000004A9F4E10C80E2BE00F1FF1776027658FFBDB20B650119A98B26024076D1C094
:20B6200081D900020119A10FF960BE8B0600487601DA02920B61019205520564008F00A120
:20B6400048764FD51F769302022B060048761ADA08920B61079205520564008F00A34876AA
:20B660007BD51F769302082B06001B76F0FF00E2BD0030E6000642291656257680E2BE004A
:20B68000303BF1FF177602761B76F0FF00E2BD0030E6000642291656257680E2BE00303B12
:20B6A000F1FF177602761B76F0FF00E2BD0030E6000642291656257680E2BE00303BF1FF6D
:20B6C000177602761B76F0FF00E2BD0030E6000642291656257680E2BE00303BF1FF1776B0
:20B6E00002761B76F0FF00E2BD0030E6000642291656257680E2BE00303BF1FF17760276A5
:20B700001B76F0FF00E2BD0030E6000642291656257680E2BE00303BF1FF17760276227664
:20B7200048765BDC4876D4DA4876D5C5009A4876A9DA48765BDC1A7606002276088FDECD10
:20B74000A4BD400D1A76208F0101A9A8487698D20600487678B71F769302008F00100002C3
:20B76000002BA4BD0C7F041E060048760EB81F769302008F00200002062BA4BD0C7F0A1EE6
:20B780000600A9F54748C050A9F44748A9F54948A918FCFFA9F4494806001B76F0FF00E2B9
:20B7A000BD0030E6000642291656A9F5E00C2576006F008F0000A9A80460009A00D4036F21
:20B7C000C49202DC487614CD060022764876A2B5487642B6487620B34876C1B31A760600D4
:20B7E000015204612FFF0040036F2FFF0020A9BD027F0600015204612FFF0040036F2FFFB0
:20B800000020A9BD047F0600015204612FFF0040036F2FFF0020A9BD067F06001B76F0FFC2
:20B8200000E2BD0030E60006422916562576006F1B76F0FF00E2BD0030E60006422916565A
:20B840002576006F1F7693022AA806001F76930228A806000600A5C4A483CD06A68A03DD63
:20B860004876D7D806001F562276C0B9292868001A76480092DAA92D1935A9F46B47A9F4C2
:20B880006D47060058FFA4C404610119867DFE600600009A4876A9DA48765BDC0600019AD8
:20B8A0004876A9DA48765FDC0600CC06A58A00D5487642DC06000202A9BD1A7F0600020283
:10B8C000A9BD1C7F0600257669FF0600019A0600C7
:020000040013E7
:20000000BDB2A98BBDAABDA2A45B058F00F8A9A84A86A10F06610A8F88803F02487663DCD5
:20002000058F00FBA9A8A20F06610A8F88804002487663DCA3920F5206690A8F88804102FF
:20004000487663DC058F00F8A9A8A10F076120FF46010A8FAC80487663DC227620D0910667
:2000600020D000910350911E1A76058F00F8A9A8A10F076120FF6C010A8FAC80487663DC2A
:20008000227624D0910624D00150911E1A76058F00F8A9A8A10F076120FFE5010A8FAC80FA
:2000A000487663DC2276A9B217FF0300A98AC406A918FDFFC41E1A76058F00F8A9A8A10F7E
:2000C000076120FFA9010A8FAC80487663DC2276A9B217FF0300A98AC406A918FEFFC41E84
:2000E0001A76058F00F8A9A8A10F076120FF13010A8FAC80487663DCA3920F52076920FF61
:2001000018010A8FAC80487663DC22760129C1A30356A308AB18FFF0AACBABCAC11E1A76CF
:20012000058F00F8A9A8A10F076120FFC7010A8FAC80487663DC2276A9B217FF0300A98AE2
:200140000202C498CC991A76058F00F8A9A8A10F076120FF8B010A8FAC80487663DC227650
:20016000A9B217FF0300A98B0102C198C9991A76058F00FBA9A8A20F076120FF03020A8FD3
:20018000AC80487663DC2276C206A918F8FF0A50C21E1A7607F6007769FFBE82BE86BE8BAB
:0A01A00006000119C356FFFF060018
:020000040014E6
:20000000000041783C00C07B010081783C00407B0100207F0000A07F0000A07F0000A07FC2
:2000200014008179248AF0740000A07F0000A07F00004078F100C07A64008E79188AD0742E
:200040000000A07F0000A07F2889D073AE89C0730700007F004082773400007C00400078DD
:200060003300007C1C00007C004000783300007C2889200B0B00007FB089D07300408577B4
:20008000188A504E004005783700007C2D00007C004005782889E073188AD00D1C8AE074CD
:2000A000B289700700408F771A8AF0740B00007F3A00007C00400A781C8AE00E2E00007C00
:2000C00000400A781A8AE00E2E00007C933F4378333383780C00407D933F4378333383787D
:2000E000000000790D00407D933F437800000179333383780E00407D00000279188AE07419
:20010000B614C0740000A07F0000A07F0000A07F3689F0731C8AF0743489F0731E8AF0742C
:200120000000A07F0000A07F1C8AF0731E8AB0070F00007C2F00407C1A8AF074028AF074AB
:200140001C8AF0731E8AC0031A8A2004188A401C003F8077048A9052FC89E074188AE074F0
:200160005D3F4278D7B382781A8A600600BF8B773600207C0A00207C1D00407CCA89C01462
:20018000C889D0730400407C0000C0780000A07F0000A07FFE89E07410008279008AF074C1
:2001A0000000A07F0000A07F0A008E790000A07F0000A07F4CBC40784C3C4078CDCC807821
:2001C0001A8AC0749E89C0730000A07F0000A07F0000A07F0E0083790000A07F0000A07F48
:2001E0000000A07F1A8AC073F000807A1A8AC074188AC073188AD0730800207D0900407D22
:200200000C00207D0D00407D1A8A101400BF8077188A10140500207C0000C1780000A07F2E
:200220000000A07F0000A07F36008279188AC0740A00207C0F00207C7FBF4078EE7C8078D0
:200240000100007D0000A07F0000A07F0000A07F0C0083790000A07F0000A07F0000A07F5E
:200260007FBF4178EE7C817843454078803FC577005080781100007C0500A07D208AD07404
:200280000000417830008E791A8AD0740000A07F0000A07F7F3F4078EE7C80780100007DF2
:2002A0000000A07F0000A07F0000A07F0C0085790000A07F0000A07F0000A07F7F3F417803
:2002C000EE7C817843454078005080781100007C0500A07D1A8AD07400004178350C8178A9
:2002E000208AD0740000C2780000A07F0000A07F0000A07F360082790000A07F0000A07F0A
:200300000000A07F7FBF4178EE7C81780600007D0000A07F0000A07F0000A07F0C0083797C
:200320000000A07F0000A07F0000A07F7FBF4278EE7C827843454078803FC977005080787D
:200340001100007C0500A07D228AD0740000417830008E791C8AD0740000A07F0000A07FE6
:200360007F3F4178EE7C81780600007D0000A07F0000A07F0000A07F0C0085790000A07F9A
:200380000000A07F0000A07F7F3F4278EE7C827843454178005081782500007C0500A07DF6
:2003A0001C8AD07400004178350C8178228AD0740000C3780000A07F0000A07F0000A07FD8
:2003C0004E0082790000A07F0000A07F0000A07F7FBF4178EE7C81780700007D0000A07F7A
:2003E0000000A07F0000A07F0C0083790000A07F0000A07F0000A07F7FBF4378EE7C8378FC
:20040000803FCD77434543780000407800508378010080781D00007C000043781E8AF0743A
:200420000415B0753F00C07B3F00407B0C00207F0000A07F0000A07F0000A07F48008179C0
:200440000000A07F0000A07F0500A07D9E008E790000A07F0000A07F0000A07F7F3F4178C3
:20046000EE7C81780700007D0000A07F0000A07F0000A07F0C0085790000A07F0000A07FF0
:200480000000A07F7F3F4378EE7C8378434541780000407800508178010080783500007C73
:2004A0000415B0753F00C07B3F00407B0C00207F0000A07F0000A07F0500A07D6600807920
:2004C0001E8AD07400004178350C8178188AE0730000A07F0000A07F0000A07F30008279C0
:2004E0000000A07F0000A07F0000A07F7FBF4378EE7C83780E00007D0000A07F0000A07F78
:200500000000A07F0E0083790000A07F0000A07F0000A07F7FBF4278EE7C8278188AE07403
:2005200043454378803FCA77005083782E008E792E00007C000043780A00A07D7F3F4378F3
:20054000EE7C83780E00007D0000A07F0000A07F0000A07F0E0085790000A07F0000A07F04
:200560000000A07F7F3F4278EE7C8278188AE07443454378005083782E00007C0B00A07D2A
:2005800000004278350C82781A8AC0736B40C075208AC0736B41C0751C8AC0736B42C07536
:2005A000228AC0736B43C0751E8AC0736B44C0756B45D0750000A07F0000417801008178F3
:2005C000041580753C00C07B3C00407B0100207F0000A07F0000A07F0000A07F0C0080799D
:2005E0000000A07F0000A07F0000A07F6B46F0756D46E075248AF0730000AF790000A07F28
:200600000000A07F0000A07F1C8A40770000A07F0000A07FD80D9F79620B9075000080789A
:200620002C15E073004080771215D0730400007C1289C0740000A07F0000A07FC40D9F790F
:20064000420B9075000080782E15E073004080771415D0730400007C1489C0740000A07FA7
:200660000000A07FB00D9F79220B9075000080783015E073004080771615D0730400007C9F
:200680001689C0740000A07F0000A07F9C0D9F79630B9075000080783215E073004080774C
:2006A0001815D0730400007C1889C0740000A07F0000A07F880D9F79430B9075000080783F
:2006C0003415E073004080771A15D0730400007C1A89C0740000A07F0000A07F740D9F79A7
:2006E000230B9075000080783615E073004080771C15D0730400007C1C89C0740000A07F0E
:200700000000A07F600D9F79600B9075000080780615E073004080770089C0740000A07F4C
:200720000000A07F500D9F79400B9075000080780815E073004080770289C0740000A07F58
:200740000000A07F400D9F79200B9075000080780A15E073004080770489C0740000A07F64
:200760000000A07F0000A07F0489C0730089D0730400407CAA3E4178AAAA81780400007C81
:200780000689C0740000A07F0000A07F0000A07F0089C0730289D0730400407CAA3E41784E
:2007A000AAAA81780400007C0889C0740000A07F0000A07F0000A07F0289C0730489D073BC
:2007C0000400407CAA3E4178AAAA81780400007C0A89C0740000A07F0000A07FF40C9F79CE
:2007E000610B9075000080780C15E073004080770C89C0740000A07F0000A07FE40C9F79D6
:20080000410B9075000080780E15E073004080770E89C0740000A07F0000A07FD40C9F79E1
:20082000210B9075000080781015E073004080771089C0740000A07F0000A07FC40C9F79ED
:20084000640B9075803F4278010080781E15D0730400007C2089C0740000A07F0000A07FA1
:20086000B20C9F79010B9075803F4278010080782015D0730400007C2289C0740000A07F29
:200880000000A07FA00C9F79000B9075000080782415E0731E89C0740000A07F0000A07FC8
:2008A000920C9F79440B9075000080782A15E0732215D0730400007C2489C0740000A07FAA
:2008C0000000A07F800C9F79020B9075000080783815E0732815D0730400007C2689C074C8
:2008E0005E0A9F790000A07F000081782489C073CC89C074540A9F790000A07F0200817867
:200900002089C073C889C0744A0A9F790000A07F030081782289C073CA89C074400A9F7928
:200920000000A07F010081781E89C073C489C0740000A07F0000A07F0000A07F1289C07318
:200940009214C0740000A07F0000A07F0000A07F1489C0739414C0740000A07F0000A07F76
:200960000000A07F1689C0739614C0740000A07F0000A07F0000A07F1889C0739814C07497
:200980000000A07F0000A07F0000A07F1A89C0739A14C0740000A07F0000A07F0000A07FE5
:2009A0001C89C0739C14C0740000A07F0000A07F0000A07F0C89C0738C14C0740000A07F63
:2009C0000000A07F0000A07F0E89C0738E14C0740000A07F0000A07F0000A07F1089C07310
:2009E0009014C0740000A07F0000A07F0000A07F0689C0738614C0740000A07F0000A07FF4
:200A00000000A07F0889C0738814C0740000A07F0000A07F0000A07F0A89C0738A14C0742E
:200A20000000A07F0000A07F0000A07F0089C0738014C0740000A07F0000A07F0000A07F78
:200A40000289C0738214C0740000A07F0000A07F0000A07F0489C0738414C0740000A07F06
:200A60000000A07F0000A07FC889C0739E14C0740000A07F0000A07F0000A07FCA89C073EB
:200A8000A014C0740000A07F0000A07F0000A07FC889C073CA89D0731000207CC689C074C8
:200AA0000000A07F0000A07F0000A07FC689C073A214C0740000A07F0000A07F0000A07F10
:200AC000CC89C073A414C0740000A07F0000A07F0000A07F2689C073A814C0740000A07F54
:200AE0000000A07F0000A07FC489C073A614C0740000A07F1B4441788F928178C689C07377
:200B00000400007C2889C0740000A07F0000A07F1A444178CC89C0731C8A00770068817815
:200B20000400007C2A89C0740000AF790000A07F0000A07F0000A07F3C89C0735489D073B1
:200B40000400407C6689C0740000A07F0000A07F0000A07F6689C073B489D0736C891001AD
:200B60001000207C6E89C0740000A07F0000A07F0000A07F6E89C073D489D07300000578FA
:200B8000A0408677D489D073A04085770400407D0800207D6E89C0740000A07F0000A07F2D
:200BA0000000A07F6689C073B689D0736C8940011000207C6C89C0740000A07F0000A07F29
:200BC0000000A07F6C89C073D489D07300000578A0408677D489D073A04085770400407D97
:200BE0000800207D6C89C0740000A07F49404178DB0F81783E89C073004080770400007C32
:200C0000C9374178484280779C5381786E8910010400407C9089C0740000A07F0000A07F5F
:200C20000000A07F3E89C073000000786889C0740000A07F0000A07F0000A07F6889C0737D
:200C4000B489D073708910011000207C7289C0740000A07F0000A07F0000A07F7289C073A4
:200C6000D489D0730000057880408677D489D073804085770400407D0800207D7289C074A9
:200C80000000A07F0000A07F0000A07F6889C073B689D073708940011000207C7089C0743E
:200CA0000000A07F0000A07F0000A07F7089C073D489D0730000057800408677D489D073B1
:200CC000004085770400407D0800207D7089C0740000A07F49404178DB0F81783C89C07309
:200CE000004080770400007CC9374178484280779C538178728940011000207C9289C074E4
:200D00000000A07F0000A07F0000A07F4889C073000000787889C0740000A07F0000A07F87
:200D20000000A07F7889C073B489D0737C8910011000207C7E89C0740000A07F0000A07FA5
:200D40000000A07F7E89C073D489D0730000057880408677D489D073804085770400407D43
:200D60000800207D7E89C0740000A07F0000A07F0000A07F7889C073B689D0737C8940013A
:200D80001000207C7C89C0740000A07F0000A07F0000A07F7C89C073D489D07300000578BC
:200DA00000408677D489D073004085770400407D0800207D7C89C0740000A07F494041781A
:200DC000DB0F81784A89C073004080770400007CC9374178484280779C5381787E89100139
:200DE0000400407C9489C0740000A07F0000A07F0000A07F4A89C073000000787A89C074D0
:200E00000000A07F0000A07F0000A07F7A89C073B489D073808910011000207C8289C074BA
:200E20000000A07F0000A07F0000A07F8289C073D489D0730000057880408677D489D0739D
:200E4000804085770400407D0800207D8289C0740000A07F0000A07F0000A07F7A89C0739E
:200E6000B689D073808940011000207C8089C0740000A07F0000A07F0000A07F8089C07324
:200E8000D489D0730000057800408677D489D073004085770400407D0800207D8089C07479
:200EA0000000A07F49404178DB0F81784889C073004080770400007CC937417848428077F9
:200EC0009C538178828940011000207C9689C0740000A07F0000A07F0000A07F9289C07334
:200EE0003689D073908910013489E0731900007C0400407C188AC0749089C0733689D0733D
:200F0000928910013489E0731C8A70469489C0113489D073968910013689E0731900007C74
:200F20001000207C1A8AC0749489C073F000807A3689D073968910013489E0731900007C1C
:200F4000188A10141A8A801C34894011368930013B00007C3000207C9889C0740000A07F96
:200F60000000A07F0000A07F9889C073D489F07300000F78188AF0740000A07FD489F073B3
:200F80000C00407D188AF0730C00207D9889C0740000A07F0000A07FF500807A3689C07366
:200FA000348910041900007C1000207C9A89C0740000A07F0000A07F0000A07F9A89C07315
:200FC000D489D07300000678D489D0730400407D0800207D9A89C074000040789C89C07485
:200FE0000000A07F0000A07F0000A07F9889C0739E89C0740000A07F0000A07F0000A07F88
:201000009A89C073A089C0740000A07F0000A07F1C8AF0739C89C073A289C0740000AF79F7
:201020000000A07F0000A07F0000A07F9A434178EC89C073006881780400007C4E89C07429
:201040009A434178EE89C073006881780400007C5089C0749A434178F089C07300688178BF
:201060000400007C9A4341785289C07400688178F689C0730400007C9A4341784289C07423
:2010800000688178F889C0730400007C9A434178006881784489C074FA89C0730400007C8D
:2010A000384441780C5681784689C074128AC0730400007C384441780C5681783C89C074C5
:2010C000148AC0730400007C384441780C5681783E89C074168AC0730400007C38444178AC
:2010E0000C5681784089C0740C8AC0730400007C384441780C5681784889C0740E8AC073EF
:201100000400007C384441780C5681784A89C074108AC0730400007C4C89C0740000A07F43
:20112000233C41780AD78178621500750400007CBC89C0740000A07F233C41780AD78178C7
:20114000631500750400007CBE89C0740000A07F033841786F128178BE89C0730400007C20
:20116000BE89C0740000A07F233C41780AD78178641500750400007CB889C0740000A07FE1
:20118000233C41780AD78178651500750400007CBA89C0740000A07F033841786F128178EA
:2011A000BA89C0730400007CBA89C0740000A07FB53F4178F30481785E15C0730400007CE0
:2011C000D089C0740000A07FB53F4178F30481785C15C0730400007CCE89C0740000A07FF8
:2011E0000000A07F0000A07F6015C073D289C0740000A07F993F41789A998178D089C07312
:201200000400007CD489C0740000A07F993F41789A998178CE89C0730400007CD889C07442
:201220000000A07F993F41789A998178D289C0730400007CD689C0740000A07F0000A07FF3
:201240000000A07F3C89C073AE14C0740000A07F0000A07F0000A07F3E89C073B014C07432
:201260000000A07F0000A07F0000A07F4E89C073B214C0740000A07F0000A07F0000A07FB0
:201280005089C073B414C0740000A07F0000A07F0000A07F4289C073AA14C0740000A07FDA
:2012A0000000A07F0000A07F4489C073AC14C0740000A07FB53F4178F30481783C15C073BC
:2012C0000400007C5489C0740000A07F0000A07F0000A07F3E15C0737A4480776089C074C8
:2012E0000000A07F0000A07F0000A07F4015C0737A4480776289C0740000A07FB53F417869
:20130000F30481784615C0730400007C6489C0740000A07F0000A07F0000A07F4215C073C7
:201320005689C0740000A07F0000A07F0000A07F4415C0735889C0740000AF790000A07F55
:201340000000A07F0000A07F01158075000041783C00C07B3C00407B0100207F0000A07F5E
:201360000000A07F0000A07F14008079208AF0740000A07F0000A07F4A15C0733489C07453
:2013800014008E790000A07F0000A07F4815C0734E15C0733489C0740000A07F0000A07F9F
:2013A0000000A07F4C15C0733689C0740000A07F0000A07F0000A07F1289C0731A8AC07484
:2013C0000000A07F0000A07F1489E0731A8AF0731689D0733689C0731C8AC0743489C0733A
:2013E0001E8A0059003F80770C00407C2A3F4378ABAA83780C00007CE889C074133F437840
:201400003ACD8378188A00661A8AC0032000207C1000207C133F41783ACD81780400007C68
:20142000F089C0741E8AD073188AC0731C8A40013000007C1000207CEC89C0741C8AD0736E
:20144000188AC073F000807A1E8A40013000007C1000207CEE89C0741889C0731A8AC07435
:201460000000A07FEA89F0741A89E0731A8AF0731C89D0733689C0731C8AC0743489C073D5
:201480001E8A0059003F80770C00407C2A3F4378ABAA83780C00007CF289C074133F437895
:2014A0003ACD8378188A00661A8AC0032000207C1000207C133F41783ACD81780400007CC8
:2014C000FA89C0741E8AD073188AC0731C8A40013000007C1000207CF689C0741C8AD073BA
:2014E000188AC073F000807A1E8A40013000007C1000207CF889C0740689C073188AC0749F
:20150000F489F0740889D0730A89C073188AB014003F8A772E00407C2A3F4378ABAA83784C
:201520002E00007C068AE074133F43783ACD83781A8AA0612E00007C088AE0741C8AE074DF
:20154000188AE0732500207C1000207C133F41783ACD81781C8A30010A8AC074188AC074A9
:201560003689E0731A8AC0733489D00E0400007C3000207C128AC0741A8AC073F000807A0A
:201580001C8A20022500007C36893014148AC074188AC073168AC0743489E0731C8AC0737B
:2015A0001A8A40030800007C1000407C0C8AC0741C8AD0731A8A40060C00007C1000207C23
:2015C0000E8AC074208AF073188AC073108AC0740000AF790000A07F0000A07F0000A07F0A
:2015E000B8148075010081783C00C07B3C00407B0400C07CB814C0750000A07F00004178A9
:20160000007D8178B81480753C00C07B3C00407B0100207F0000A07F0000A07F0000A07F28
:20162000120083790000A07F0000A07F0000A07F00004078B814C0750000A07F0000A07F48
:201640000000A07FB9148075010081783C00C07B3C00407B0400C07CB914C0750000A07FE0
:2016600000004178C8008178B91480753C00C07B3C00407B1000E07CBA14C0740000A07F33
:2016800000004178007D8178B91480753C00C07B3C00407B0100207F0000A07F0000A07F0D
:2016A0000000A07F0C0083790000A07F0000A07F0000A07F00004078B914C075A6F79F7937
:2016C0000000A07F0000A07F0000A07F3EFE9F790000A07F0000A07F0000A07FA8FC9F7940
:2016E0000000A07F0000A07F0000A07F00004178001580753C00C07B3C00407B0100207FBC
:201700000000A07F0000A07F0000A07F8E0081790000A07F0000A07F0000A07F031580757A
:20172000000041783C00C07B3C00407B0100207F0000A07F0000A07F0000A07F6200817929
:201740000000A07F0000A07F0000A07F01158075000041783C00C07B3C00407B0100207F5A
:201760000000A07F0000A07F0000A07F320081790000A07F0000A07F0000A07F0115807578
:20178000000041783C00C07B010081783C00407B0100207F0000A07F0000A07F0000A07F2B
:2017A0003C0080790000A07F0000A07F0000A07F3C029F790000A07F0000A07F0000A07FE4
:2017C0002C008E790000A07F0000A07F0000A07FB4F99F790000A07F0000A07F0000A07F57
:2017E00044009F790000A07F0000A07F0000A07F14008E790000A07F0000A07F0000A07FB8
:201800005489C073AE89C07400004078B089C07400004078B289C07412008E790000A07FC9
:201820000000A07F0100807806059F790000A07F0000A07F0000A07F00004078E389C075B7
:201840000000A07F0000A07FDCF39F79E38980753C00C07B3C00407B0000A07F0000A07F56
:201860000000A07F0000807F9E89C073D489D07300000678D489D0730400407D0800207DCC
:201880009E89C0740000A07F0000A07F0000A07F4289C0739E89D0730400407CA489C07407
:2018A0000000A07F0000A07F0000A07FA489C073B889D073848910011000207C8689C074DA
:2018C0000000A07F0000A07F0000A07FA489C073BA89D073848940011000207C8489C0748A
:2018E0000000A07F0000A07F0000A07F8489C073D889D07300000678D889D0730400407DC4
:201900000800207D8489C0740000A07F49404178DB0F81784489C073004080770400007CE6
:20192000513941784842807718B78178868910013C89E0732500207C0400407CAE89C074F7
:201940000000A07F0000A07F0000A07FAE89C073D889D07300000678D889D0730400407D39
:201960000800207DAE89C0740000A07F0000A07F0000A07FA089C073D489D0730000067880
:20198000D489D0730400407D0800207DA089C0740000A07F0000A07F0000A07F4489C07387
:2019A000A089D0730400407CA689C0740000A07F0000A07F0000A07FA689C073B889D07355
:2019C000888910011000207C8A89C0740000A07F0000A07F0000A07FA689C073BA89D073AD
:2019E000888940011000207C8889C0740000A07F0000A07F0000A07F8889C073D889D0735F
:201A000000000678D889D0730400407D0800207D8889C0740000A07F49404278DB0F8278B3
:201A20008A89C0733E89D07342891014004085771900007C513942784842857718B7827803
:201A40001900007C1000207CB089C0740000A07F0000A07F0000A07FB089C073D889D0736B
:201A600000000678D889D0730400407D0800207DB089C07400004078B289C0740000AF7922
:201A80000000A07F0000A07F0000A07F00004078B814C07500004078B914C07500004078BE
:201AA000E389C07500004078FC89C07400004078FE89C07400004078008AC0740000407873
:201AC000028AC07400004078048AC07400004078E889C07400004078EA89C0740000407858
:201AE000EC89C07400004078EE89C07400004078F089C07400004078F289C0740000407856
:201B0000F489C07400004078F689C07400004078F889C07400004078FA89C0740000407815
:201B2000068AC07400004078088AC074000040780A8AC07400004078128AC07400004078A3
:201B4000148AC07400004078168AC074000040780C8AC074000040780E8AC0740000407869
:201B6000108AC074403F4078B489C074A33940780BD78078B689C074403F4078BC89C0745E
:201B8000A33940780BD78078BE89C07400404078C089C074A33940780BD78078C289C074FA
:201BA000883F4078A4888078B889C0745A3B407813748078BA89C074000040786C89C074E9
:201BC000000040787089C074000040787489C074000040787C89C074000040788089C07451
:201BE000000040788489C074000040788889C074000040788C89C07400004078AA89C074CF
:201C000000004078AC89C07400004078DA89C07400004078DC89C0740000AF790000A07FBC
:201C20000000A07F0000A07F188A407702158075000041783C00C07B3C00407B0100207F3A
:201C40000000A07F0000A07F0000A07F880081790000A07F0000A07F0000A07F021580753C
:201C6000000041783C00C07B010081783C00407B0100207F0000A07F0000A07F0000A07F46
:201C80005C0081790000A07F0000A07F0000A07F02158075000041783C00C07B020081785A
:201CA0003C00407B0100207F0000A07F0000A07F0000A07F320081790000A07F0000A07FC6
:201CC0000000A07F02158075000041783C00C07B030081783C00407B0100207F0000A07FF7
:201CE0000000A07F0000A07F420080790000A07F0000A07F0000A07F08019F790000A07FCE
:201D00000000A07F0000A07F32008E790000A07F0000A07F0000A07F80019F790000A07F37
:201D20000000A07F0000A07F22008E790000A07F0000A07F0000A07F6489C0739E89C07464
:201D400000004078A089C0740000407810008E79A289C0740000A07F0000A07FE6019F7903
:201D60000000A07F0000A07F0000A07F7EFD9F790000A07F0000A07F0000A07F188A0077FD
:201D80000000A07F0000A07F0000A07F0000AF790000A07F0000A07F0000A07F188AD0757A
:201DA0001A8AF074F300C07A00004278188AC0733C00C07B3C00807B0200207F0000A07FF1
:201DC0000000A07F0000A07F180080790000A07F0000A07F0000A07FB73D4078693F41784A
:201DE0005E168078341D8178DA89200C2600007C2000207CDA89C074188AE07300004178FB
:201E00003E00C07B010081783E00807B0900207F0000A07F0000A07F0000A07F1800807900
:201E20000000A07F0000A07F0000A07FB73D4078693F41785E168078341D8178DC89200CF1
:201E40002600007C2000207CDC89C074188AE073000041783E00C07B020081783E00807B30
:201E60000900207F0000A07F0000A07F0000A07F180080790000A07F0000A07F0000A07FEF
:201E8000B73D4078693F41785E168078341D8178DE89200C2600007C2000207CDE89C074F3
:201EA000188AD073000042783D00C07B030082783D00807B0600207F0000A07F0000A07FF3
:201EC0000000A07F180080790000A07F0000A07F0000A07FB73D4078693F42785E168078FB
:201EE000341D8278E089100C1900007C1000207CE089C0741A8AF0730000AF790000A07FE6
:201F00000000A07F0000A07F2A89C0735889D0730400407C6689C0740000A07F0000A07F58
:201F20000000A07F6689C073C089D0736C8910011000207C6E89C0740000A07F0000A07FB9
:201F40000000A07F6E89C073D489D07300000678D489D0730400407D0800207D6E89C074E9
:201F60000000A07F0000A07F0000A07F6689C073C289D0736C8940011000207C6C89C07449
:201F80000000A07F0000A07F0000A07F6C89C073D489D07300000678D489D0730400407D3D
:201FA0000800207D6C89C0740000A07F0000A07F0000A07F6E89C0739889C07400004078BF
:201FC0009A89C074000040789C89C0740000A07F0000A07F0000A07F9889C0739E89C0748D
:201FE0000000A07F0000A07F0000A07F9A89C073A089C0740000A07F0000A07F0000A07F74
:202000009C89C073A289C0740000AF790000A07F0000A07F0000A07F5689C0732889D0737E
:202020000400407C6689C0740000A07F0000A07F0000A07F6689C073BC89D0736C891001B0
:202040001000207C6E89C0740000A07F0000A07F0000A07F6E89C073D489D0730000067804
:20206000D489D0730400407D0800207D6E89C0740000A07F0000A07F0000A07F6689C073B0
:20208000BE89D0736C8940011000207C6C89C0740000A07F0000A07F0000A07F6C89C07326
:2020A000D489D07300000678D489D0730400407D0800207D6C89C0740000A07F0000A07F95
:2020C0000000A07F6E89C0739889C074000040789A89C074000040789C89C0740000A07F23
:2020E0000000A07F0000A07F9889C0739E89C0740000A07F0000A07F0000A07F9A89C07340
:20210000A089C0740000A07F0000A07F0000A07F9C89C073A289C0740000AF790000A07F07
:202120000000A07F0000A07F3C89C0733C89D0733E8910013E89E0731900007C1A8A3054B2
:202140000300007F2A3F41783200007CABAA817800400A783B00007C0E00007C00400A781A
:202160006289C00E3E899007608910013C89F0731D00007C0400407C0800007C9E89C074EE
:202180000000A07F0000A07F0000A07F6289C0733C89D073608910013E89F0731D00007CFF
:2021A0000400407C1A8A3002A089C07400004078A289C0740000AF790000A07F0000A07FAF
:2021C0000000A07F188AF074F700C07AF100C07A3F00C07B3D00C07B3F00807B3D00407B5A
:2021E0000C00E07E3D00C07B000043783D00407B0700207F0000A07F0000A07F0000A07F47
:20220000100080790000A07F0000A07F803780772615D073003F85771900007C1000407CAF
:20222000188AF0730000AF790000A07F0000A07F0000A07F000040786C89C074000040787B
:202240007089C074000040787489C074000040787C89C074000040788089C07400004078CA
:202260008489C074000040788889C074000040788C89C07400004078AA89C0740000407848
:20228000AC89C074000040785489C0740000AF790000A07F0000A07F0000A07FF8FB9F797C
:2022A0000000A07F0000A07F0000A07F0000A07F0000A07F0000A07F0000807F0000A07F46
:2022C0000000A07F0000A07F0000807F0000A07F0000A07F0000A07F0000807F0000A07F46
:2022E0000000A07F0000A07F0000807F0000A07F0000A07F0000A07F0000807F0000A07F26
:1C2300000000A07F0000A07F0000807F0000A07F0000A07F0000A07F0000807F28
:202320000100A50C00000F00EE0300080F006E00FF4741000100274DFF001500324E2ADCD0
:2023400008001000B14EF0FF55DC0800C4D408002BDC0800000000007E0100000000000010
:20236000F800000000000000BE0000000000000030000000000000000E0000000000000069
:20238000E800000090110A0000A00000AA110A0000900000AE110A0080910000B2110A000E
:1C23A00080920000B6110A00E8890000BA110A00188A0000BE110A0000890000F4
:020000040015E5
:2000000000CE050010CE050018CE050020CE05000D0184000E0185000F01860010018700F8
:200020000000000000000000000000000000000000A0030000B003000200000000A00300C5
:2000400000B0030040CE050050CE050058CE050060CE0500090BD0000A0BD1000B0BD200A7
:200060000C0BD3000D0BD4000E0BD5000F0BD600100BD700009003000080030001000000C3
:20008000009103000080030000CE050018CE050010CE050020CE05000D0184000E0185008F
:2000A0000F018600100187000000000000000000000000000000000000B0030000A00300BC
:2000C0000200000000B0030000A0030040CE050050CE050058CE050060CE0500090BD00050
:2000E0000A0BD1000B0BD2000C0BD3000D0BD4000E0BD5000F0BD600100BD70000900300F9
:20010000008003000100000000910300008003002E002E002F0044007200690076006500BF
:2001200072002F006400650076006900630065002F006400720069007600650072006C0087
:20014000690062002F0066006C006100730068002E006300000000002E002E005C0044000A
:20016000720069007600650072005C006400650076006900630065005C00640072006900F0
:200180007600650072006C00690062005C0066006C006100730068002E00680000000000DB
:2001A0002E002E002F004400720069007600650072002F00640065007600690063006500A9
:2001C0002F006400720069007600650072006C00690062002F0073007900730063007400C8
:2001E0006C002E00630000002E002E005C004400720069007600650072005C0064006500B9
:2002000076006900630065005C006400720069007600650072006C00690062005C00640058
:20022000630063002E006800000000002E002E002F004400720069007600650072002F003C
:200240006400650076006900630065002F006400720069007600650072006C00690062003C
:200260002F006700700069006F002E00630000002E002E005C00440072006900760065005D
:2002800072005C006400650076006900630065005C006400720069007600650072006C00CC
:2002A000690062005C0078006200610072002E006800000043003A002F00740069002F001C
:2002C000630032003000300030002F004300320030003000300057006100720065005F00D7
:2002E00035005F00300031005F00300030005F00300030002F006400720069007600650042
:2003000072006C00690062002F006600320038003300380078002F0064007200690076006E
:20032000650072006C00690062002F006500700077006D002E006800000000002E002E00D5
:200340002F004400720069007600650072002F006400650076006900630065002F006400D0
:20036000720069007600650072006C00690062002F0063006C0062002E006300000000002D
:200380002E002E005C004400720069007600650072005C006400650076006900630065006D
:2003A0005C006400720069007600650072006C00690062005C0063006C0062002E006800FB
:2003C000000000002E002E002F004400720069007600650072002F0064006500760069004F
:2003E000630065002F006400720069007600650072006C00690062002F00640063006300EA
:200400002E006300000000002E002E005C004400720069007600650072005C006400650002
:2004200076006900630065005C006400720069007600650072006C00690062005C00640036
:20044000630063002E006800000000002E002E002F004400720069007600650072002F001A
:200460006400650076006900630065002F006400720069007600650072006C00690062001A
:200480002F007300630069002E006300000000002E002E005C0044007200690076006500AB
:2004A00072005C006400650076006900630065005C006400720069007600650072006C00AA
:2004C000690062005C007300630069002E0068000000000043003A002F00740069002F0068
:2004E000630032003000300030002F004300320030003000300057006100720065005F00B5
:2005000035005F00300031005F00300030005F00300030002F00640072006900760065001F
:2005200072006C00690062002F006600320038003300380078002F0064007200690076004C
:20054000650072006C00690062002F0063006C0062002E00680000002E002E002F004400C8
:20056000720069007600650072002F006400650076006900630065002F0064007200690046
:200580007600650072006C00690062002F0069006E007400650072007200750070007400BB
:2005A0002E006300000000002E002E002F004400720069007600650072002F0064006500BB
:2005C00076006900630065002F006400720069007600650072006C00690062002F006D00E6
:2005E00065006D006300660067002E00630000002E002E002F0044007200690076006500E3
:2006000072002F006400650076006900630065002F006400720069007600650072006C00A2
:20062000690062002F006100640063002E006300000000002E002E002F004400720069005D
:200640007600650072002F006400650076006900630065002F006400720069007600650065
:1606600072006C00690062002F006900700063002E0063000000DF
:200678001872313FD95BDE3E0000FE42FFFFFF3F0000803F000000000000803F000000BF5F
:20069800DB3D1F37D2C37F3F4DB8F0BEB7DF94383B1D7F3FA7C4E2BEFD4D6B39831E7E3FFF
:2006B800BFFED5BE07D5023AEAD67C3F8845CABEE827703A37537B3F5A7CBFBE0151C33A4B
:2006D800239E793F488AB5BE9B31123BB7C0773F8B59ACBE09044E3B8FC2753F0AD7A3BED3
:2006F8009AA58A3B1CAA733FFDF19BBE6305B43BCF7C713F939B94BEF713E33B463F6F3FF2
:20071800AEC68DBE28DC0B3C6CF56C3FAB6787BE5AE8283C93A26A3F2E7481BE819A483C50
:200738008F49683FEEC577BE43DC6A3CC3EC653F7F576DBEDACA873C398E633F398E63BE69
:20075800F5569B3CA92F613FC35C5ABEB905B03C89D25E3F17B751BE51CAC53C14785C3FEE
:200778005B9249BEF897DC3C53215A3FBCE441BE0D62F43C27CF573F52A53ABE148E063D1B
:200798004882553F07CC33BE175D133D533B533F7F512DBE2D98203DC7FA503F052F27BEF5
:2007B800A2392E3D0BC14E3F795E21BEF63B3C3D758E4C3F41DA1BBEDB994A3D48634A3F71
:2007D8003C9D16BE364E593DB73F483FB4A211BE2454683DEA23463F57E60CBEF5A6773D93
:2007F800FC0F443F2A6408BE16A1833D0004423F831804BEC0908B3D0000403F000000BE51
:00000001FF
