:020000040010EA
:04000000480087E14C
:020000040011E9
:2000000003E2BD0403E2BD0503E2BD0603E2BD0716FE1F76520006061F76410200BE001E87
:200020001F76520012061F764102021EAFE2000095E6000003E22800AFE2020095E60000A2
:2000400003E22A00AFE20600AFE2000194E6010014ADB256A60101022D7E01562E00AFE2B9
:200060001C00AFE2280110E74000007703E21C00AFE22800AFE2280100E70900AFE21E00E9
:2000800010E74000007703E21E00AFE20C00AFE2280120E70900AFE23E0000E70900AFE2F8
:2000A0000C0710E7C801007703E20C00AFE22A00AFE22A0100E70900AFE2200010E74000B6
:2000C000007703E22000AFE20200AFE2000100E70900AFE2240010E74000007703E2240023
:2000E0001A2B2D922C54E1FFC4002D920152E0FFC0002E06300F0D623C921E5202633C0A5C
:2001000000022E1E32062E0FE3FFB600EFFFB700BF561A0188E22E00007701E801FC74E264
:200120000800007700770077007703E23400AFE2340077E20000007700770077007703E2E3
:200140003600AFE21C00AFE2340100E70800007703E20A00AFE21E0077E2010000770077AA
:200160000077AFE2360000E70800007703E20800AFE2200077E20100007700770077AFE2ED
:20018000360000E70800007703E21200AFE22400AFE2340100E70900AFE23A0010E740005F
:2001A000007703E23A00AFE20800AFE2120100E70900AFE2260010E74000007703E226000C
:2001C000AFE20400AFE2340100E70800007703E20E00AFE22200AFE20E0110E7400000776A
:2001E00003E22200380A389264523364382B01E819E101E818E1AFE23A0293E50EE851B833
:2002000000E789000EE850B803E2140103E23A03AFE2260100E7400097E503E2160003E219
:200220002607AFE21600AFE2140174E209000077007701E81EE10EE856B803E21801AFE27C
:20024000220100E7700095E503E2100003E2220500023C2B93E592E591E590E52E1E03E235
:200260001C0303E21E0203E2200103E2240032062E0F04643C9214522D6590E592E591E546
:2002800097E503E2080093E596E595E594E503E20A02000203E20C0103E20E0703E2120336
:2002A00003E2140603E2160503E218041A2B03E21C0703E21E0603E2200503E2240403E2EC
:2002C000260303E23A0703E2100203E222012E1E3C2B2D9202E8D01C02E8C7212C9602E80A
:2002E000C62102E8D41C01E81DD4AFE212010BE800400AE867B00AE866B00BE8044008E854
:200300007D9302E3080A00E7B800AFE2140303E2520007E3168700BE01E3183202E8C42116
:200320000DE0466A0AE864B002E8D61CAFE210020BE806401F7652000FE3521F08061F7675
:20034000420207E346A6001E1F76520014061F764202021EAFE2000095E6000003E2280052
:20036000AFE2020095E6000003E22A0001E818D41F76440208E8789303E2360203E20007AC
:2003800008E012191F76420203E24A03AFE24A04AFE206071F76440203E23C0603E21E05B8
:2003A0001F764202AFE200061F76440203E22A041F76420294E63E0014ADB256A6010102DB
:2003C0002D7E01562E00AFE21C00AFE2280310E7C000007703E21C00AFE22800AFE22803E0
:2003E00000E71B00AFE21E0010E7C000007703E21E00AFE20C00AFE2280320E71B00AFE20F
:200400003E0000E71B00AFE20C0710E7D801007703E20C00AFE22A00AFE22A0300E71B0045
:20042000AFE2200010E7C000007703E22000AFE20200AFE2000300E71B00AFE2240010E703
:20044000C00003E24E0503E224001A2B2D922C54E1FFC4002D920152E0FFC0002E06300F4F
:200460000D623C921E5202633C0A00022E1E32062E0FE3FFB600EFFFB700BF561A0188E28A
:200480002E00007701E803FC74E21800007700770077007703E23400AFE2340077E200004E
:2004A000007700770077007703E23600AFE21C00AFE2340300E71800007703E20A00AFE2DA
:2004C0001E0077E20300007700770077AFE2360000E71800007703E20800AFE2200077E209
:2004E0000300007700770077AFE2360000E71800007703E21200AFE22400AFE2340300E7FC
:200500001B00AFE23A0010E7C000007703E23A00AFE20800AFE2120300E71B00AFE22600B0
:2005200010E7C000007703E22600AFE20400AFE2340300E71800007703E20E00AFE2220009
:20054000AFE20E0310E7C000007703E22200380A389264523364382B01E81BE101E818E141
:20056000AFE23A0495E50EE853B800E71B010EE850B803E2140303E23A05AFE2260300E76F
:20058000C00097E503E2160003E22607AFE21600AFE2140374E21B000077007701E81EE17C
:2005A0000EE856B803E21803AFE2220300E7F00094E503E2100003E2220400023C2B95E54E
:2005C00094E593E590E52E1E03E21C0503E21E0403E2200303E2240032062E0F04643C92A0
:2005E00014522B6590E594E593E597E503E2080095E596E503E20A04000203E20C0303E273
:200600000E0703E2120503E2140603E2160703E218001A2B03E21C0603E21E0403E220076C
:2006200003E2240603E2260503E23A0403E2100703E222032E1E3C2B2D9202E8D01C02E840
:20064000C7212C9602E8C62102E8D51CAFE212030BE800400AE867B00AE866B00BE8054022
:2006600000E7C000AFE2080307E054C0AFE2140409E0508000BE01E3167E02E8C5210AE8E2
:2006800065B0AFE218030DE0446302E8D51C0BE8054009E310731F76520001E81CD401E8DA
:2006A0001DD408E87C930A0600E7E4011F76430208E87D9303E24C04001E1F765200AFE2C9
:2006C0005007AFE2440416061F764302021EAFE2000095E6000003E22800AFE2020095E6AD
:2006E000000003E22A001F7644020DE038431F764302AFE2540603E24800AFE206051F7685
:20070000440203E2140603E2020703E23E041F764302AFE24C07AFE24804AFE200061F76B8
:20072000440203E2200703E22C041F76430294E62E0014ADB256A60101022D7E01562E002D
:20074000AFE21C00AFE2280410E70001007703E21C00AFE22800AFE2280400E72400AFE2AD
:200760001E0010E70001007703E21E00AFE20C00AFE2280420E72400AFE23E0000E724008A
:20078000AFE20C0710E7E001007703E20C00AFE22A00AFE22A0400E72400AFE2200010E748
:2007A0000001007703E22000AFE20200AFE2000400E72400AFE2240010E70001007703E280
:2007C00024001A2B2D922C54E1FFC4002D920152E0FFC0002E06300F0D623C921E52026397
:2007E0003C0A00022E1E32062E0FE3FFB600EFFFB700BF561A0188E22E00007701E804FC8B
:2008000074E22000007700770077007703E23400AFE2340077E20000007700770077007773
:2008200003E23600AFE21C00AFE2340400E72000007703E20A00AFE21E0077E20400007737
:2008400000770077AFE2360000E72000007703E20800AFE2200077E2040000770077007705
:20086000AFE2360000E72000007703E21200AFE22400AFE2340400E72400AFE23A0010E7F1
:200880000001007703E23A00AFE20800AFE2120400E72400AFE2260010E70001007703E26B
:2008A0002600AFE20400AFE2340400E72000007703E20E00AFE22200AFE20E0410E70001F5
:2008C000007703E22200380A389264523364382B01E81CE101E818E1AFE23A0596E50EE8D5
:2008E00054B800E764010EE850B803E2140403E23A06AFE2260400E7000197E503E2160066
:2009000003E22607AFE21600AFE2140474E224000077007701E81DE10EE855B803E2180422
:20092000AFE2220400E72801007703E2100003E2220600023C2B96E595E594E590E52E1EDF
:2009400003E21C0603E21E0503E2200403E2240032062E0F04643C9214522A6590E595E5E7
:2009600094E597E503E2080096E503E20A05000203E20C0403E20E0703E2120603E214053A
:2009800003E2160703E218001A2B03E21C0703E21E0503E2200403E2240703E2260603E2F4
:2009A0003A0503E2100403E222072E1E3C2B2D9202E8D01C50E809482C96AFE25407AFE2E1
:2009C00012040BE800408CE609001F76460213E2090108E352061F76440250E8394803E2BB
:2009E00016001F76430202E8C7218CE6090050E80048AFE208040AE867B01F7646028CE645
:200A0000000013E20A0113E20B0050E8314809E350C502E8C6218CE6090050E8044813E25F
:200A20000001AFE24E071F7644020AE866B08CE6240050E8294803E204001F7646028CE675
:200A4000090003E2560413E201011F76430250E8394802E8D71CAFE214058CE609001F762D
:200A600046020BE8074013E20F010BE34CA001E81ED450E8014808E87E938CE6090000E756
:200A80003C0113E2100109E34A851F76440250E8294803E22200AFE2480650E804481F76D5
:200AA000460202E8C5218CE609008CE6270013E215010AE865B050E831481F7643028CE6FB
:200AC0000900AFE216061F76460213E216010DE3466013E2110702E8D61C50E801B201E824
:200AE0001DD4AFE256000BE806408CE6090008E87D9313E2020013E21E0109E344A71F76F3
:200B0000440250E839B200E728018CE6090003E22E001F76460250E8044813E21F011F76C3
:200B200043028CE62600AFE218071F76450203E2000750E838B21F76460213E217068CE6DD
:200B400005001F76430250E816B2AFE210018CE630001F76460250E80FB213E220051F76ED
:200B6000440250E81DB203E23A018CE63C001F7646028CE62A0013E21D0413E21B0013E2C6
:200B80001C0296FEAFE2BE07AFE2BE06AFE2BE05AFE2BE040600BDB2BDAABDA204FEA982E9
:200BA00020FF004052C4427D417C508B4E86A30F44C21D6120FF0041A30F196120FF004272
:200BC000A30F156120FF0043A30F116120FF0044A30F0D6120FF0045A30F096120FF0046FF
:200BE000A30F056120FF0047A30F0360019A076020FFEA060A8F5A814876B0E1C3187FE054
:200C000020FF0040A30F1D6120FF0041A30F196120FF0042A30F156120FF0043A30F1161AA
:200C200020FF0044A30F0D6120FF0045A30F096120FF0046A30F056120FF0047A30F0360B9
:200C4000019A076020FF7C090A8F5A814876B0E163D020FF0040937AA30F1D6120FF0041FC
:200C6000A30F196120FF0042A30F156120FF0043A30F116120FF0044A30F0D6120FF004552
:200C8000A30F096120FF0046A30F056120FF0047A30F0360019A076020FF9C060A8F5A8109
:200CA0004876B0E120FF0040E32BA30F1D6120FF0041A30F196120FF0042A30F156120FF14
:200CC0000043A30F116120FF0044A30F0D6120FF0045A30F096120FF0046A30F056120FF0E
:200CE0000047A30F0360019A076020FF2F080A8F5A814876B0E1C3CCFEFF0250C39620FF27
:200D00000040A30F1D6120FF0041A30F196120FF0042A30F156120FF0043A30F116120FFA9
:200D20000044A30F0D6120FF0045A30F096120FF0046A30F056120FF0047A30F0360019A3C
:200D4000076020FF5A090A8F5A814876B0E160D0930660D00091931E20FF0040A30F1D611D
:200D600020FF0041A30F196120FF0042A30F156120FF0043A30F116120FF0044A30F0D6155
:200D800020FF0045A30F096120FF0046A30F056120FF0047A30F0360019A076020FFF707BC
:200DA0000A8F5A814876B0E1C31A04004292576120FF0040A30F1D6120FF0041A30F1961E8
:200DC00020FF0042A30F156120FF0043A30F116120FF0044A30F0D6120FF0045A30F096101
:200DE00020FF0046A30F056120FF0047A30F0360019A076020FF32070A8F5A814876B0E1DE
:200E0000DBCCE0FF0150DB9620FF0040A30F1D6120FF0041A30F196120FF0042A30F1561E6
:200E200020FF0043A30F116120FF0044A30F0D6120FF0045A30F096120FF0046A30F0561AC
:200E400020FF0047A30F0360019A076020FFBA060A8F5A814876B0E1C31A002020FF004017
:200E6000A30F1D6120FF0041A30F196120FF0042A30F156120FF0043A30F116120FF004444
:200E8000A30F0D6120FF0045A30F096120FF0046A30F056120FF0047A30F0360019A0760B8
:200EA00020FF7D0A0A8F5A814876B0E16BD020FF00409379A30F1D6120FF0041A30F196167
:200EC00020FF0042A30F156120FF0043A30F116120FF0044A30F0D6120FF0045A30F096100
:200EE00020FF0046A30F056120FF0047A30F0360019A076020FF7D0A0A8F5A814876B0E18F
:200F00006DD04492939620FF0040A30F1D6120FF0041A30F196120FF0042A30F156120FFD2
:200F20000043A30F116120FF0044A30F0D6120FF0045A30F096120FF0046A30F056120FFAB
:200F40000047A30F0360019A076020FF0A0A0A8F5A814876B0E1A38B08D093CCEEF30250A5
:200F600008D9C19620FF0040A30F1D6120FF0041A30F196120FF0042A30F156120FF004333
:200F8000A30F116120FF0044A30F0D6120FF0045A30F096120FF0046A30F056120FF004747
:200FA000A30F0360019A076020FF0A0A0A8F5A814876B0E1C1CCBBCF0850C19620FF0040FF
:200FC000A30F1D6120FF0041A30F196120FF0042A30F156120FF0043A30F116120FF0044E3
:200FE000A30F0D6120FF0045A30F096120FF0046A30F056120FF0047A30F0360019A076057
:2010000020FFDD0B0A8F5A814876B0E140D093CCDFFF40D01050939620FF0040A30F1D6191
:2010200020FF0041A30F196120FF0042A30F156120FF0043A30F116120FF0044A30F0D6192
:2010400020FF0045A30F096120FF0046A30F056120FF0047A30F0360019A076020FFDD0B0F
:201060000A8F5A814876B0E140D093CCBFFF40D08050939620FF0040A30F1D6120FF004188
:20108000A30F196120FF0042A30F156120FF0043A30F116120FF0044A30F0D6120FF00452E
:2010A000A30F096120FF0046A30F056120FF0047A30F0360019A076020FFDD0B0A8F5A819F
:2010C0004876B0E142D093CCFFFD42D0A91A0001939620FF0040A30F1D6120FF0041A30FB4
:2010E000196120FF0042A30F156120FF0043A30F116120FF0044A30F0D6120FF0045A30FCE
:20110000096120FF0046A30F056120FF0047A30F0360019A076020FFDD0B0A8F5A81487632
:20112000B0E142D093CCFFFB42D0A91A000893964192E1FF970120FF0040A30F1D6120FFB4
:201140000041A30F196120FF0042A30F156120FF0043A30F116120FF0044A30F0D6120FF71
:201160000045A30F096120FF0046A30F056120FF0047A30F0360019A076020FF320F0A8F1B
:201180005A814876B0E10CD00CD193CCFF7F9B9620FF0040A30F1D6120FF0041A30F196143
:2011A00020FF0042A30F156120FF0043A30F116120FF0044A30F0D6120FF0045A30F09611D
:2011C00020FF0046A30F056120FF0047A30F0360019A076020FF4F0F0A8F5A814876B0E1D5
:2011E00051D020FF0040BF5693FAA30F1D6120FF0041A30F196120FF0042A30F156120FF69
:201200000043A30F116120FF0044A30F0D6120FF0045A30F096120FF0046A30F056120FFC8
:201220000047A30F0360019A076020FF6B0F0A8F5A814876B0E153D020FF0040BF5693FAD0
:20124000A30F1D6120FF0041A30F196120FF0042A30F156120FF0043A30F116120FF004460
:20126000A30F0D6120FF0045A30F096120FF0046A30F056120FF0047A30F0360019A0760D4
:2012800020FFC20D0A8F5A814876B0E10CD093920CD00250939620FF0040A30F1D6120FF97
:2012A0000041A30F196120FF0042A30F156120FF0043A30F116120FF0044A30F0D6120FF10
:2012C0000045A30F096120FF0046A30F056120FF0047A30F0360019A076020FFC20D0A8F2C
:2012E0005A814876B0E10CD093920CD00150939620FF0040A30F1D6120FF0041A30F196152
:2013000020FF0042A30F156120FF0043A30F116120FF0044A30F0D6120FF0045A30F0961BB
:2013200020FF0046A30F056120FF0047A30F0360019A076020FF180E0A8F5A814876B0E1AB
:201340000CD00CD193CCEFFF9B9620FF0040A30F1D6120FF0041A30F196120FF0042A30F28
:20136000156120FF0043A30F116120FF0044A30F0D6120FF0045A30F096120FF0046A30F57
:20138000056120FF0047A30F0360019A076020FF3E0E0A8F5A814876B0E1A38A0CD00CD156
:2013A0000CDCC418FFBF93CCDFFF9B9620FF0040A30F1D6120FF0041A30F196120FF0042C1
:2013C000A30F156120FF0043A30F116120FF0044A30F0D6120FF0045A30F096120FF0046F7
:2013E000A30F056120FF0047A30F0360019A076020FFF50D0A8F5A814876B0E10CD00CD1BB
:2014000093CCFBFF9B9620FF0040A30F1D6120FF0041A30F196120FF0042A30F156120FF7F
:201420000043A30F116120FF0044A30F0D6120FF0045A30F096120FF0046A30F056120FFA6
:201440000047A30F0360019A076020FFF50D0A8F5A814876B0E10CD093920CD008509396EC
:2014600020FF0040A30F1D6120FF0041A30F196120FF0042A30F156120FF0043A30F116142
:2014800020FF0044A30F0D6120FF0045A30F096120FF0046A30F056120FF0047A30F036051
:2014A000019A076020FFD80C0A8F5A814876B0E147D0939247D0C050939620FF0040A30FC7
:2014C0001D6120FF0041A30F196120FF0042A30F156120FF0043A30F116120FF0044A30FDE
:2014E0000D6120FF0045A30F096120FF0046A30F056120FF0047A30F0360019A076020FFE5
:20150000010D0A8F5A814876B0E149D049D193CCFCFF9B9620FF0040A30F1D6120FF00414D
:20152000A30F196120FF0042A30F156120FF0043A30F116120FF0044A30F0D6120FF004589
:20154000A30F096120FF0046A30F056120FF0047A30F0360019A076020FF010D0A8F5A81D4
:201560004876B0E149D049D193CCF3FF9B9620FF0040A30F1D6120FF0041A30F196120FF2D
:201580000042A30F156120FF0043A30F116120FF0044A30F0D6120FF0045A30F096120FF39
:2015A0000046A30F056120FF0047A30F0360019A076020FFA10F0A8F5A814876B0E114DBCF
:2015C000C318FEFF84FEBE82BE86BE8B0600BDB2BDAABDA20CFEA98220FF0030A30F1D61F5
:2015E00020FF0032A30F196120FF0034A30F156120FF0036A30F116120FF0038A30F0D6103
:2016000020FF003AA30F096120FF003CA30F056120FF003EA30F0360019A076020FFDF066A
:201620000A8FAE824876B0E12276A9A218FF0100A98AC418EFFF1A76A928581F449B421E83
:2016400000D4A9A2487664D6000201D4421EA9A2487664D6A928591F449B02D4421EA9A250
:20166000487664D6000203D4421EA9A2487664D6000204D4421EA9A2487664D6000205D49E
:20168000421EA9A2487664D6000206D4421EA9A2487664D6000207D4421EA9A2487664D6A8
:2016A000A9A200D448764DD701D4A9A248764DD702D4A9A248764DD703D4A9A248764DD720
:2016C00004D4A9A248764DD705D4A9A248764DD706D4A9A248764DD707D4A9A248764DD7F0
:2016E00020FF0030A30F1D6120FF0032A30F196120FF0034A30F156120FF0036A30F1161FA
:2017000020FF0038A30F0D6120FF003AA30F096120FF003CA30F056120FF003EA30F0360F8
:20172000019A076020FF76050A8FAE824876B0E1227612D0180200BE16D1931E14D01B020A
:20174000931E18D000029BC2931E1A7620FF0030A30F1D6120FF0032A30F196120FF003401
:20176000A30F156120FF0036A30F116120FF0038A30F0D6120FF003AA30F096120FF003C81
:20178000A30F056120FF003EA30F0360019A076020FF92050A8FAE824876B0E1227620D166
:2017A000008F777722D000029BA8931E1A7620FF0030A30F1D6120FF0032A30F196120FF19
:2017C0000034A30F156120FF0036A30F116120FF0038A30F0D6120FF003AA30F096120FF29
:2017E000003CA30F056120FF003EA30F0360019A076020FFB2050A8FAE824876B0E122769B
:201800000CD0000200BE0AD1931E0ED0931E10D09BC2931E1A7620FF0030A30F1D6120FFF5
:201820000032A30F196120FF0034A30F156120FF0036A30F116120FF0038A30F0D6120FFC0
:20184000003AA30F096120FF003CA30F056120FF003EA30F0360019A076020FFEB050A8FA3
:20186000AE824876B0E1227624D0000200BE26D1931E28D09BC2931E1A7620FF0030A30F5E
:201880001D6120FF0032A30F196120FF0034A30F156120FF0036A30F116120FF0038A30F50
:2018A0000D6120FF003AA30F096120FF003CA30F056120FF003EA30F0360019A076020FF3F
:2018C000CE050A8FAE824876B0E1227600BE1CD11ED000029BC2931E1A7620FF0030A30F4B
:2018E0001D6120FF0032A30F196120FF0034A30F156120FF0036A30F116120FF0038A30FF0
:201900000D6120FF003AA30F096120FF003CA30F056120FF003EA30F0360019A076020FFDE
:201920000B060A8FAE824876B0E12276003108D000B600BE0002D3A993C3F3C2E31E1A764F
:2019400020FF0030A30F1D6120FF0032A30F196120FF0034A30F156120FF0036A30F116197
:2019600020FF0038A30F0D6120FF003AA30F096120FF003CA30F056120FF003EA30F036096
:20198000019A076020FF26060A8FAE824876B0E122762AD00002931E1A7600B600BE00D4C5
:2019A00042C344C2461EA9A24876979F00B600BE000201D442C344C2461EA9A24876979F80
:2019C00000B600BE000202D442C344C2461EA9A24876979F20FF0030A30F1D6120FF00323D
:2019E000A30F196120FF0034A30F156120FF0036A30F116120FF0038A30F0D6120FF003AF7
:201A0000A30F096120FF003CA30F056120FF003EA30F0360019A076020FF89030A8FAE824F
:201A20004876B0E122763ED00002931E1A7620FF0030A30F1D6120FF0032A30F196120FF53
:201A40000034A30F156120FF0036A30F116120FF0038A30F0D6120FF003AA30F096120FFA6
:201A6000003CA30F056120FF003EA30F0360019A076020FF56060A8FAE824876B0E1227673
:201A80003CD00002931E1A7620FF0030A30F1D6120FF0032A30F196120FF0034A30F156180
:201AA00020FF0036A30F116120FF0038A30F0D6120FF003AA30F096120FF003CA30F05614E
:201AC00020FF003EA30F0360019A076020FF91060A8FAE824876B0E120FF0030A30F1D6145
:201AE00020FF0032A30F196120FF0034A30F156120FF0036A30F116120FF0038A30F0D61FE
:201B000020FF003AA30F096120FF003CA30F056120FF003EA30F0360019A076020FFD30374
:201B20000A8FAE824876B0E12276A9A20CBE408D020100B6008D040118FF0100A98A9BC220
:201B4000010293C3C498CC991A7620FF0030A30F1D6120FF0032A30F196120FF0034A30FDA
:201B6000156120FF0036A30F116120FF0038A30F0D6120FF003AA30F096120FF003CA30F7D
:201B8000056120FF003EA30F0360019A076020FFD3030A8FAE824876B0E12276A9A20DBEB0
:201BA00000B6008D040118FF0100A98A9BC2010293C3C498CC991A7620FF0030A30F1D610C
:201BC00020FF0032A30F196120FF0034A30F156120FF0036A30F116120FF0038A30F0D611D
:201BE00020FF003AA30F096120FF003CA30F056120FF003EA30F0360019A076020FFD30394
:201C00000A8FAE824876B0E12276A9A20EBE00B6008D040118FF0100A98A9BC2010293C3B4
:201C2000C498CC991A7620FF0030A30F1D6120FF0032A30F196120FF0034A30F156120FFBD
:201C40000036A30F116120FF0038A30F0D6120FF003AA30F096120FF003CA30F056120FFAC
:201C6000003EA30F0360019A076020FFD3030A8FAE824876B0E12276A9A20FBE00B6008D0F
:201C8000040118FF0100A98A9BC2010293C3C498CC991A76472B008F22A44AA847884A8398
:201CA00020FF0030A30FA659C55A1D6120FF0032A30F196120FF0034A30F156120FF00363A
:201CC000A30F116120FF0038A30F0D6120FF003AA30F096120FF003CA30F056120FF003E24
:201CE000A30F0360019A076020FF73060A8FAE824876B0E120FF003020D9A30F4CB21D61A7
:201D000020FF0032A30F196120FF0034A30F156120FF0036A30F116120FF0038A30F0D61DB
:201D200020FF003AA30F096120FF003CA30F056120FF003EA30F0360019A076020FFD30352
:201D40000A8FAE824876B0E12276A9A2408D02014CC4008D040118FF0100A98A9BC293AA31
:201D60000102C498CC991A76470A4A0601094A1E47921F5294698CFEBE82BE86BE8B060058
:201D8000BDB2BDAABDA20CFEA98220FF0030A30F1D6120FF0032A30F196120FF0034A30FD8
:201DA000156120FF0036A30F116120FF0038A30F0D6120FF003AA30F096120FF003CA30F3B
:201DC000056120FF003EA30F0360019A076020FFDF060A8FAE824876B0E12276A9A218FF13
:201DE0000100A98AC418EFFF1A76A928581F449B421E00D4A9A2487664D6000201D4421E80
:201E0000A9A2487664D6A928591F449B02D4421EA9A2487664D6000203D4421EA9A248769C
:201E200064D6000204D4421EA9A2487664D6000205D4421EA9A2487664D6000206D4421E31
:201E4000A9A2487664D6000207D4421EA9A2487664D6A9A200D448764DD701D4A9A24876E0
:201E60004DD702D4A9A248764DD703D4A9A248764DD704D4A9A248764DD705D4A9A2487650
:201E80004DD706D4A9A248764DD707D4A9A248764DD720FF0030A30F1D6120FF0032A30F8D
:201EA000196120FF0034A30F156120FF0036A30F116120FF0038A30F0D6120FF003AA30F32
:201EC000096120FF003CA30F056120FF003EA30F0360019A076020FF76050A8FAE82487690
:201EE000B0E1227612D0190200BE16D1931E14D01B02931E18D000029BC2931E1A7620FF0D
:201F00000030A30F1D6120FF0032A30F196120FF0034A30F156120FF0036A30F116120FFD1
:201F20000038A30F0D6120FF003AA30F096120FF003CA30F056120FF003EA30F0360019A54
:201F4000076020FF92050A8FAE824876B0E1227620D1008F777722D000029BA8931E1A76CE
:201F600020FF0030A30F1D6120FF0032A30F196120FF0034A30F156120FF0036A30F116171
:201F800020FF0038A30F0D6120FF003AA30F096120FF003CA30F056120FF003EA30F036070
:201FA000019A076020FFB2050A8FAE824876B0E122760CD0000200BE0AD1931E0ED0931EE2
:201FC00010D09BC2931E1A7620FF0030A30F1D6120FF0032A30F196120FF0034A30F15610C
:201FE00020FF0036A30F116120FF0038A30F0D6120FF003AA30F096120FF003CA30F056109
:2020000020FF003EA30F0360019A076020FFEB050A8FAE824876B0E1227624D0000200BED9
:2020200026D1931E28D09BC2931E1A7620FF0030A30F1D6120FF0032A30F196120FF003413
:20204000A30F156120FF0036A30F116120FF0038A30F0D6120FF003AA30F096120FF003C98
:20206000A30F056120FF003EA30F0360019A076020FFCE050A8FAE824876B0E1227600BE74
:202080001CD11ED000029BC2931E1A7620FF0030A30F1D6120FF0032A30F196120FF003476
:2020A000A30F156120FF0036A30F116120FF0038A30F0D6120FF003AA30F096120FF003C38
:2020C000A30F056120FF003EA30F0360019A076020FF0B060A8FAE824876B0E12276003163
:2020E00008D000B600BE0002D3A993C3F3C2E31E1A7620FF0030A30F1D6120FF0032A30FF8
:20210000196120FF0034A30F156120FF0036A30F116120FF0038A30F0D6120FF003AA30FCF
:20212000096120FF003CA30F056120FF003EA30F0360019A076020FF26060A8FAE8248767C
:20214000B0E122762AD00002931E1A7600B600BE00D442C344C2461EA9A24876979F00B66D
:2021600000BE000201D442C344C2461EA9A24876979F00B600BE000202D442C344C2461E61
:20218000A9A24876979F20FF0030A30F1D6120FF0032A30F196120FF0034A30F156120FF6A
:2021A0000036A30F116120FF0038A30F0D6120FF003AA30F096120FF003CA30F056120FF47
:2021C000003EA30F0360019A076020FF89030A8FAE824876B0E122763ED00002931E1A76FE
:2021E00020FF0030A30F1D6120FF0032A30F196120FF0034A30F156120FF0036A30F1161EF
:2022000020FF0038A30F0D6120FF003AA30F096120FF003CA30F056120FF003EA30F0360ED
:20222000019A076020FF56060A8FAE824876B0E122763CD00002931E1A7620FF0030A30F21
:202240001D6120FF0032A30F196120FF0034A30F156120FF0036A30F116120FF0038A30F86
:202260000D6120FF003AA30F096120FF003CA30F056120FF003EA30F0360019A076020FF75
:2022800091060A8FAE824876B0E120FF0030A30F1D6120FF0032A30F196120FF0034A30F8E
:2022A000156120FF0036A30F116120FF0038A30F0D6120FF003AA30F096120FF003CA30F36
:2022C000056120FF003EA30F0360019A076020FFD3030A8FAE824876B0E12276A9A20CBE6A
:2022E000408D020100B6008D040118FF0100A98A9BC2010293C3C498CC991A7620FF003025
:20230000A30F1D6120FF0032A30F196120FF0034A30F156120FF0036A30F116120FF0038C5
:20232000A30F0D6120FF003AA30F096120FF003CA30F056120FF003EA30F0360019A076021
:2023400020FFD3030A8FAE824876B0E12276A9A20DBE00B6008D040118FF0100A98A9BC2D2
:20236000010293C3C498CC991A7620FF0030A30F1D6120FF0032A30F196120FF0034A30FB2
:20238000156120FF0036A30F116120FF0038A30F0D6120FF003AA30F096120FF003CA30F55
:2023A000056120FF003EA30F0360019A076020FFD3030A8FAE824876B0E12276A9A20EBE87
:2023C00000B6008D040118FF0100A98A9BC2010293C3C498CC991A7620FF0030A30F1D61E4
:2023E00020FF0032A30F196120FF0034A30F156120FF0036A30F116120FF0038A30F0D61F5
:2024000020FF003AA30F096120FF003CA30F056120FF003EA30F0360019A076020FFD3036B
:202420000A8FAE824876B0E12276A9A20FBE00B6008D040118FF0100A98A9BC2010293C38B
:20244000C498CC991A76472B008F42A44AA847884A8320FF0030A30FA659C55A1D6120FFFA
:202460000032A30F196120FF0034A30F156120FF0036A30F116120FF0038A30F0D6120FF74
:20248000003AA30F096120FF003CA30F056120FF003EA30F0360019A076020FF73060A8FCE
:2024A000AE824876B0E120FF003020D9A30F4CB21D6120FF0032A30F196120FF0034A30FA5
:2024C000156120FF0036A30F116120FF0038A30F0D6120FF003AA30F096120FF003CA30F14
:2024E000056120FF003EA30F0360019A076020FFD3030A8FAE824876B0E12276A9A2408D45
:2025000002014CC4008D040118FF0100A98A9BC293AA0102C498CC991A76470A4A06010932
:202520004A1E47921F5294698CFEBE82BE86BE8B0600BDB2BDAABDA20CFEA98220FF0030D6
:20254000A30F1D6120FF0032A30F196120FF0034A30F156120FF0036A30F116120FF003883
:20256000A30F0D6120FF003AA30F096120FF003CA30F056120FF003EA30F0360019A0760DF
:2025800020FFDF060A8FAE824876B0E12276A9A218FF0100A98AC418EFFF1A76A928581F4F
:2025A000449B421E00D4A9A2487664D6000201D4421EA9A2487664D6A928591F449B02D44D
:2025C000421EA9A2487664D6000203D4421EA9A2487664D6000204D4421EA9A2487664D65F
:2025E000000205D4421EA9A2487664D6000206D4421EA9A2487664D6000207D4421EA9A256
:20260000487664D6A9A200D448764DD701D4A9A248764DD702D4A9A248764DD703D4A9A29A
:2026200048764DD704D4A9A248764DD705D4A9A248764DD706D4A9A248764DD707D4A9A280
:2026400048764DD720FF0030A30F1D6120FF0032A30F196120FF0034A30F156120FF0036CC
:20266000A30F116120FF0038A30F0D6120FF003AA30F096120FF003CA30F056120FF003E7A
:20268000A30F0360019A076020FF76050A8FAE824876B0E1227612D0180200BE16D1931E87
:2026A00014D01B02931E18D000029BC2931E1A7620FF0030A30F1D6120FF0032A30F1961E4
:2026C00020FF0034A30F156120FF0036A30F116120FF0038A30F0D6120FF003AA30F09611A
:2026E00020FF003CA30F056120FF003EA30F0360019A076020FF92050A8FAE824876B0E125
:20270000227620D1008F777722D000029BA8931E1A7620FF0030A30F1D6120FF0032A30FB9
:20272000196120FF0034A30F156120FF0036A30F116120FF0038A30F0D6120FF003AA30FA9
:20274000096120FF003CA30F056120FF003EA30F0360019A076020FFB2050A8FAE824876CB
:20276000B0E122760CD0000200BE0AD1931E0ED0931E10D09BC2931E1A7620FF0030A30FFA
:202780001D6120FF0032A30F196120FF0034A30F156120FF0036A30F116120FF0038A30F41
:2027A0000D6120FF003AA30F096120FF003CA30F056120FF003EA30F0360019A076020FF30
:2027C000EB050A8FAE824876B0E1227624D0000200BE26D1931E28D09BC2931E1A7620FF48
:2027E0000030A30F1D6120FF0032A30F196120FF0034A30F156120FF0036A30F116120FFE9
:202800000038A30F0D6120FF003AA30F096120FF003CA30F056120FF003EA30F0360019A6B
:20282000076020FFCE050A8FAE824876B0E1227600BE1CD11ED000029BC2931E1A7620FF37
:202840000030A30F1D6120FF0032A30F196120FF0034A30F156120FF0036A30F116120FF88
:202860000038A30F0D6120FF003AA30F096120FF003CA30F056120FF003EA30F0360019A0B
:20288000076020FF0B060A8FAE824876B0E12276003108D000B600BE0002D3A993C3F3C2EB
:2028A000E31E1A7620FF0030A30F1D6120FF0032A30F196120FF0034A30F156120FF0036BB
:2028C000A30F116120FF0038A30F0D6120FF003AA30F096120FF003CA30F056120FF003E18
:2028E000A30F0360019A076020FF26060A8FAE824876B0E122762AD00002931E1A7600B6D3
:2029000000BE00D442C344C2461EA9A24876979F00B600BE000201D442C344C2461EA9A272
:202920004876979F00B600BE000202D442C344C2461EA9A24876979F20FF0030A30F1D612A
:2029400020FF0032A30F196120FF0034A30F156120FF0036A30F116120FF0038A30F0D618F
:2029600020FF003AA30F096120FF003CA30F056120FF003EA30F0360019A076020FF890350
:202980000A8FAE824876B0E122763ED00002931E1A7620FF0030A30F1D6120FF0032A30FB4
:2029A000196120FF0034A30F156120FF0036A30F116120FF0038A30F0D6120FF003AA30F27
:2029C000096120FF003CA30F056120FF003EA30F0360019A076020FF56060A8FAE824876A4
:2029E000B0E122763CD00002931E1A7620FF0030A30F1D6120FF0032A30F196120FF003410
:202A0000A30F156120FF0036A30F116120FF0038A30F0D6120FF003AA30F096120FF003CCE
:202A2000A30F056120FF003EA30F0360019A076020FF91060A8FAE824876B0E120FF0030ED
:202A4000A30F1D6120FF0032A30F196120FF0034A30F156120FF0036A30F116120FF00387E
:202A6000A30F0D6120FF003AA30F096120FF003CA30F056120FF003EA30F0360019A0760DA
:202A800020FFD3030A8FAE824876B0E12276A9A20CBE408D020100B6008D040118FF01004C
:202AA000A98A9BC2010293C3C498CC991A7620FF0030A30F1D6120FF0032A30F196120FFC1
:202AC0000034A30F156120FF0036A30F116120FF0038A30F0D6120FF003AA30F096120FF16
:202AE000003CA30F056120FF003EA30F0360019A076020FFD3030A8FAE824876B0E1227669
:202B0000A9A20DBE00B6008D040118FF0100A98A9BC2010293C3C498CC991A7620FF0030B6
:202B2000A30F1D6120FF0032A30F196120FF0034A30F156120FF0036A30F116120FF00389D
:202B4000A30F0D6120FF003AA30F096120FF003CA30F056120FF003EA30F0360019A0760F9
:202B600020FFD3030A8FAE824876B0E12276A9A20EBE00B6008D040118FF0100A98A9BC2A9
:202B8000010293C3C498CC991A7620FF0030A30F1D6120FF0032A30F196120FF0034A30F8A
:202BA000156120FF0036A30F116120FF0038A30F0D6120FF003AA30F096120FF003CA30F2D
:202BC000056120FF003EA30F0360019A076020FFD3030A8FAE824876B0E12276A9A20FBE5E
:202BE00000B6008D040118FF0100A98A9BC2010293C3C498CC991A76472B008F62A44AA842
:202C000047884A8320FF0030A30FA659C55A1D6120FF0032A30F196120FF0034A30F156183
:202C200020FF0036A30F116120FF0038A30F0D6120FF003AA30F096120FF003CA30F0561BC
:202C400020FF003EA30F0360019A076020FF73060A8FAE824876B0E120FF003020D9A30F56
:202C60004CB21D6120FF0032A30F196120FF0034A30F156120FF0036A30F116120FF003810
:202C8000A30F0D6120FF003AA30F096120FF003CA30F056120FF003EA30F0360019A0760B8
:202CA00020FFD3030A8FAE824876B0E12276A9A2408D02014CC4008D040118FF0100A98A67
:202CC0009BC293AA0102C498CC991A76470A4A0601094A1E47921F5294698CFEBE82BE869E
:202CE000BE8B0600BDB2BDAABDA20CFEA98220FF0030A30F1D6120FF0032A30F196120FF00
:202D00000034A30F156120FF0036A30F116120FF0038A30F0D6120FF003AA30F096120FFD3
:202D2000003CA30F056120FF003EA30F0360019A076020FFDF060A8FAE824876B0E1227617
:202D4000A9A218FF0100A98AC418EFFF1A76A928581F449B421E00D4A9A2487664D60002E3
:202D600001D4421EA9A2487664D6A928591F449B02D4421EA9A2487664D6000203D4421E01
:202D8000A9A2487664D6000204D4421EA9A2487664D6000205D4421EA9A2487664D60002F3
:202DA00006D4421EA9A2487664D6000207D4421EA9A2487664D6A9A200D448764DD701D440
:202DC000A9A248764DD702D4A9A248764DD703D4A9A248764DD704D4A9A248764DD705D4E1
:202DE000A9A248764DD706D4A9A248764DD707D4A9A248764DD720FF0030A30F1D6120FFF9
:202E00000032A30F196120FF0034A30F156120FF0036A30F116120FF0038A30F0D6120FFCA
:202E2000003AA30F096120FF003CA30F056120FF003EA30F0360019A076020FF76050A8F22
:202E4000AE824876B0E1227612D0190200BE16D1931E14D01B02931E18D000029BC2931E5E
:202E60001A7620FF0030A30F1D6120FF0032A30F196120FF0034A30F156120FF0036A30F44
:202E8000116120FF0038A30F0D6120FF003AA30F096120FF003CA30F056120FF003EA30F52
:202EA0000360019A076020FF92050A8FAE824876B0E1227620D1008F777722D000029BA8A2
:202EC000931E1A7620FF0030A30F1D6120FF0032A30F196120FF0034A30F156120FF0036E5
:202EE000A30F116120FF0038A30F0D6120FF003AA30F096120FF003CA30F056120FF003EF2
:202F0000A30F0360019A076020FFB2050A8FAE824876B0E122760CD0000200BE0AD1931EEC
:202F20000ED0931E10D09BC2931E1A7620FF0030A30F1D6120FF0032A30F196120FF003435
:202F4000A30F156120FF0036A30F116120FF0038A30F0D6120FF003AA30F096120FF003C89
:202F6000A30F056120FF003EA30F0360019A076020FFEB050A8FAE824876B0E1227624D012
:202F8000000200BE26D1931E28D09BC2931E1A7620FF0030A30F1D6120FF0032A30F196137
:202FA00020FF0034A30F156120FF0036A30F116120FF0038A30F0D6120FF003AA30F096131
:202FC00020FF003CA30F056120FF003EA30F0360019A076020FFCE050A8FAE824876B0E100
:202FE000227600BE1CD11ED000029BC2931E1A7620FF0030A30F1D6120FF0032A30F196104
:2030000020FF0034A30F156120FF0036A30F116120FF0038A30F0D6120FF003AA30F0961D0
:2030200020FF003CA30F056120FF003EA30F0360019A076020FF0B060A8FAE824876B0E161
:203040002276003108D000B600BE0002D3A993C3F3C2E31E1A7620FF0030A30F1D6120FFA3
:203060000032A30F196120FF0034A30F156120FF0036A30F116120FF0038A30F0D6120FF68
:20308000003AA30F096120FF003CA30F056120FF003EA30F0360019A076020FF26060A8F0F
:2030A000AE824876B0E122762AD00002931E1A7600B600BE00D442C344C2461EA9A24876FC
:2030C000979F00B600BE000201D442C344C2461EA9A24876979F00B600BE000202D442C370
:2030E00044C2461EA9A24876979F20FF0030A30F1D6120FF0032A30F196120FF0034A30F26
:20310000156120FF0036A30F116120FF0038A30F0D6120FF003AA30F096120FF003CA30FC7
:20312000056120FF003EA30F0360019A076020FF89030A8FAE824876B0E122763ED000024A
:20314000931E1A7620FF0030A30F1D6120FF0032A30F196120FF0034A30F156120FF003662
:20316000A30F116120FF0038A30F0D6120FF003AA30F096120FF003CA30F056120FF003E6F
:20318000A30F0360019A076020FF56060A8FAE824876B0E122763CD00002931E1A7620FF7F
:2031A0000030A30F1D6120FF0032A30F196120FF0034A30F156120FF0036A30F116120FF1F
:2031C0000038A30F0D6120FF003AA30F096120FF003CA30F056120FF003EA30F0360019AA2
:2031E000076020FF91060A8FAE824876B0E120FF0030A30F1D6120FF0032A30F196120FF7F
:203200000034A30F156120FF0036A30F116120FF0038A30F0D6120FF003AA30F096120FFCE
:20322000003CA30F056120FF003EA30F0360019A076020FFD3030A8FAE824876B0E1227621
:20324000A9A20CBE408D020100B6008D040118FF0100A98A9BC2010293C3C498CC991A76EF
:2032600020FF0030A30F1D6120FF0032A30F196120FF0034A30F156120FF0036A30F11615E
:2032800020FF0038A30F0D6120FF003AA30F096120FF003CA30F056120FF003EA30F03605D
:2032A000019A076020FFD3030A8FAE824876B0E12276A9A20DBE00B6008D040118FF0100F1
:2032C000A98A9BC2010293C3C498CC991A7620FF0030A30F1D6120FF0032A30F196120FF99
:2032E0000034A30F156120FF0036A30F116120FF0038A30F0D6120FF003AA30F096120FFEE
:20330000003CA30F056120FF003EA30F0360019A076020FFD3030A8FAE824876B0E1227640
:20332000A9A20EBE00B6008D040118FF0100A98A9BC2010293C3C498CC991A7620FF00308D
:20334000A30F1D6120FF0032A30F196120FF0034A30F156120FF0036A30F116120FF003875
:20336000A30F0D6120FF003AA30F096120FF003CA30F056120FF003EA30F0360019A0760D1
:2033800020FFD3030A8FAE824876B0E12276A9A20FBE00B6008D040118FF0100A98A9BC280
:2033A000010293C3C498CC991A76472B008F82A44AA847884A8320FF0030A30FA659C55A8F
:2033C0001D6120FF0032A30F196120FF0034A30F156120FF0036A30F116120FF0038A30FF5
:2033E0000D6120FF003AA30F096120FF003CA30F056120FF003EA30F0360019A076020FFE4
:2034000073060A8FAE824876B0E120FF003020D9A30F4CB21D6120FF0032A30F196120FF09
:203420000034A30F156120FF0036A30F116120FF0038A30F0D6120FF003AA30F096120FFAC
:20344000003CA30F056120FF003EA30F0360019A076020FFD3030A8FAE824876B0E12276FF
:20346000A9A2408D02014CC4008D040118FF0100A98A9BC293AA0102C498CC991A76470A05
:203480004A0601094A1E47921F5294698CFEBE82BE86BE8B060003E2BD0403E2BD0503E294
:2034A000BD0603E2BD071CFE1F765200AFE2000000E3022A04E304A11F76400202E3045063
:2034C0001F76480207921F7640021AE30603000A17E05600AFE2080112E05480015203E2A8
:2034E00052000A611F765200AFE21801AFE21A0002E31C69096F1F765200AFE21201AFE2D5
:20350000140002E316691F76400200E3101C02E3144F1BE312221F76520016E046941EE31B
:203520000C4103E244021F76400203E24200AFE20A071F764C0202E334561F7640021EE349
:20354000028D1F76520003E250010DE30E941F76400200921AE30C8B1F76520009E310103D
:20356000A0521F76400216E04889AFE20E0703E24E0100E31A131F7652001EE31E8E1F76A8
:203580004002AFE2180503E24C011F765200AFE220001F764002AFE216041F7652001BE30A
:2035A000268F10E324DE19E328D01F76400200E31C2C1DE31E271FE04A49356303E21E01F8
:2035C000AFE24406AFE2480703E21C0403E21602AFE24A01AFE24605AFE2420003E21206A6
:2035E00003E20207AFE25404AFE2560203E2180103E2100503E21A03AFE24C06AFE2500746
:2036000003E21400AFE2520103E2060403E20402AFE24E0503E20E0603E20A0703E2080132
:20362000EFFFE9011F764402AFE220050BE32C7700E7FD01007720E7AD010077007777E238
:203640002D00007700770077AFE2220050E82FB203E2260500E32E3500E76D01007720E7E3
:20366000AD010077007777E22D00007700770077007703E2280550E82EB2AFE21E050BE380
:203680002A4500E76D01007720E72D000077007777E22D00007700778CE638008CE6370006
:2036A00003E2240501E866DE1F76460213E2140750E82DB213E213000EE86E668CE62D005A
:2036C00002E8DF2813E212050AE8372B1F764A02AFE20C0050E805B21F7646028CE62D00B0
:2036E00001E860DE13E231050EE8686600E7B5001F7645020BE34AEE02E8DF2050E82A4883
:203700000CE87F940CE0022D01E866DE02E8D8200EE86E6600E77D010CE8789407E0589A70
:2037200001E867DE02E8D62050E82A480EE86F6606E05A120BE8064050E8134801E860DEC1
:2037400009E05CDB0EE8686607E00A92AFE2520750E814480EE004120077007777E2120027
:203760000077007702E8C7210AE867B005E008DD01E866DE50E81A480EE86E668CE61200A1
:20378000AFE2500001E04A9201E865DE1F76440277E2120001E867DE0EE86F6602E8C02155
:2037A0000AE860B004E00A13AFE24E0650E813480DE00CD20EE86D668CE61B0077E2120002
:2037C00002E8C62101E867DE0AE866B00EE86F6605E34C9003E050CB50E8134801E00E5281
:2037E00077E2090002E86E1E77E212000FE806008CE61B0002E8C0210AE860B004E04E13EA
:2038000001E860DE03E0108A50E813480EE868661F7645028CE61F0050E80A48AFE24603DC
:2038200006E00C09007701E865DE77E209000EE86D6602E8D61C0BE806401F76440203E3E9
:2038400044888CE6130050E80A4801E018490077007777E2090002E8D01C01E865DE0BE806
:2038600000400EE86D6602E3420800E728008CE6160003E21A0177E2000050E80A4802E8AC
:20388000D11C8CE615000BE8014000E70800AFE2580203E21C0050E801481F7646028CE6D5
:2038A0001000AFE25A0213E221008CE61000AFE25C0213E224008CE6100001E862DE13E2CB
:2038C00025000EE86A668CE62000AFE2560413E2220000E710010077007777E202000077B1
:2038E0001F76440202E8C4210AE864B000E7A00001E864DE03E206001F76460250E800481E
:203900000EE86C668CE60000AFE2540213E2030000E7A0000077007777E2020000778CE6D5
:20392000090002E8C4210AE864B000E7A0001F76440203E208001F764002C8E2000450E89D
:2039400000481F764602AFE248028CE6000013E2020713E2260313E20C0613E20D0513E2D6
:20396000040074E2100113E20E0197E593E51F764A0277E2000096E591E595E594E503E2E1
:203980000E0050E802B21F764002002B8CE610001F76460213E232001F76400292E503E272
:2039A000060703E2120703E2080303E2140303E20A0603E2160603E2040403E20E0103E254
:2039C000020203E2100403E2180503E21A0103E21C0203E21E04AFE24A07AFE25003AFE287
:2039E0004E061F76460213E2050713E2000313E201061F7640029CFE03E20C05AFE2BE07E4
:203A0000AFE2BE06AFE2BE05AFE2BE040600BDB2BDAABDA203E2BD0403E2BD0503E2BD067A
:203A200003E2BD070AFEA982CFE61E00CFE60C00CFE60500437C058F00E7447DAFE25C076D
:203A400003E24602A9A8A30F0B61058F40E7A9A8A30F0661058F80E7A9A8A30F0360019AA9
:203A600006600A8FE28145024876B0E194E6250014AD106274E2600174E239010077007747
:203A8000007710E7000010E74900007710E70B000C6F74E23801007700770077007710E722
:203AA0000000007790E8030001E819E1AFE2460090E81B400EE851B800E7080000770077AB
:203AC00074E2180001E81FE10EE857B800E7B901007700E74200007741E7293600778AE664
:203AE0001A00058F00E774E20901A9BF1A0F30FF20E7C000A9868AE609008AE60000A9A8E1
:203B000003E24801A30FA1BF120F0B61058F40E7A9A8A30F0661058F80E7A9A8A30F036052
:203B2000019A076020FF18020A8F04824876B0E12276A38A14DCC41A01001A76058F00E73D
:203B4000A9A8A30F0B61058F40E7A9A8A30F0661058F80E7A9A8A30F0360019A076020FF4F
:203B600035020A8F04824876B0E12276A38A14DCC41A02001A76058F00E7A9A8A30F0B6191
:203B8000058F40E7A9A8A30F0661058F80E7A9A8A30F0360019A06600A8F0482F7024876C8
:203BA000B0E12276C3CCF0FF0550C3961A76058F00E7A9A8A30F0B61058F40E7A9A8A30F78
:203BC0000661058F80E7A9A8A30F0360019A076020FF53010A8F04824876B0E12276C3CC13
:203BE0001FFF5050C3961A76058F00E7A9A8A30F0B61058F40E7A9A8A30F0661058F80E714
:203C0000A9A8A30F0360019A076020FF72010A8F04824876B0E12276C3CCFF0FA91A0050F4
:203C2000C3961A76058F00E7A9A8A30F0B61058F40E7A9A8A30F0661058F80E7A9A8A30F8E
:203C40000360019A076020FFCC020A8F04824876B0E1227628D093CCE00F44CA28D0A91AFD
:203C600000A093961A76058F00E7A9A8A30F0B61058F40E7A9A8A30F0661058F80E7A9A890
:203C8000A30F0360019A076020FFA8020A8F04824876B0E1227624D093CCE00F43CA24D0FB
:203CA000A91A00A093961A76058F00E74AB2A9A8A30F0B61058F40E7A9A8A30F0661058F49
:203CC00080E7A9A8A30F0360019A076020FF2F030A8F04824876B0E10402A20F076920FF10
:203CE00030030A8F04824876B0E14A06076020FF31030A8F04824876B0E14806076020FFD7
:203D000032030A8F04824876B0E1012920FFFFFFA20F076720FF33030A8F04824876B0E1D7
:203D20004AC40F8FFFFFA9A8A60F076720FF34030A8F04824876B0E148C40F8FFFFFA9A8A8
:203D4000A60F076720FF35030A8F04824876B0E1227608D14A920AD09B9693CCF0FFA988A4
:203D600010D10AD04A060F914892A6CB93970CD0937A12D09B9693CCF0FFA98812D0480678
:203D80000F91A6CB93971A76058F00E7A9A8A30F0B61058F40E7A9A8A30F0661058F80E74E
:203DA000A9A8A30F0360019A076020FF97010A8F04824876B0E12276C3CCFFF8A91A000A8B
:203DC000C3961A76058F00E7A9A8A30F0B61058F40E7A9A8A30F0661058F80E7A9A8A30FED
:203DE0000360019A076020FF15010A8F04824876B0E12276C3CC8FFFA050C3961A76058F99
:203E000000E7A9A8A30F0B61058F40E7A9A8A30F0661058F80E7A9A8A30F0360019A0760C4
:203E200020FF34010A8F04824876B0E12276C3CCFF0FA91A00A0C3961A76058F00E7A9A873
:203E4000A30F0B61058F40E7A9A8A30F0661058F80E7A9A8A30F0360019A06600A8F04829E
:203E6000D9024876B0E12276C3CCF8FF0A50C3961A76058F00E7A9A8A30F0B61058F40E712
:203E8000A9A8A30F0661058F80E7A9A8A30F0360019A076020FFFE010A8F04824876B0E1C9
:203EA00014D093411B6D058F00E7A9A8A30F0B61058F40E7A9A8A30F0661058F80E7A9A867
:203EC000A30F0360019A076020FFE3010A8F04824876B0E114D09340CD6C058F00E7A9A89E
:203EE000A30F0B61058F40E7A9A8A30F0661058F80E7A9A8A30F0360019A076020FFFE01FE
:203F00000A8F04824876B0E114D09341BC56A900BD56A9018AFEAFE2BE07AFE2BE06AFE23F
:203F2000BE05AFE2BE04BE82BE86BE8B0600BDB2BDAABDA204FE52C4A98220FF003044C2CB
:203F400050C4A30F4E86A45942C21D6120FF0032A30F196120FF0034A30F156120FF0036FB
:203F6000A30F116120FF0038A30F0D6120FF003AA30F096120FF003CA30F056120FF003E61
:203F8000A30F0360019A06600A8F9E8133024876B0E12276A192E1FF3E010152E1FFA00012
:203FA0000252E0FFDE0120FF0030A30F1D6120FF0032A30F196120FF0034A30F156120FF59
:203FC0000036A30F116120FF0038A30F0D6120FF003AA30F096120FF003CA30F056120FF09
:203FE000003EA30F0360019A076020FFD3030A8FC0814876B0E12276A9A202BE408D0201DB
:20400000008D040118FF0100A98A9BC293AA0102C498CC991A7620FF0030A30F1D6120FF37
:204020000032A30F196120FF0034A30F156120FF0036A30F116120FF0038A30F0D6120FF98
:20404000003AA30F096120FF003CA30F056120FF003EA30F0360019A076020FFD3030A8F95
:20406000C0814876B0E1227606BEA9A218FF01009BC242C4A98A008D0401010293C2C49815
:20408000CC991A7620FF0030A30F1D6120FF0032A30F196120FF0034A30F156120FF00365F
:2040A000A30F116120FF0038A30F0D6120FF003AA30F096120FF003CA30F056120FF003E20
:2040C000A30F0360019A076020FFD3030A8FC0814876B0E122760ABEEFFF360120FF0030D7
:2040E000A30F1D6120FF0032A30F196120FF0034A30F156120FF0036A30F116120FF0038C8
:20410000A30F0D6120FF003AA30F096120FF003CA30F056120FF003EA30F0360019A076023
:2041200020FFD3030A8FC0814876B0E12276A9A201BE408D0201008D040118FF0100A98A12
:204140009BC293AA0102C498CC991A7620FF0030A30F1D6120FF0032A30F196120FF003422
:20416000A30F156120FF0036A30F116120FF0038A30F0D6120FF003AA30F096120FF003C57
:20418000A30F056120FF003EA30F0360019A076020FFD3030A8FC0814876B0E1227605BE1A
:2041A000A9A218FF01009BC242C4A98A008D0401010293C2C498CC991A7620FF0030A30FCA
:2041C0001D6120FF0032A30F196120FF0034A30F156120FF0036A30F116120FF0038A30FE7
:2041E0000D6120FF003AA30F096120FF003CA30F056120FF003EA30F0360019A076020FFD6
:20420000D3030A8FC0814876B0E1227609BEEFFF9B0020FF0030A30F1D6120FF0032A30F35
:20422000196120FF0034A30F156120FF0036A30F116120FF0038A30F0D6120FF003AA30F8E
:20424000096120FF003CA30F056120FF003EA30F0360019A076020FFD3030A8FC081487680
:20426000B0E12276A9A200BE408D0201008D040118FF0100A98A9BC293AA0102C498CC9901
:204280001A7620FF0030A30F1D6120FF0032A30F196120FF0034A30F156120FF0036A30F10
:2042A000116120FF0038A30F0D6120FF003AA30F096120FF003CA30F056120FF003EA30F1E
:2042C0000360019A076020FFD3030A8FC0814876B0E1227604BEA9A218FF01009BC242C43B
:2042E000A98A008D0401010293C2C498CC991A7620FF0030A30F1D6120FF0032A30F196154
:2043000020FF0034A30F156120FF0036A30F116120FF0038A30F0D6120FF003AA30F0961BD
:2043200020FF003CA30F056120FF003EA30F0360019A076020FFD3030A8FC0814876B0E178
:20434000227608BE9BC2A9A244C418FF0100A98A008D0401010293C2C498CC991A761A7639
:2043600084FEBE82BE86BE8B0600BDB202FE068F0100A959A9A84876C1D90002421E487618
:204380008DCF01D40002487604DB00D400024876F1D9068F0102A9A84876C1D90002421E4C
:2043A000010248768DCF01D40102487604DB00D401024876F1D94876B3E10052076020FFE2
:2043C000EA060A8F26824876B0E1A9F50040A9187FE0A9F400404876B3E10052076020FF58
:2043E0007C090A8F26824876B0E1A928350CA9F463404876B3E10052076020FF9C060A8FF1
:2044000026824876B0E1009AA9F404404876B3E10052076020FF2F080A8F26824876B0E139
:20442000A9F50040A9CCFEFF0250A9F400404876B3E10052076020FF5A090A8F2682487671
:20444000B0E1A9BF60400091A9BD60404876B3E10052076020FF10080A8F26824876B0E15A
:20446000A9F50040A918FBFFA9F400404876B3E10052076020FFBA060A8F26824876B0E14C
:20448000A9F50040A91A0020A9F400404876B3E10052076020FF0A0A0A8F26824876B0E1B0
:2044A000A9F50840A9CCEEF30250A9F408404876B3E10052076020FF0A0A0A8F268248764C
:2044C000B0E1A9F50840A9CCBBCF0850A9F408404876B3E10052076020FF7D0A0A8F268237
:2044E0004876B0E1A1F46B404876B3E10052076020FF7D0A0A8F26824876B0E1A1F46D40AA
:204500004876B3E10052076020FFAE0C0A8F26824876B0E1009AA9F441404876B3E10052CB
:20452000076020FFAE0C0A8F26824876B0E1009A1F769002A9F4434005921D604876B3E164
:204540000052076020FF5A0C0A8F26824876B0E1909AA9F440404876B3E10052076020FF1C
:204560005A0C0A8F26824876B0E1A9280009A9F442405B6F4876B3E10052076020FF5A0CF2
:204580000A8F26824876B0E1069AA9F440404876B3E10052076020FF5A0C0A8F268248763F
:2045A000B0E1069AA9F442404876B3E10052076020FF340D0A8F26824876B0E1A9F547408B
:2045C000A9CCFEFF0250A9F447404876B3E10052076020FF340D0A8F26824876B0E1A9F55A
:2045E0004740A9CCF7FF1050A9F447404876B3E10052076020FF5E0D0A8F26824876B0E120
:20460000A9F547400450A9F447404876B3E10052076020FF5E0D0A8F26824876B0E1A9F53A
:2046200047402050A9F447404876B3E10052076020FFD80C0A8F26824876B0E1A9F547409C
:20464000C050A9F447404876B3E10052076020FF010D0A8F26824876B0E1A9F54940A91876
:20466000FCFFA9F449404876B3E10052076020FF010D0A8F26824876B0E1A9F54940A91869
:20468000F3FFA9F449404876B3E10052076020FFC20D0A8F26824876B0E1A9F50C40A918CE
:2046A000FDFFA9F40C404876B3E10052076020FFC20D0A8F26824876B0E1A9F50C40A918E1
:2046C000FEFFA9F40C404876B3E10052076020FF8F0D0A8F26824876B0E1A9F50C40A918F3
:2046E000FFDFA9F40C404876B3E10052076020FF8F0D0A8F26824876B0E1A9F50C40A918F2
:20470000FFEFA9F40C404876B3E10052076020FFA10F0A8F26824876B0E1A9F51440A918A5
:20472000FEFFA9F414404876B3E10052076020FF66100A8F26824876B0E12276A9F5804065
:20474000009AA9F480401A764876B3E10052076020FFB6120A8F26824876B0E12276A9F51A
:2047600097407F50A9F497401A764876B3E10052076020FFDE120A8F26824876B0E122764D
:20478000A9F59840FF50A9F498401A7682FEBE8B0600BDB203E2BD0403E2BD0503E2BD061C
:2047A00003E2BD070CFE1F76520001E898F8AFE20603AFE2080210E7D400AFE20A0110E753
:2047C00064000EE8D06900E700011F764A0203E21A0014E0444020E756004FE800C001E8C9
:2047E00051F920E718000DE8595500E70D00AFE2080703E21605AFE20A001F764C020BE3AD
:2048000020E10AE308131F764A0200E75B00AFE62D0001E899F80EE8D16900E78E0100E7A3
:204820007D010CE018061F764C0210E72D000DE30ACE03E24605AFE2220500E77501AFE24B
:2048400046061DE3087EAFE2060500E77501008F009320E77D01AFE20A0603E2E405AFE2E6
:20486000040500E7750120E75600007720E7F30014D01AE048DEAFE21C0503E2D403AFE201
:20488000020307E3067318E30A0507E3205CAFE2080503E24A03AFE2040307E30A5D00E7A0
:2048A0002C0122D120E70401040627E31E1DAFE21C0403E2F403AFE2060307E3942300E7CE
:2048C000EB0016D020E7F300AFE2140503E2940328D0AFE2160310E75B01941E32D0AFE2AD
:2048E000280503E24C03AFE23C0307E3946B2AD01AE33ADDAFE2940600E7750114E31C4FA6
:204900001AE322DA30D003E2940334D0AFE23603AFE230051AE31EDEAFE2380503E294034B
:2049200010D0AFE2340307E3945D0BE304AE0DE308F700E7BA000CD020E78A002BE34AAF50
:204940002EE39496AFE21C0703E2C402AFE2000205E31EFA00E792010ED020E7BA00AFE280
:204960000C0603E2940212D00E06AFE20E020C1E03E2940528061CE3109620D0AFE2120500
:204980002A1E12061DE0946A24D0101E03E2940518D0AFE21E05AFE2940200E7AA001AD0DE
:2049A00025E34C16AFE2180403E294022ED0AFE21A0215E09C2602E84A0608E8D27E1F76F4
:2049C0004A0206E3949A2CD003E2240016E01C91AFE2440303E2940203E2200326D0AFE2EA
:2049E0004402AFE2480303E2260203E2220303E29404AFE2460303E21E0302E84B061F7651
:204A00004C0216C51AC408E8D37E3006AFE22C05321E14C318C294E61D0014AD0C6502E8A2
:204A20004B06AFE22C0408E8D37E20E7E300007703E22C032CD02ED194069C1EAFE22E059B
:204A4000AFE22E03AFE22E04AFE22E060AD071E22D0008D117E32E271F764A0210E7F601BB
:204A600078E22D0071E23B0071E2360071E2240079E2370003E2080578E2260079E21D00A5
:204A800003E29C07AFE20E0403E2940603E20A0512E8041114AD5A631F764402AFE2360346
:204AA00012E8030514AD5263AFE2380312E8030514AD4C63AFE23A0312E8030514AD466306
:204AC00020D093E596E503E2940395E594E597E51F764C0222D030D103E2940624D003E2DA
:204AE000940626D003E2C40503E2D40403E2E40703E2F40503E2340503E22C0403E29C0752
:204B000003E22E0603E294030CD003E294030ED003E2940510D003E2940412D003E294078D
:204B200014D003E2940516D003E2940418D003E294071AD003E2940528D003E294042AD071
:204B400003E2940732D003E294061F76550003E21001AFE24407AFE24806AFE2460103E2FC
:204B600012018CFE03E2140703E21606AFE2BE0703E21800AFE2BE06AFE2BE0503E21A029A
:204B8000AFE2BE04BE8B0600BDB2BDAABDA203E2BD0403E2BD0508FE1F76900245960102E6
:204BA00001561000A6BF0452A9BF0052A603A61EA92800E1A828F505AC1E4256A600A7A9D8
:204BC000A92800C2A7BD160F00B6A828EB0B0556A600ABBD120FA7BD1E0FA9BD260F007710
:204BE00092E594E520FFE80365E565E565E565E565E565E565E565E565E565E565E565E543
:204C000065E565E565E565E565E565E565E565E565E565E565E565E565E565E565E565E5F4
:204C200065E565E565E565E5A60FA1BF120FE8FF94014876B3E10052076020FF95090A8F39
:204C400026824876B0E1A9F563404696E1FF850101290356A9011F76900200B6481E0ABEA2
:204C60001A068F568F56A9BD160FABBD120FA7BD1E0FA6BD260F0077007700770077B8E594
:204C800065E565E565E565E565E565E565E565E565E565E565E565E565E565E565E565E574
:204CA00065E565E565E565E565E565E565E565E565E565E565E565E565E565E565E565E554
:204CC000BAE50077A9BF120FA9BD160F007700770077AFE2480368E564E564E564E564E5F8
:204CE00064E564E564E564E56AE50077A9BF1A0F036348C4A607A1BD160F0077AFE2480344
:204D000092E55AFF64E564E564E564E564E564E564E564E548C4A9BF1A0F0156AB0048761E
:204D2000B3E1ABBD160FA6BD1E0F007792E54693A85A64E564E564E564E564E564E564E5FA
:204D400064E50052A1BF1A0F076020FFB9080A8F26824876B0E1A9AAA3F5044030FFA986CB
:204D60004876B3E10052076020FF3D090A8F26824876B0E1A9F50540A940046DA9AAA301FF
:204D8000026FA30EA9BD160FA2BD1E0F00770077007792E564E564E564E564E564E564E548
:204DA00064E564E548C4A4BF1A0F0129A60640FFABA85D56A100AB0F076454FFAB0F066570
:204DC0005756A600036F5D56A600A9A91F76900268FF121E32FFAC10141E1CC50A02A6A94A
:204DE000A70F02650AB64592E1FFB100A70600D30AD28F568F56A9BD160FABBD120FA3BDD4
:204E00001E0FA2BD260F0077007700770077B8E565E565E565E565E565E565E565E565E508
:204E200065E565E565E565E565E565E565E565E565E565E565E565E565E565E565E565E5D2
:204E400065E565E565E565E565E565E565E565E5BAE50077A9BF120FA60F106454FFA60F32
:204E60000D6200020119160F04690102015616000302160FB9560801746F089201526060D3
:204E80001EC50A02A70F02650AB6A70600D10AD08F568F56A9BD160FABBD120FA1BD1E0F85
:204EA000A0BD260F0077007700770077B8E565E565E565E565E565E565E565E565E565E54D
:204EC00065E565E565E565E565E565E565E565E565E565E565E565E565E565E565E565E532
:204EE00065E565E565E565E565E565E565E5BAE50077A7BF120FA70654FF5AFFA706A60F54
:204F00000464A6066156AB00ABA84156AB00ABBD160F007700770077AFE2480368E564E522
:204F200064E564E564E564E564E564E564E56AE50077A9BF1A0F056348C4A607026FA9B22E
:204F4000468869FF42C248760BBD1F7690020002082B161E066F01021F76900201561800F3
:204F600088FEAFE2BE0569FFAFE2BE04BE82BE86BE8B060003E2BD0403E2BD0503E2BD06D4
:204F800003E2BD0724FE1F764802049201520B601F7646023E92075206601F765400BF56A9
:204FA0000001046F1F765400002B1F7648020A92015203604876FFCC1F76480201E888C699
:204FC00001E88DC601E88FC601E88CC6C8E23801C8E22003C8E239060DE8B8B80DE8BDB8B4
:204FE0000DE8BFB80DE8BCB800E74200059200E7E80000E7B901C8E22107C8E2220501E820
:205000008EC60DE8BEB80FE0420001E88FC6C8E223040DE8BFB80BE0448001E88EC6C8E28F
:2050200024050DE8BEB809E046C001E88FC6C8E225040DE8BFB80BE0488001E88EC6C8E2D6
:2050400026050DE8BEB81F76540009E04AC005961F76480201E88FC60892C8E227040DE8C2
:20506000BFB80BE04C8001E88EC6C8E228051F7654000DE8BEB8039609E04EC01F7648022B
:2050800001E88FC60192C8E229040DE8BFB80BE0508001E88EC6C8E22A051F7654000DE84D
:2050A000BEB8019609E052C01F76480201E88FC60292C8E22B040DE8BFB80BE0548001E84A
:2050C0008EC6C8E22C051F7654000DE8BEB809E056C002961F76480201E88FC60992C8E254
:2050E0002D040DE8BFB80BE0588001E88EC6C8E22E051F7654000DE8BEB809E05AC0049645
:205100001F76480201E88FC6C8E22F040DE8BFB80BE05C800692C8E2300501E88EC61F7619
:20512000450202C40DE8BEB81F76480209E05EC001E88FC6C8E231040DE8BFB8C8E23503A6
:205140000BE0608001E88EC6C8E232050DE8BEB809E062C001E88CC60BE064B8C8E23300D1
:205160000DE8BCB800E7260001E88CC6C8E234000DE8BCB800E7250001E888C60DE8B8B88F
:2051800000E7C40001E888C6C8E236030DE8B8B81F76540006E3420303E20603AFE2440308
:2051A00003E20803AFE2460303E20A03AFE2480303E20C03AFE24A0303E20E03AFE24C03AF
:2051C00003E21003AFE24E0303E21203AFE2500303E21403AFE2520303E21603AFE254034F
:2051E00003E21803AFE2560303E21A03AFE2580303E21C03AFE25A0303E21E03AFE25C03EF
:2052000003E22003AFE25E0303E22203AFE2600303E22403AFE2620303E22603AFE264038E
:2052200003E228031F764802C8E237031F76540003E22A071F764802C8E217071F7654000C
:2052400003E22C061F764802C8E218061F76540003E22E051F764802C8E219051F765400FF
:2052600003E2300401E864EE0EE86C6603E2320001E888C60DE8B8B800E7C00001E863EE7E
:205280000EE86B6603E2340001E860EE0EE868660FE036220CE038D91F7655000AE01C04FB
:2052A00003E21E0303E220001F7654003AC243601F76480201E860EE01E862EE01E866EECF
:2052C000C8E21301C8E20E05C8E210030EE86866C8E211040EE86A660EE86E6600E7470055
:2052E00000E7520101E865EE00E7F000C8E20F030EE86D661F76550003E202001F7648022C
:20530000C8E20D001F76540001E03C7701E865EE01E867EE03E23E060EE86D660EE86F6622
:205320001F76550000E7390107E0004203E2060103E204001F765200AFE23600A4FE51E8DB
:20534000801E1F764602AFE2BE07AFE2BE068CE60000AFE2BE0513E23300AFE2BE040600E0
:20536000BDB2BDAA03E2BD0403E2BD0504FEA9881F769302010201560200A9BF0452ABBF29
:2053800000524156AB00A7A9A92800E1A828F505AC1E4256A700A4A9A92800C2A4BD160F3E
:2053A00000D4A828EB0B0556A700ABBD120FA4BD1E0FA9BD260F007792E594E51F76490258
:2053C00065E565E565E565E565E565E565E565E565E565E565E565E565E565E565E565E52D
:2053E00065E565E565E565E565E565E565E565E565E565E565E565E565E565E565E565E50D
:205400001F93A5BF120FE1FF710120FFE803A70FE8FF6601A7F56340A793E1FF6101012910
:205420000356A7011F76930200D1A98A0AD00C068F568F56A9BD160FABBD120FA1BD1E0FE8
:20544000A0BD260F0077007700770077B8E565E565E565E565E565E565E565E565E565E5A7
:2054600065E565E565E565E565E565E565E565E565E565E565E565E565E565E565E565E58C
:2054800065E565E565E565E565E565E565E5BAE50077A9BF120FA9BD160FA4BD1E0F0077D7
:2054A00000770077007768E564E564E564E564E564E564E564E564E56AE5ABA8A9BF1A0FBF
:2054C0000263AB07A5BD160FA4BD1E0F00770077007792E564E564E564E564E564E564E50E
:2054E00064E564E50077A5BF1A0FA507A9BD160FA4BD1E0F007792E5A5F50440A0F50540AB
:2055000064E564E564E564E564E564E564E564E5A040A2BF1A0F046DA9A9A501026FA50E4C
:20552000A9BD160FABBD1E0F007792E5A9A8A48364E564E564E564E564E564E564E564E59D
:2055400040FFACBF1A0FABAB5D56A200AB0F076454FFAB0F06655756A500036F5D56A50014
:20556000A9A968FFA5A9041E32FFAC10061E0A020EA3AB0F0465AB280A00AA2BA692E1FF47
:20558000B500A9A90AD08F568F56A9BD160FABBD120FA1BD1E0FA0BD260F007700770077CA
:2055A0000077B8E565E565E565E565E565E565E565E565E565E565E565E565E565E565E5CB
:2055C00065E565E565E565E565E565E565E565E565E565E565E565E565E565E565E565E52B
:2055E00065E565E5BAE50077A9BF120FA50F106454FFA50F0D6200020119080F0469010237
:20560000015608000302080FB9560001736F009201525E6010C40A02A60F02650ABEA6060A
:205620008F568F56A9BD160FABBD120FA1BD1E0FA0BD260F0077007700770077B8E565E5AC
:2056400065E565E565E565E565E565E565E565E565E565E565E565E565E565E565E565E5AA
:2056600065E565E565E565E565E565E565E565E565E565E565E565E565E565E565E5BAE535
:205680000077A6BF120FA60654FF5AFFA606A50F0464A9A06156AB00ABAB4156AB00ABBD42
:2056A000160FA4BD1E0F007700770077007768E564E564E564E564E564E564E564E564E5C6
:2056C0006AE50077A9BF1A0F0463A407026FA9AAA78869FF42C24876A2CC076F01021F76C8
:2056E000930201560A00066F1F7693020002002B081E84FE69FFAFE2BE05AFE2BE04BE86ED
:20570000BE8B0600BDB2BDAABDA208FE52C4A98E54A3A6060F61418F0000A9A0A60F086168
:20572000438F0000A9A0A60FB056A701046000B6026F02B600BEA492B156A601A93A0B61B7
:205740002FFF0020A00F0460858D40E7066F858D80E7036F858D00E7A9A9AC2817002256A1
:20576000009B1F90AC281200A9BD120FA9A92256009B1F90A9BD160F8BE60000A9A9009B75
:20578000FF90A9BD1E0F8BE609008FE800E08FE80AE0007700E710008BE6190000770077CF
:2057A00074E20A0000770077007774E20B0011E802FC14AD1E6374E240000077007700778F
:2057C000007710E70000007790E80148007750E808B2007720E742008AE609008AE61200FF
:2057E0000077A9BF160FA4BF1A0F30FFA982066F02E8B024008FA40418D3458F00E700E7C8
:205800001800A9A08AE60000A20F03E244000C61458F40E7A9A0A20F046122760402066F03
:2058200022760202036F22760102458F4CD3C598CD991A762276A28314DDC51A0100A283C6
:2058400028D014DDC51A0200C2CCF0FF0550C296C2CC1FFF5050C296C2CCFF0FA91A005001
:20586000C29692CCE00FA7CA28D0A91A00A0929624D092CCE00FA6CA24D0A91A00A092965F
:205880001A7644C4040246A848C2A30F076920FF30030A8FF4804876B0E14606076020FFD0
:2058A00031030A8FF4804876B0E14806076020FF32030A8FF4804876B0E1012920FFFFFFAC
:2058C000A30F076720FF33030A8FF4804876B0E146C40F8FFFFFA9A8A60F076720FF340387
:2058E0000A8FF4804876B0E148C40F8FFFFFA9A8A60F076720FF35030A8FF4804876B0E17D
:20590000227608D146920AD09A9692CCF0FFA98810D10AD046060F914892A6CB92970CD0BF
:20592000927B12D09A9692CCF0FFA98812D048060F91A6CB9297C2CCFFF8A91A000AC296B6
:20594000C2CCF8FF0A50C2961A7614D0448A929203903960A9A8376114D092920390336067
:2059600081DCA9A8306114D0929203902C6081DCA9A8296114D092920390256081DCA9A8BB
:20598000226114D0929203901E6081DCA9A81B6114D092920390176081DCA9A8146114D028
:2059A00092920390106081DCA9A80D6114D092920390096081DCA9A8066114D0929281DC26
:2059C0000390C96114D0009A929303910253B156A90188FEBE82BE86BE8B0600009A48761C
:2059E00065DFA9280002487665DFA9280003487665DFA9280004487665DFA928000548764D
:205A000065DFA928000D487665DFA928000E487665DFA9280010487665DFA92800124876FD
:205A200065DFA9280018487665DF019A487665DFA9280101487665DF029A487665DFA92856
:205A40000201487665DFA9280202487665DFA9280203487665DFA9280204487665DFA928E8
:205A60000205487665DFA9280206487665DFA9280207487665DFA9280208487665DFA928B8
:205A80000209487665DFA928020A487665DFA928020B487665DFA928020C487665DFA92888
:205AA000020D487665DFA928020E487665DFA928020F487665DF039A487665DFA92803019A
:205AC000487665DFA9280302487665DFA9280303487665DFA9280304487665DFA928030560
:205AE000487665DFA9280306487665DF049A487665DFA9280401487665DFA92804024876BB
:205B000065DF069A487665DFA9280601487665DF079A487665DFA9280701487665DFA92876
:205B20000702487665DFA9280703487665DF089A487665DFA9280801487665DFA928080222
:205B4000487665DFA9280803487665DF099A487665DFA9280901487665DF0A9A487665DF3D
:205B6000A9280A01487665DF0B9A487665DFA9280B01487665DFA9280B10487665DF0D9A2C
:205B8000487665DFA9280D01487665DFA9280D02487665DFA9280D03487665DF0E9A4876F7
:205BA00065DFA9280E01487665DFA9280E02487665DFA9280E03487665DFA9280E04487657
:205BC00065DFA9280E05487665DFA9280E06487665DFA9280E07487665DFA928101048761D
:205BE00065DFA9281011487665DFA9281012487665DF119A487665DFA9281101487665DFE6
:205C0000A9281102487665DFA9281103487665DFA9281104487665DFA9281105487665DFE6
:205C2000A9281106487665DFA9281107487665DF129A487665DFA9281201487665DFA9282A
:205C40001210487665DFA9281211487665DFA9281212487665DFA9281213487665DFA9286A
:205C60001214487665DFA9281215487665DFA9281216487665DFA9281217487665DF149A5D
:205C8000487665DF159A487665DFA9281501487665DFA9281502487665DF179A487665DFCB
:205CA000A9280A04487665DF060090E51F76400203E2BD0403E2040003E2060003E208004A
:205CC00003E20A0003E20C0003E20E0003E2020003E2160003E2180003E21A0003E21C0012
:205CE00003E21E0003E2BD051F76440203E2BD0603E2000003E2020003E2040003E20600D7
:205D000003E2080003E20A0003E2120003E2140003E216001F764502000203E20C001F7658
:205D2000440203E2BD0703E20C0003E20E0003E2100003E21E0003E2200003E2220003E2A7
:205D4000240003E2260003E2280003E22A0003E22C0003E22E001F76450203E202001F767C
:205D6000430203E2080003E20A0003E20C0003E20E0003E2120094E593E592E591E595E5CF
:205D800096E503E2140097E503E2160003E218001A2B03E21C0003E21E0003E2200003E2E8
:205DA000240003E2260003E2280003E22A002C2B2D2B2E1E301E321EB10203E2340003E24E
:205DC000360003E23A0003E2220003E210003C2B03E23E0002E8D02F03E2040001E860EAE3
:205DE0000EE8686603E2060001E818CC08E87893321E9102301E000203E23E0090E51F76CC
:205E0000410203E2080003E20A0003E20C0003E20E0003E2120003E2140003E2160003E2AF
:205E200018001A2B03E21C0003E21E0003E2200003E2240003E2260003E2280003E22A00CC
:205E40002C2B2D2B2E1E301E321EB10203E2340003E2360003E23A0003E2220003E21000A7
:205E60003C2B03E23E0002E8D02F03E2040001E860EA0EE8686603E2060001E818CC08E827
:205E80007893321E9102301E000203E23E0090E51F76420203E2080003E20A0003E20C0086
:205EA00003E20E0003E2120003E2140003E2160003E218001A2B03E21C0003E21E0003E2D9
:205EC000200003E2240003E2260003E2280003E22A002C2B2D2B2E1E301E321EB10203E241
:205EE000340003E2360003E23A0003E2220003E210003C2B03E23E0002E8D02F03E20400DC
:205F000001E860EA0EE8686603E2060001E818CC08E87893321E91021F764002002B1F765D
:205F2000450203E2080703E20A0603E204051F76440203E2300403E2320303E234021F7685
:205F4000450203E206011F764202AFE2BE07AFE2BE06AFE2BE05AFE2BE04301E03E23E0072
:205F60000600BDB2BDAABDA206FEA9860090A81800C0A98200D1009AA8280080A30F0D619D
:205F8000A8280040A30F0961A9A2076120FF4C010A8FD0804876B0E1058F2ED2C440BD56D3
:205FA000A900EDFF04012276058F0ED2C418FDFF1A7617024076D1C0058F08D2C4CC030072
:205FC000A988058F32D2C4CC0200A980A9AAA80E5AFFAB920390A927A792A6CAA988AA2B8C
:205FE000A9A9A60F12612276058F0ED2C418FEFF1A760C024076D1C0A9AA00900391487628
:2060000028D60B024076D1C02276058F22D2C4CCC0FFC4961A76A8280080009AA30F1061C8
:20602000A8280040A30F0C61A9A2E0FF8E002276058F0ED2C418FEFF1A76EFFF8B00A9AA38
:2060400046AA00907C91012935FF5AFF058F14D24692FF904696452B4606ABCAAACB461E35
:20606000A9AA46FF5AFFAB180000AA181F004606ABCAAACB461EC406009BFF90C4A3468BC5
:20608000AB180000AA18001FABCAAACBC4A3AB180000AA181F00ABCAAACB058F0ED2A61E45
:2060A000C4CC0100A980A9B2A60F0460A792015250612276C418FEFF1A760C024076D1C01F
:2060C00022760129458F14D2A9AAABAA058F0ED2C5B247FFAB180000AA180300A918007CA6
:2060E0000091458F16D2C41A01001AFF0100A61EC5CC010001521961058F16D2A606156199
:20610000C440136D81DEA6061061C4400E6D81DEA6060B61C440096D81DEA6060661C4CC0D
:20612000010081DE0152EB601A76A9AA42A9FF90A818FC0F01D4441EA9AA0090A81800302F
:20614000487682ABA959A1920152046125762E6F01D1A292C7FF3F90A95A22763F52066002
:20616000058F22D2C4923F50086F058F22D2019AC4CDC0FFA294A8CAC4961A76A8280080E6
:20618000009AA30F07602276058F0ED2C41A02001A7628024076D1C02276058F22D2C4CCAF
:2061A000C0FFA2CAC4961A76A19286FE69FFBE82BE86BE8B0600BDB202FE1F764902204128
:2061C000ECFF20011F7648020792E0FF1B011F7646023F9205611F76480200920E601F76B8
:2061E000540000921F769202372B382B1F764602B1563E01E1FFD7001F7646023E920452EE
:20620000106204524F610052E1FFDB000152E1FFCA000252E1FFA20003526961EFFFEF002A
:2062200005522B61065206610752E1FFE100EFFFE6001F769202370A371BE8031F7646024A
:20624000BF563901E5FFDE001F76480201921F7692020152372B0B601F76540002921F7660
:2062600046020252B1563E03E1FFCC001F764602BF563E07EFFFC6001F769202370A1F76A4
:206280004602BF563801392B1F769202382B371BB80BE5FFB7001F764602BF563E06EFFFA4
:2062A000AE001F769202370A371BE8031F764602BF563601BF563701E5FFA4001F764802AC
:2062C00001921F7692020152372B0B601F76540002921F7646020252B1563E07E1FF920076
:2062E0001F764602BF563E05EFFF8C001F764502AFE20800AFE20A01AFE2020236D1408F73
:20630000809137D01F76920210E74000370ABF569D0120E71000952B95E6000012E80007BE
:2063200014AD1064371BA861382B6B653ED0A58A1F764802BF569501002B46DCC41A200088
:206340005D6F380A381BDC05372B5B65382B1F764602BF563E04556F1F769202370A37924B
:206360001F764602362B382B372B392B02521F769202382B46651F76480201921F76920290
:206380000152372B0A601F76540002921F7646020252B1563E0535611F764602BF563E031D
:2063A000306F1F76480200921F7646020152362B372B392BB0563E01B1563E021E6F1F76C8
:2063C000490217921F764602362B382B372B392B0C601F769202370A371BD00712651F7657
:2063E0004602BF563E010A6F3E2B086FBF563601BF563701BF563901382B1F769202372BD2
:2064000082FEBE8B0600BDB203E2BD0403E2BD0503E2BD0603E2BD0708FE1F764A02AFE228
:206420001200AFE2100100E70900AFE2140010E74000007703E21400AFE2140011E800FCD2
:2064400014AD0865AFE21400AFE800E0007703E214001F764B02008FC09202E84F02AFE2F3
:20646000120002E8350402E83300AFE2D4011F764A0208E8DF7E00E3144608E895540DE033
:2064800048C008E8935450E8040008D020E7610120E7E00071E2270071E2090071E2000090
:2064A00078E2090078E2020078E23E0001E89FF80EE8D76920E7530010E78D0000E7FB000F
:2064C0004FE828C010E7970120E7340001E856F90DE85E5510E7CA0109E306AF01E89EF811
:2064E000CFE62C000EE8D66900E77801AFE6240005E0288D03E2440003E2300107E304F2B4
:206500001F764B0202E8490603E2460608E314A006E346B51BE3F42208E8D17E01E0C43C78
:20652000C4C410E7BD00AFE2480011E30A6A02C203E2E4050406AFE2040532E8451A061E0B
:2065400003E20405AFE2040715E310E802E84A0603E2940508E8D27E0ED0AFE208051F76B8
:206560004A020AE02A3B03E22E040EE394B80CD01F764B0210E73D00AFE2440203E29405E5
:2065800015E30C821F764A0203E22C0094E60A0014AD0E651F764B0202E84806AFE20C0113
:2065A00008E8D07E20E70800007703E20C000CD00ED11F764B0294069C1EAFE20E01AFE204
:2065C0000E00080671E2090071E200001F764A0288FE78E2090079E20000AFE2BE070C1E4B
:2065E00003E2040103E20600AFE2BE06AFE2BE05AFE2BE04BE8B0600BDB2BDAABDA208FE40
:20660000A9860090A81800C0A98B452B009AA8280080A10F0D61A8280040A10F0961A9B20A
:20662000076120FF6E020A8FD0804876B0E12276058F18D21702C418FDFF4076D1C01A764D
:20664000058F0AD2C4CC0300A988058F32D2C4CC0200A980A9AAA80E5AFFAB920390A927B1
:20666000A792A6CAA988AA2BA9A9A60F12612276058F18D2C418FEFF1A760C024076D1C01D
:20668000A9AA0090039148764CD10B024076D1C0009AA8280080A10F0E61A8280040A10F8B
:2066A0000A61A9B2E0FF8F002276058F18D2C418FEFF466FA9AA48AA00907C91012935FFC2
:2066C0005AFF058F1ED24892FF904896472B4806ABCAAACB481EA9AA46FF5AFFAB180000D2
:2066E000AA181F004806ABCAAACB481EC406009BFF90C4A34882AB180000AA18001FABCADD
:20670000AACBC4A3AB180000AA181F00ABCAAACB058F18D2A61EC4CC0100A980A9A2A60F13
:206720001160A79201520E60009AA8280080A10F49602276C41A020003024076D1C01A7657
:20674000416F2276C418FEFF0C024076D1C0458F1ED2058F18D2C5A2C41A01001A76A9AA58
:20676000058F20D200900391C440FF6C421EABAAA9AAAB18FF00AA18FC0F00D40090A81845
:20678000003044A9487682AB005203602576036F45280100009AA8280080A10F0B60227624
:2067A000058F18D2030269FFC41A02004076D1C01A76459207602276058F1ED2C42B1A765E
:2067C00025762276A292058F24D2C7FF3F90C4961A7688FE69FFBE82BE86BE8B060002FE88
:2067E000068F0100A9A84876C1D90002421E48768DCF01D40002487604DB00D400024876D6
:20680000F1D9068F0102A9A84876C1D90002421E010248768DCF010201D4487604DB00D4A5
:2068200001024876F1D9068F0104A9A84876C1D90002421E020248768DCF00D40202487674
:20684000F1D9068F0106A9A84876C1D90002421E030248768DCF00D403024876F1D9068FB2
:206860000108A9A84876C1D90002421E040248768DCF00D404024876F1D9068F010AA9A891
:206880004876C1D90002421E050248768DCF050200D44876F1D9A928010EA8280801487643
:2068A000C1D90002421E970248768DCF00D497024876F1D9A9280110A82808014876C1D921
:2068C0000002421E980248768DCF00D498024876F1D9068F0110A9A84876C1D90002421EFB
:2068E000080248768DCF00D408024876F1D9068F0112A9A84876C1D90002421E0902487692
:206900008DCF00D409024876F1D9068F0114A9A84876C1D90002421E0A0248768DCF00D405
:206920000A024876F1D9068F0116A9A84876C1D90002421E0B0248768DCF00D40B02487646
:20694000F1D9068F0118A9A84876C1D90002421E0C0248768DCF00D40C024876F1D9068F8D
:20696000011AA9A84876C1D90002421E0D0248768DCF0D0200D44876F1D9068F011CA9A85A
:206980004876C1D90002421E0E0248768DCF00D40E024876F1D929FF01634876C1D90002C1
:2069A000421E610248768DCF01D46102487604DB00D461024876F1D90202A9BD1A7F82FEE3
:2069C000060002FE487634C32276058F38D2458F38D2C4CC0FFFC596C41A30001A7603024C
:2069E000487608E04876CEDD4876EFB34876E2C54876A7D24876F1D34876FDDC48762BC7C3
:206A0000A9280B1E469B4876C1D92F0201D4487604DB0002421E2F0248768DCF03D42F02EB
:206A20004876F1D94876C4C1487695DE2276058F26D7C41A0100058F2ED7C41A08001A7643
:206A400020FF1E4E4076D1C0078F0002C4C41F764702A606017E00974876B0D34876ECDDDC
:206A600048761DD2487662D24876A5B54876B1D4487611E148761DE12276058F22D3C406C5
:206A8000A818FBFFC41E1A7648761DE0487696DF2276058F22D3C4060451C41E1A7648766C
:206AA0007EDF4876B0DE48764DE120FF00384876E78A20FF003A4876C08E20FF003C48763D
:206AC000999220FF003E487672962276A9F500390250A9F40039A9F5003B0250A9F4003BCE
:206AE000A9F5003D0250A9F4003DA9F5003F0250A9F4003F1A76009A4876F2DF4876D5DC5C
:206B0000487630DB2276A9F52270A918FCFFA9F422701A761029202969FF487655AE227626
:206B2000559BAA9AA8F42570A9F42570A9F529702F50A9F42970A9F52970A9CCBFFF2850F0
:206B4000A9F429701A7682FE060002FEA9280012A82808014876C1D90002421E990248761A
:206B60008DCF01D49902487604DB088F000EA9A84876C1D90002421E170248768DCF01D4F4
:206B80001702487604DB088F000CA9A84876C1D90002421E160248768DCF01D416024876B4
:206BA00004DB088F000AA9A84876C1D90002421E150248768DCF01D41502487604DB088FF9
:206BC0000008A9A84876C1D90002421E140248768DCF01D41402487604DB088F0006A9A8FC
:206BE0004876C1D90002421E130248768DCF01D41302487604DB088F0004A9A84876C1D9E1
:206C00000002421E120248768DCF01D41202487604DB088F0002A9A84876C1D90002421EBA
:206C2000110248768DCF01D41102487604DB088F0000A9A84876C1D90002421E1002487630
:206C40008DCF01D41002487604DB2FFF0004A9BD227F608F0000108F0000C8760000009AB5
:206C6000809B84760000A9BD027F409BA9BD027FA5BD027FA4BD027F2FFF0004428F00008E
:206C8000018F0000A7BD027FA6BD027F82FEA5BD047FA4BD047FA9BD247F06001F7692021A
:206CA000369219610152106102520361362B196F4876FCCD049A4B9B487601C81F76920272
:206CC000BF5636030E6F487600801F769202BF563602076F48764B9A1F769202BF563601A7
:206CE000487603B24876C9A31F764C0202E87820AFE22E011F764B020AE80080AFE20E02DD
:206D00001F76920220E75100369200E740001F7646028CE60000035213E235003A601F7606
:206D200048020B9236611F765200068302E8D82002E82B1308D0008F4E9108A30AC512C4C5
:206D40000CE878940AE86B661406941ED4A9C4A00AD0E4C3F4C21606941EAFE222010ED02C
:206D60002A06941E1F764B020CD002E30E011F76520003E2940012D000E758002C0603E2E7
:206D8000940010D0941EA92801300A9B487601C81F764A02048A06A308C50AC41F7646020F
:206DA0003E921F765500075208A80AA90CC30EC206601F765400009201520B611F769002F7
:206DC00000921F764A02002B0D60487605E10A6F1F764A020092C85204644876ECE0026F9B
:206DE000000A48769CBD06001F769402080620BE1F764902220F485622082203A60F0B6730
:206E00001F76940208061F7649022018FDFF240F0D680D6F1F76940208C408061F7649021C
:206E2000201A0200240F22C20267241EA0BE2403A60F0B671F76940208061F764902201857
:206E4000FBFF260F0D680D6F1F76940208C408061F764902201A0400260F24C20267261E27
:206E60002603008F4001A40F0B671F76940208061F7649022018F7FF280F0D680D6F1F76F0
:206E8000940208C408061F764902201A0800280F26C20267281E2803008F4006A40F0B676D
:206EA0001F76940208061F7649022018EFFF2A0F0D680D6F1F76940208C408061F76490284
:206EC000201A10002A0F28C202672A1E2A03008F800CA40F076705022018DFFF2C0F12665B
:206EE000176F1F76940208C401021F764902201A20002AC201562C0001562E0005022C0FA2
:206F000007690A022018BFFF2E0F09660B6F00BE0A02201A40002E0F2CC2046920187FFF47
:206F200006000002201A80002E1E0600A9BF123D0550A9BD123D2276A9F5503C0250A9F4CB
:206F4000503C1A7600D420FF003C487642DEA9BF143DA91880FF205001D4A9BD143DA9F575
:206F6000083DA918FEFFA9F4083DA9F5073D0150A9F4073DA9F5063DA918FCFFA9F4063D9B
:206F8000A9BF063DA818FFFEA9BD063D20FF003C487642DEA9BF143DA9187FC0A91A00111A
:206FA00002D4A9BD143DA9F5083DA918FDFFA9F4083DA9F5073D0250A9F4073DA9F5063DCC
:206FC000A918F3FFA9F4063DA9BF063DA818FFFDA9BD063D20FF003C487642DEA9BF143D1C
:206FE000A918FF3FA818E0FF03D4A9BD143DA9F5083D0450A9F4083DA9F5063DA918CFFFDC
:20700000A9F4063DA9BF063DA818FFFBA9BD063D20FF003C487642DEA9BF143DA8181FF0C1
:2070200000BEA81A4006A9BD143DA9F5083DA918F7FFA9F4083DA9F5073D0850A9F4073D3C
:20704000A9F5063DA9183FFFA9F4063DA9BF063DA818FFF7A9BD063DA6BD103D2276A9F580
:20706000003DA918FDFFA9F4003D1A760600A9BF123F0550A9BD123F2276A9F5503E0250CB
:20708000A9F4503E1A7600D420FF003E487642DEA9BF143FA91880FF305001D4A9BD143F1D
:2070A000A9F5083FA918FEFFA9F4083FA9F5073F0150A9F4073FA9F5063FA918FCFFA9F4F5
:2070C000063FA9BF063FA818FFFEA9BD063F20FF003E487642DEA9BF143FA9187FC0A91A9D
:2070E000001902D4A9BD143FA9F5083FA918FDFFA9F4083FA9F5073F0250A9F4073FA9F5AB
:20710000063FA918F3FFA9F4063FA9BF063FA818FFFDA9BD063F20FF003E487642DEA9BFDE
:20712000143FA918FF3FA818E0FF03D4A9BD143FA9F5083F0450A9F4083FA9F5063FA9180D
:20714000CFFFA9F4063FA9BF063FA818FFFBA9BD063F20FF003E487642DEA9BF143FA818B7
:207160001FF000BEA81A0004A9BD143FA9F5083FA918F7FFA9F4083FA9F5073F0850A9F46A
:20718000073FA9F5063FA9183FFFA9F4063FA9BF063FA818FFF7A9BD063FA6BD103F22768D
:2071A000A9F5003FA918FDFFA9F4003F1A76060003E2BD040CD090E5408FC09203E2BD0504
:2071C0001F764B0201E804DA05E8F3FB01E81AC003E2BD0602E8311D008F009306E8351D26
:2071E00002E8361D03E295000ED003E2080003E295000CD003E2C50003E2D50003E2E50089
:2072000003E2F5000BE8CC9F0BE8C3F80EE835B208E87A930FE8613A0FE8663A03E294000C
:207220000ED003E2940010D003E2940012D003E2940014D003E2940016D003E2940018D09F
:2072400003E294001AD003E2940028D003E294002AD003E2940030D003E2940032D003E20E
:2072600094002CD003E2940002E8401203E20A002ED01F764C0290E503E2000003E20200B8
:2072800003E2040003E2060003E2200003E2220003E2240003E2260003E2340002E84012A5
:2072A00003E2360001E818C01F764B0208E8789303E2100003E2140603E2120506E8301DEA
:2072C0001F764C020EE830B203E21C0403E23A0003E21E0303E2380203E23C0190E503E22E
:2072E0009400AFE2BE06AFE2BE05AFE2BE040600A9BF12390550A9BD12392276A9F5503881
:207300000250A9F450381A7600D420FF0038487642DEA9BF1439A91880FF01D4A9BD1439E0
:20732000A9F50839A918FEFFA9F40839A9F507390150A9F40739A9F50639A918FCFFA9F490
:207340000639A9BF0639A818FFFEA9BD063920FF0038487642DEA9BF1439A9187FC0A91A38
:20736000000102D4A9BD1439A9F50839A918FDFFA9F40839A9F507390250A9F40739A9F55E
:207380000639A918F3FFA9F40639A9BF0639A818FFFDA9BD063920FF0038487642DEA9BF7A
:2073A0001439A918FF3FA818E0FF03D4A9BD1439A9F508390450A9F40839A9F50639A918A9
:2073C000CFFFA9F40639A9BF0639A818FFFBA9BD063920FF0038487642DEA9BF1439A81853
:2073E0001FF000BEA81A4002A9BD1439A9F50839A918F7FFA9F40839A9F507390850A9F4C2
:207400000739A9F50639A9183FFFA9F40639A9BF0639A818FFF7A9BD0639A6BD103922762E
:20742000A9F50039A918FDFFA9F400391A760600A9BF123B0550A9BD123B2276A9F5503ACF
:207440000250A9F4503A1A7600D420FF003A487642DEA9BF143BA91880FF105001D4A9BD86
:20746000143BA9F5083BA918FEFFA9F4083BA9F5073B0150A9F4073BA9F5063BA918FCFF93
:20748000A9F4063BA9BF063BA818FFFEA9BD063B20FF003A487642DEA9BF143BA9187FC013
:2074A000A91A000902D4A9BD143BA9F5083BA918FDFFA9F4083BA9F5073B0250A9F4073BE6
:2074C000A9F5063BA918F3FFA9F4063BA9BF063BA818FFFDA9BD063B20FF003A487642DEF9
:2074E000A9BF143BA918FF3FA818E0FF03D4A9BD143BA9F5083B0450A9F4083BA9F5063BB7
:20750000A918CFFFA9F4063BA9BF063BA818FFFBA9BD063B20FF003A487642DEA9BF143B06
:20752000A8181FF000BEA9BD143BA9F5083BA918F7FFA9F4083BA9F5073B0850A9F4073B7A
:20754000A9F5063BA9183FFFA9F4063BA9BF063BA818FFF7A9BD063BA6BD103B2276A9F585
:20756000003BA918FDFFA9F4003B1A76060006FEFF02421E20FF107248764FCEA9F51B7299
:20758000A91A0040A9F41B72A6F51A72A618FF7FA828FA02A92880F0A6F41A72A7F51A7200
:2075A00007BE008F8025421EA71A008044A820FF107246C2A7F41A7248762CBEA9F51172AC
:2075C0002350A9F41172A9F51A72A918FF7FA9F41A72A9F51A72A91A0080A9F41A72A9F552
:2075E0001A72A91A0080A9F41A72A9F51A72A91A0060A9F41A72A9F51B72A91A0020A9F472
:207600001B722276088FE6CBA4BDC40D1A761002421E20FF107248762BD80102421E20FFE5
:2076200010724876BED7A9F51A72A918E0FFA9F41A72A9F51B72629BA9CCE0FF0150A9F418
:207640001B72A9F51172A918DFFFA9F41172A9F511722050A9F41172A9F51A72A918FFDF43
:20766000A9F41A72A9F51A72A91A0020A9F41A72A9F51B72A918FFDFA9F41B72A9F51B728C
:20768000A91A0020A9F41B72A92803094876F5D7A9280001A9F4E10C86FE060006FEFF028B
:2076A000421E20FF207248764FCEA9F52B72A91A0040A9F42B72A6F52A72A618FF7FA82823
:2076C000FA02A92880F0A6F42A72A7F52A7207BE008F0096421EA71A008044A820FF2072D7
:2076E00046C2A7F42A7248762CBEA9F521722350A9F42172A9F52A72A918FF7FA9F42A721D
:20770000A9F52A72A91A0080A9F42A72A9F52A72A91A0080A9F42A72A9F52A72A91A0060A0
:20772000A9F42A72A9F52B72A91A0020A9F42B722276088F51C6A4BDB80D1A761002421E4A
:2077400020FF207248762BD80102421E20FF20724876BED7A9F52A72A918E0FFA9F42A723D
:20776000A9F52B725C9BA9CCE0FF0150A9F42B72A9F52172A918DFFFA9F42172A9F52172C7
:207780002050A9F42172A9F52A72A918FFDFA9F42A72A9F52A72A91A0020A9F42A72A9F543
:2077A0002B72A918FFDFA9F42B72A9F52B72A91A0020A9F42B72A92805084876F5D7809A79
:2077C000A9F4E10C86FE060006FEFF02421E20FF307248764FCEA9F53B72A91A0040A9F4A9
:2077E0003B72A6F53A72A618FF7FA828FA02A92880F0A6F43A72A7F53A7207BE008F0096D4
:20780000421EA71A008044A820FF307246C2A7F43A7248762CBEA9F531722350A9F431722F
:20782000A9F53A72A918FF7FA9F43A72A9F53A72A91A0080A9F43A72A9F53A72A91A008013
:20784000A9F43A72A9F53A72A91A0060A9F43A72A9F53B72A91A0020A9F43B722276088F82
:20786000BEC6A4BDBC0D1A761002421E20FF307248762BD80102421E20FF30724876BED75F
:20788000A9F53A72A918E0FFA9F43A72A9F53B725E9BA9CCE0FF0150A9F43B72A9F5317241
:2078A000A918DFFFA9F43172A9F531722050A9F43172A9F53A72A918FFDFA9F43A72A9F528
:2078C0003A72A91A0020A9F43A72A9F53B72A918FFDFA9F43B72A9F53B72A91A0020A9F4D1
:2078E0003B72A92807084876F5D7809AA9F4E10C86FE06001F7649022044ECFF8D001F76F2
:207900009402109203520A62035216610052206101521A6102521461216F04520761055293
:207920001D601F7645023C92046F1F7645023A92487603D1126F1F76450239920C6F1F763B
:2079400045023892086F1F7645023792046F1F76450236924876BAD0A980013B1F7694020B
:207960008076D2A403561001A607A983008FF0A4A7850156C500A9A81081A98AC40AC492B4
:2079800003524264109203520A6203521B61005231610152276102521D61336F04520A61C4
:2079A00005522F600AD01F764602960641FF2D96286F1F7693021A061F76460241FF2C96CB
:2079C000206F1F76930218061F76460241FF2A96186F1F76930216061F76460241FF29964A
:2079E000106F1F76930214061F76460241FF2896086F1F76930212061F76460241FF2B9652
:207A00000002C42BC51E1F769402100A109204520264102B0600BDB203E2BD0403E2BD05F2
:207A20004AC5A61EA70630FFA98AA6BD160FA9BD1E0FA6BD220FA4BD120F007700770077CE
:207A400092E564E564E564E564E564E564E564E564E5CFE6150092E5CFE62100CFE6030098
:207A600064E564E564E564E564E564E564E564E50077A6BF1A0FABBF260FA1A9A706A60F6E
:207A800014674876B3E1ABA85D56A6000052A1A9076020FFBA060A8F26824876B0E1A9F55D
:207AA0000040A918FFDF0F6F4876B3E10052076020FFBA060A8F26824876B0E1A9F5004011
:207AC000A91A0020A9F400404876B3E10052076020FF5A090A8F26824876B0E10129ABBF35
:207AE0006040A125AA180000ABCAAACBA9BD60404876B3E10052076020FFF7070A8F268205
:207B00004876B0E1A9F500400450A9F400404876B3E10052076020FF09070A8F26824876CE
:207B2000B0E1A9F500404050A9F40040AFE2BE05AFE2BE04BE8B06001F769002BDB200924B
:207B4000BDAAE1FF8500010201560E0010C402020AC20A0F796604926C600259A192046100
:207B6000A11B350C056802281A06408D1A06227603924C60BF5606014876B3E1A15A0052D0
:207B8000076020FF7D0A0A8F26824876B0E1A2F46B404876B3E10052076020FF7D0A0A8FBD
:207BA00026824876B0E1A1F46D404876B3E10052076020FFD80C0A8F26824876B0E1A9F550
:207BC0004740C050A9F447404876B3E10052076020FF010D0A8F26824876B0E1A9F54940FB
:207BE000A918FCFFA9F449404876B3E10052076020FF010D0A8F26824876B0E1A9F54940B4
:207C0000A918F3FFA9F44940126F06920560050E0788A60F0C61A1924876B5A11F769002DB
:207C200005880102077E062B01560C001A76056FBF5606014876DACF4876ECE01F76900263
:207C4000BF560102076FBF560101046F012BBF560601BE86BE8B0600BDB2BDAABDA202FEFC
:207C6000A98B20FF00724EC450824C86A10F42C20D6120FF1072A10F096120FF2072A10F4B
:207C8000056120FF3072A10F0360019A06600A8F6A8239024876B0E1420606600A8F6A8267
:207CA0003A024876B0E1420633FFA20F06690A8F6A823B024876B0E120FF0072A10F0D61DF
:207CC00020FF1072A10F096120FF2072A10F056120FF3072A10F0360019A076020FF230208
:207CE0000A8F8C824876B0E14206A2BD160F32FFA9BD1E0F0077007792E5A18A64E564E5DC
:207D000064E564E564E564E564E564E50ADCA6BF160FC418FFBF0129C918FCFF81DEA60692
:207D200047FFFF90D196A692FF90D996C1CC18FFA39820FF0072C17BA10F0D6120FF107266
:207D4000A10F096120FF2072A10F056120FF3072A10F0360019A076020FF08020A8F8C829C
:207D60004876B0E1C91A230082FEBE82BE86BE8B0600BDB2A98BBDAA20FF0072BDA2A48637
:207D8000A55BA10F0D6120FF1072A10F096120FF2072A10F056120FF3072A10F0360019AD4
:207DA00006600A8F6A8267024876B0E120FF0072A10F0D6120FF1072A10F096120FF207205
:207DC000A10F056120FF3072A10F0360019A076020FF11030A8F8C824876B0E10AD0914ED5
:207DE000266DA3924C6181DB20FF0072A10F0D6120FF1072A10F096120FF2072A10F056181
:207E000020FF3072A10F0360019A076020FF99030A8F8C824876B0E1E147E76CA2C509D020
:207E200087929196A7860B00E1FF296FA392276181DB20FF0072A10F0D6120FF1072A10F39
:207E4000096120FF2072A10F056120FF3072A10F0360019A076020FFB6030A8F8C824876DE
:207E6000B0E10AD091CC001FC7FF0F52E361A2C509D087929196A7860B00DDFFBE82BE8698
:207E8000BE8B06002276A9F50174A9CCF0FF0650A9F401741A7640D400D520FF0074487652
:207EA00014D72276A9F500740450A9F40074A9F500748050A9F400741A76012920FF3E9C22
:207EC0004076D1C02276A9F50274529BA918FF7FA9F40274A9F50974A9CCE0FF0650A9F40E
:207EE0000974499AA9BD1074A9BF0A74A918FCFFA9BD0A74A9284980529BA9BD1274A9BFD7
:207F00000A74A918F3FFA9BD0A74499A519BA9BD1474A9BF0A74A918CFFFA9BD0A74A92865
:207F20004980509BA9BD1674A9BF0A74A9183FFFA9BD0A74A9284980519BA9BD1874A9BFF4
:207F40000A74A918FFFCA9BD0A74499A529BA9BD1A74A9BF0A74A918FFF3A9BD0A74A9F524
:207F60000774A9CCF0FF0550A9F407741A76019AA9F404742276A9F50774A918BFFFA9F4A8
:207F80000774A9F507742050A9F407741A76060004FEA61E058F0AD2C406009B039058FFAA
:207FA0000560A9288096989BA61E058F18D203B6C406009B0390A70F3360058F1ED2C406B8
:207FC000009BFF90AC1EA6064456A900A61EAC281800C4062256A6BD160F5AFFAA2BAB92D9
:207FE0001F90A927A9A901095AFFC406A80E009B1F900109AC1E0556AB00ABBD1E0F00779D
:208000000077007792E564E564E564E564E564E564E564E564E50077A9BF160FA61E058F57
:2080200024D2C406009B0790A71E0402A70F1869A72D0102A6BD160F3B56A9BD1E0F007752
:208040000077007792E564E564E564E564E564E564E564E564E50077A9BF160F196FA70F31
:208060000767A606A9BD160FA7BD1E0FEC6FA928ABAAA828AAAAAC1E4756A600A7A9A6061C
:208080000556A900AC282100A7065B56A9A984FE06002276408FF0B2008F0014C47D408FF3
:2080A0005EB9008F0114C47D408F66B9008F0214C47D408F6EB9008F0314C47D408F76B915
:2080C000008F0414C47D408F7EB9008F0514C47D408F86B9008F0614C47D408F4EB9008F6C
:2080E0000714C47D088F43E0A9F510140450A9F41014A9F52514FF50A9F42514A4BDE00D49
:20810000088F92E0A4BDE20D088FA1E0A4BDE40D088FB0E0A4BDE60D088FBFE0A4BDE80D95
:20812000088FCEE0A4BDEA0D088FDDE0A4BDEC0D088F54E0A4BDEE0D1A76709BA928010B55
:208140004876F5D7A928020B719B4876F5D7A928030B729B4876F5D7A928040B739B4876FF
:20816000F5D7A928050B749B4876F5D7A928060B759B4876F5D7A928070B769B4876F5D7BF
:20818000A928080B779B4876F5D723760004060005520C62055234610152626102525461EC
:2081A0000352466104523861666F06521D6107520F6108526060005306601F76940200184A
:2081C0007FFF596F1F769402001A8000546F005306601F7694020018BFFF4D6F1F76940230
:2081E000001A4000486F005306601F7694020018DFFF416F1F769402001A20003C6F005381
:2082000006601F7694020018EFFF356F1F769402001A1000306F005306601F769402001833
:20822000F7FF296F1F769402001A0800246F005306601F7694020018FBFF1D6F1F76940223
:20824000001A0400186F005306601F7694020018FDFF116F1F769402001A02000C6F0053EC
:2082600006601F7694020018FEFF056F1F769402001A01001F76940200920154066101968E
:208280000093029A48766DDD009A060005520C62055234610152626102525461035246613B
:2082A00004523861666F06521D6107520F6108526060005306601F76940204187FFF596FFB
:2082C0001F769402041A8000546F005306601F7694020418BFFF4D6F1F769402041A40000F
:2082E000486F005306601F7694020418DFFF416F1F769402041A20003C6F005306601F76D7
:2083000094020418EFFF356F1F769402041A1000306F005306601F7694020418F7FF296F93
:208320001F769402041A0800246F005306601F7694020418FBFF1D6F1F769402041A040086
:20834000186F005306601F7694020418FDFF116F1F769402041A02000C6F005306601F7606
:2083600094020418FEFF056F1F769402041A01001F76940204920554066105960493029A41
:2083800048768EDD009A060002FE2276058F38D2458F38D2C4CC0FFFC596C41A30001A7669
:2083A000C69BA9280E124876C1D9A9280E14C69B4876C1D9A9280E1AC69B4876C1D9A928E4
:2083C0000E1CC69B4876C1D9A9280E12C89B4876C1D9A9280E14C89B4876C1D9A9280E166B
:2083E000C89B4876C1D9A9280E18C89B4876C1D9A9280E0CC89B4876C1D9A9280E04C89B24
:208400004876C1D9A9280E06C89B4876C1D9A9280E08C89B4876C1D9A9280E0AC89B4876B8
:20842000C1D9A9280E02C89B4876C1D90E9AC89B4876C1D9A9280E10C89B4876C1D9A92828
:208440000E1EC69B4876C1D901D46C02487604DB0102421E6C0248768DCF008F0010A4BD6C
:208460001A7F770201D4487604DB0102421E770248768DCF009A809BA9BD1A7F82FE060048
:208480001B76F0FF0500BDABBDA8BDA0BDC2BDC300E2BD0003E2BD0003E2BD0103E2BD02A6
:2084A00003E2BD0330E600060AFE69FF42291656AD5CAD5D1F76940201028ADC88DDA4887C
:2084C000AD5C0E2BBF564101A55D86DCA45CBF56420144C2487633DC46060DFF0100A61E57
:2084E0000202A60F1D610302A60F0B610402A60F256048834A06008F0092487609DE1E6F71
:2085000048834A06008F00A3487609DE1F7693024A92BF562C011F7693022B960F6F4883ED
:208520004A06008F00A1487609DE1F7693024A92BF5626011F76930225961F76002A228A84
:20854000010280760004C41EA6F4E10C8AFEAFE2BE03AFE2BE02AFE2BE01AFE2BE0080E289
:20856000BE00BEC5BEC4BE83BE8ABE870300303BF1FF177602768052A9881C6280525D61F6
:208580000852116208526561A680012920FF0080A70F3B61A69201526561025260610452F1
:2085A0005B612D6F1052526120524D6140524861266FA61B00081462A61B00083261A6809D
:2085C00020FF0001A70F3661A68020FF0002A70F2E61A68820FF0004A60F2661106FA68070
:2085E00020FF0010A70F1A61A68020FF0020A70F1261A68820FF0040A60F0A610A8FF082D5
:208600006E024876B0E106002F76FF7F06002F76FFBF06002F76FFDF06002F76FFEF0600E1
:208620002F76FFF706002F76FFFB06002F76FFFD06002F76FFFE06002F767FFF06002F76D7
:20864000BFFF06002F76DFFF06002F76EFFF06002F76F7FF06002F76FBFF06002F76FDFF4D
:2086600006002F76FEFF060002FE2276A9F529706850A9F429701A76498F0080A8280000D7
:20868000008F00C0A928D500487609DE058F00FB458F00F842A8A9A003D4407600C0066FF0
:2086A000012920FF3E9C4076D1C002E8400E48765EDE0052F661209AA82887904876B1AFB6
:2086C0002276058F2CD2C406A918F8FF0250C41E1A76289AA82885814876FCB22276058FFA
:2086E00038D2458F38D2C4CCF0FFC596C492C4961A76A8287D01A9284078487620C4A61E3B
:20870000A92800C2A828EB0BA60F03614876B0E1A9284078A8287D01487649DDA61EA92848
:2087200080F0A828FA02A60F03614876B0E1A9284078A8287D014876C8BFA61EA92840594B
:20874000A8287307A60F03614876B0E14876EEAC4876CEDD82FE0600BDB2A98B0090A8182D
:2087600000FE58FF1861A9B20090A81800FFA61E2FFF0004A60F0F612FFF0006A60F0B6111
:2087800000020119A10F076120FF03030A8F18834876B0E1A9B20090A81800FFA61E2FFF61
:2087A0000002A60F0B64A60F3A61013B2FFF00FEA60F0D61A60636612A6F2FFF0004A60FF5
:2087C0002B612FFF0006A60F2461216F0F02058F14F4C40F1C60FF9AA8280001058F34F4ED
:2087E000C40F1560A928FFFFA8280002058F54F4C40F0D60A928E703A8280003058F74F4EA
:20880000C40F0560A928FFFFFF9B0F6F00020D6F058F74F4096F058F54F4066F058F34F43A
:20882000036F058F14F4C406ABB2AACF00BEABCEAA18FF00AB0FB156A601BE8BA6920600A3
:2088400002FE058F2ED25AFFC440666D058F08D2C406009B0390A918FDFF58FF0560AB28A2
:208860008096AA289800058F0ED203BEC406009B0390A60F3160058F14D2C406009BFF9097
:20888000AC1E0556AB00AC281800C4062256ABBD160F421E42921F904296412B42060109D4
:2088A000421EC406A80E009B1F900109AC1E42064456A900A9BD1E0F00770077007792E5C0
:2088C00064E564E564E564E564E564E564E564E50077ABBF160F058F22D2C406009B3F908E
:2088E00058FF1E61C406ABBD160F0356A9017F90A90EA9BD1E0F00770077007792E564E5CA
:2089000064E564E564E564E564E564E564E50077ABBF160F056FAB288096AA28980082FE0B
:20892000A9A906002276A9F58174A9CCF0FF0650A9F481741A7640D400D520FF807448761E
:2089400014D72276A9F580740450A9F48074A9F580748050A9F480741A76012920FF3E9C77
:208960004076D1C02276A9F58274519BA918FF7FA9F48274A9F58974A9CCE0FF0650A9F4E4
:208980008974A9284980A9BD9074A9BF8A74A918FCFFA9BD8A74A9284980509BA9BD92745F
:2089A000A9BF8A74A918F3FFA9BD8A74499A519BA9BD9474A9BF8A74A918CFFFA9BD8A74A4
:2089C000A9284980529BA9BD9674A9BF8A74A9183FFFA9BD8A74499A529BA9BD9874A9BF2D
:2089E0008A74A918FFFCA9BD8A74A9284980519BA9BD9A74A9BF8A74A918FFF3A9BD8A74E2
:208A00001A7606002276A9F50175A9CCF0FF0650A9F401751A7640D400D520FF007548767C
:208A200014D72276A9F500750450A9F40075A9F500758050A9F400751A76012920FF3E9C92
:208A40004076D1C02276A9F50275519BA918FF7FA9F40275A9F50975A9CCE0FF0650A9F480
:208A60000975A9284980A9BD1075A9BF0A75A918FCFFA9BD0A75A9284980579BA9BD1275F2
:208A8000A9BF0A75A918F3FFA9BD0A75499A519BA9BD1475A9BF0A75A918CFFFA9BD0A753E
:208AA000A9284980529BA9BD1675A9BF0A75A9183FFFA9BD0A75499A529BA9BD1875A9BF48
:208AC0000A75A918FFFCA9BD0A75A9284980519BA9BD1A75A9BF0A75A918FFF3A9BD0A757C
:208AE0001A7606002276A9F58175A9CCF0FF0650A9F481751A7640D400D520FF807548761C
:208B000014D72276A9F580750450A9F48075A9F580758050A9F480751A76012920FF3E9CB1
:208B20004076D1C02276A9F58275519BA918FF7FA9F48275A9F58975A9CCE0FF0650A9F41F
:208B40008975A9284980A9BD9075A9BF8A75A918FCFFA9BD8A75A9284980509BA9BD927598
:208B6000A9BF8A75A918F3FFA9BD8A75499A519BA9BD9475A9BF8A75A918CFFFA9BD8A75DD
:208B8000A9284980529BA9BD9675A9BF8A75A9183FFFA9BD8A75499A509BA9BD9875A9BF69
:208BA0008A75A918FFFCA9BD8A75A9284980519BA9BD9A75A9BF8A75A918FFF3A9BD8A751B
:208BC0001A76060002FEA9280002A82808014876C1D90002421E910248768DCF00D4910285
:208BE000487604DB2AFF01424876C1D90002421E920248768DCF00D49202487604DBA9282E
:208C00000006A82808014876C1D90002421E930248768DCF930200D4487604DB2AFF852137
:208C20004876C1D90002421E4A0248768DCF00D44A02487604DB2BFFC3104876C1D9000200
:208C4000421E4C0248768DCF00D44C02487604DB2BFFC1104876C1D90002421E44024876D4
:208C60008DCF00D44402487604DB29FF03434876C1D90002421E430248768DCF00D4430241
:208C8000487604DB29FF05434876C1D90002421E450248768DCF00D44502487604DB82FE74
:208CA00006001B76F0FF0500BDABBDA8BDA0BDC2BDC300E2BD0003E2BD0003E2BD0103E237
:208CC000BD0203E2BD0330E6000602FE69FF4229165600021F769302241B0001281E1A63A6
:208CE000A9F52B72C7FF1F900760A9F52572A947F86C00BE056FA9F52772FF90A988008F1C
:208D000000A0013B1F769302A9A82481A98A240AC47EA6F52B72A61A00401002421E20FFEB
:208D20002072A6F42B7248764FCE20FF2072487626D0A9400C6C0102421E20FF20724876F7
:208D40004FCEA9F521722350A9F42172809AA9F4E10C82FEAFE2BE03AFE2BE02AFE2BE010B
:208D6000AFE2BE0080E2BE00BEC5BEC4BE83BE8ABE870300303BF1FF177602761B76F0FFCE
:208D80000500BDABBDA8BDA0BDC2BDC300E2BD0003E2BD0003E2BD0103E2BD0203E2BD0378
:208DA00030E6000602FE69FF4229165600021F7693022A1B00012E1E1A63A9F53B72C7FF0C
:208DC0001F900760A9F53572A947F86C00BE056FA9F53772FF90A988008F00A2013B1F76A9
:208DE0009302A9A82A81A98A2A0AC47EA6F53B72A61A00401002421E20FF3072A6F43B7277
:208E000048764FCE20FF3072487626D0A9400C6C0102421E20FF307248764FCEA9F5317261
:208E20002350A9F43172809AA9F4E10C82FEAFE2BE03AFE2BE02AFE2BE01AFE2BE0080E2B7
:208E4000BE00BEC5BEC4BE83BE8ABE870300303BF1FF1776027602FE29FF05444876C1D955
:208E60000002421E550248768DCF00D45502487604DB29FF0B444876C1D90002421E5B02C9
:208E800048768DCF01D45B02487604DB2AFF03424876C1D90002421E960248768DCF960277
:208EA00001D4487604DBA928000AA82808014876C1D90002421E950248768DCF01D49502B5
:208EC000487604DB29FF0D444876C1D90002421E5D0248768DCF01D45D02487604DB2BFF4E
:208EE00003114876C1D90002421E5C0248768DCF00D45C02487604DB04D45502487691D906
:208F000004D45B02487691D904D49602487691D904D49502487691D904D45D02487691D966
:208F200004D45C02487691D982FE0600BDB2AB2BAA280001BDAAA459A9860090A81800FF53
:208F4000AB0F076120FF5D010A8F18834876B0E1A9AAFF91A98600D40102A20F3A61012990
:208F6000A9AA40FFA98602DC0102A20F3261A9AA40FFA98602DC0102A20F2B61A9AA40FF9A
:208F8000A98602DC0102A20F2461A9AA40FFA98602DC0102A20F1D61A9AA40FFA98602DC1B
:208FA0000102A20F1661A9AA40FFA98602DC0102A20F0F61A9AA40FFA98602DC0102A20F70
:208FC0000861A9AA40FFA98602DC0102A20FC9602276A42D0302458F24F4A127AA2B3B5624
:208FE000058F24F455FFC5CECDCFA61EA9A93B565AFFA606ABCAAACBC41E1A76BE86BE8BAD
:209000000600BDB2BDAA06FE1F769402A95AA8590F9208616402487665E01F7694020F9202
:20902000FA60A21B0130BF560F012961A29202521B6103520E6104522D60013B408F809172
:20904000038F0090A185487609DE008F0410246F013B408F00A2038F0090A185487609DE53
:20906000008F0310196F013B408F00A0038F0090A185487609DE008F02100E6F013BA185AE
:20908000408F4E91038F009030FF487609DE008F0130A2921B6142A8013B038F0090A1854E
:2090A00001D544A8461E01D40102487651DA08021F76002A2207A98AC440086C08022207F9
:2090C000A98AC40601F0A940F36C86FE1F769402BE860F2BBE8B0600065211620652356125
:2090E0000352086203524261015250610252486106000452336105525561060007521E61DD
:209100000852156109520C610A52506001530361009B026F019B039A4876C8C0060001530E
:209120000361009B026F019B029AF76F01530361009B026F019B019AF06F01530361009B74
:20914000026F019B059A076F01530361009B026F019B069A487646C1060001530461108FCA
:209160000000086F108F00001F6F01530661208F0000A4BD047F0600208F0000156F015370
:209180000361409B066F409B096F01530661809B009AA9BD047F0600809B009AA9BD027FCD
:2091A0000600088F0000A4BD027F0600A9288E114A8F0000A8280000008F00A8487609DE35
:2091C000049AA82800034876A5C9049AA82800034876ACC30052FA61029AA828000348767A
:2091E000A5C9029AA82800034876ACC30052FA61209AA828000101D4487696C72276058F11
:2092000026F4C41A2000CC1A00011A76409AA828000101D4487696C72276058F26F4C41A00
:209220004000CC1A00011A76809AA828000101D4487696C72276058F26F4C41A8000CC1A12
:2092400000011A76019AA828000101D4487696C72276058F26F4C418FEFFCC18FFFE1A7691
:20926000029AA828000101D4487696C72276058F26F4C418FDFFCC18FFFE1A76060020FFDD
:20928000D0074076D1C000D0AC2B03BE00D5C57630D220FFFF01C70F0D67058F30D2C4A3D0
:2092A000AA1A0100C7A9C4A3AA18FEFFC4A9C70FF768058F30D2A828FF03C4553661268FE4
:2092C000A02501DDA9A8A50F2C68058F30D2A828FF03C4552A61268FA02501DDA9A8A50FE9
:2092E0002068058F30D2A828FF03C4551E61268FA02501DDA9A8A50F1468058F30D2A828A7
:20930000FF03C4551261268FA02501DDA9A8A50F0868058F30D2A828FF03C455D160056FCC
:20932000A09303530D60AC2BA09303530960058F30D2A828FF03C4550360AC28010001D8DC
:2093400000D50E00A8FFAC920600BDB2A98B0090A81800FE58FF1861A9B20090A81800FFD4
:20936000A61E2FFF0004A60F0F612FFF0006A60F0B6100020119A10F076120FFBB020A8FD4
:2093800018834876B0E12276A9B20090A81800FFA61E2FFF0002A60F0B64A60F2F61013B08
:2093A0002FFF00FEA60F0D61A6062B61306F2FFF0004A60F20612FFF0006A60F1961276F26
:2093C0000F02058F12F4C498458F52F4CC99FF02058F32F4C498CC99058F72F4C506A91A03
:2093E000FFFFC51EC406A91AE703C41E106F058F72F4096F058F52F4066F058F32F4036FC7
:20940000058F12F4A9B2C498FF91CC991A76BE8B060003E2BD0402FE1F7649022043596C79
:209420001F764402AFE20202AFE2000001E863EE1F764902C8E208040EE86B6620E781000C
:2094400000E71B0195E6090094E6190014AD31621F764402AFE2040420E71201007795E61E
:20946000120094E61A0014AD246220E72000007795E6000094E6180014AD1B62B0E81B481B
:20948000007794E6190014AD096494E61A0014AD056494E6180014AD0F631F769202249232
:2094A0000665FF9C645224960C63136F242B116F1F769202240A1F7692022492645209641D
:2094C0001F764702051A04001F769202BF56246482FEAFE2BE040600BDB2A98B20FF0074B6
:2094E000A10F0D6120FF8074A10F096120FF0075A10F056120FF8075A10F0360019A06604F
:209500000A8F3C8379024876B0E1C9CC4000078F3802A927A9285A5AC4543C6020FF807468
:20952000A10F126120FF0075A10F0B6120FF8075A10F0461C7762801096FC7764C01066F52
:20954000C7764001036FC7763401227605BE00D509B5A600A9B2A50DA98A878770D002DDA8
:2095600094AB00770077AB921460A18AA18370DC72DDC4060090C41EA18AC50678D9009010
:2095800076DCC51EC4060090C41EC1060090C11E1A76BE8B060006FE4876FDD88076350C77
:2095A000408F350C008F350C20FF004142C244A001D546A801D44876CB858076350C408FD6
:2095C000350C008F350C20FF004242C244A001D546A801D44876CB858076350C408F350C43
:2095E000008F350C20FF004342C244A001D546A801D44876CB858076350C408F350C008FD4
:20960000350C20FF004442C244A001D546A801D44876CB858076350C408F350C008F350C00
:2096200020FF004542C244A001D546A801D44876CB85008F350C8076350C408F350C20FF01
:20964000004642A800D444C246A001D54876CB8586FE06002276058F22D3C406A818FBFF07
:20966000C41E1A764876B3E10052076020FF32070A8F26824876B0E1A9F50340A918E0FF04
:20968000A9F403404876B3E10052076020FF5A090A8F26824876B0E1A9BF60400091A9BDCE
:2096A00060404876B3E10052076020FF10080A8F26824876B0E1A9F50040A918FBFFA9F402
:2096C00000404876B3E10052076020FFBA060A8F26824876B0E1A9F50040A91A0020A9F472
:2096E00000404876B3E10052076020FF64070A8F26824876B0E1A9F506400250A9F40640EC
:209700002276058F22D3C4060451C41E1A76060022762F9AA9F40679088F31D4A9F5125276
:20972000A9CC80FF0650A9F41252A4BD700DA9F51652A91801FFA9F41652A9F51552A9186E
:20974000EFFFA9F41552A9F51552A918FFFDA9F41552A9F51552A918FEFFA9F41552A9F5EC
:209760001552A918F9FFA9F41552A9F51452A918FEFFA9F41452A9F51452A918FDFFA9F4A2
:209780001452A9F51452A91A0001A9F414521A76229B019AA8F41852A9F418522276A9F56D
:2097A00016520250A9F41652A9F515521050A9F41552A9F515520850A9F415521A76388FC9
:2097C0000104A9A84876F5D71A7606001B76F0FF0500BDABBDA8BDA0BDC2BDC300E2BD00C6
:2097E00003E2BD0003E2BD0103E2BD0203E2BD0330E6000602FE69FF4229165600021F76E9
:2098000093023E1EA9F51B72C7FF1F900660A9F51572A947F86C036FA9F51772A6F51B7217
:20982000A61A00401002421E20FF1072A6F41B7248764FCE20FF1072487626D0A9400C6C5D
:209840000102421E20FF107248764FCEA9F511722350A9F41172A9280001A9F4E10C82FE99
:20986000AFE2BE03AFE2BE02AFE2BE01AFE2BE0080E2BE00BEC5BEC4BE83BE8ABE870300B0
:20988000303BF1FF1776027622762F9AA9F40679088F71D4A9F51252A9CC80FF0650A9F426
:2098A0001252A4BD700DA9F51652A91801FFA9F41652A9F51552A918EFFFA9F41552A9F544
:2098C0001552A918FFFDA9F41552A9F51552A918FEFFA9F41552A9F51552A918F9FFA9F43E
:2098E0001552A9F51452A918FEFFA9F41452A9F51452A918FDFFA9F41452A9F51452A91AB1
:209900000001A9F414521A76229B019AA8F41852A9F418522276A9F516520250A9F4165259
:20992000A9F515521050A9F41552A9F515520850A9F415521A76388F0104A9A84876F5D726
:209940001A76060003E2BD0403E2BD0548C5A61EA70630FFA98AA6BD160FA9BD1E0FA6BDC6
:20996000220FA4BD120F00770077007792E564E564E564E564E564E564E564E564E5CFE65B
:20998000150092E5CFE62100CFE6030064E564E564E564E564E564E564E564E50077A6BF89
:2099A0001A0FABBF260FA706A60F0A67A7F50040A718FFDFA9A8A603A7F40040086FA6F5AC
:2099C0000040A61A0020A9A9A6F400400129ABBF6040A925AA180000ABCAAACBA9BD604087
:2099E000A9F500400450A9F40040A9F500404050A9F40040AFE2BE05AFE2BE04060090E5EB
:209A00001F764C02BDB20CD0008F009303E2000003E2020003E2040003E2060003E2200051
:209A200003E2220003E2240003E2260003E2940091E52CD11F76470292E50ED0032B042B8F
:209A4000052B062B072B082B092B0A2B03E294001F764602BF563F0110D003E29C011F7635
:209A60004C0203E2940012D003E2940014D003E2340203E2940016D003E2940018D003E220
:209A800094001AD003E2940028D003E294002AD003E2940030D003E2940032D003E29400F7
:209AA0002ED003E29400BE8B060002FE1F76490220434E6C1F76490201E860EEC8E206011B
:209AC0001F7644020EE8686600E74000AFE2060394E6030014AD2C64AFE2080194E6010043
:209AE00014AD2664AFE20A0194E6010014AD206490E80048AFE2000194E6010014AD0D62C2
:209B0000AFE2020194E6010014AD0762AFE2040194E6010014AD0F651F769202229206657E
:209B2000FF9C645222960C63136F222B116F1F769202220A1F7692022292645209641F7674
:209B40004702051A02001F769202BF56226482FE0600BDB2A98B20FF0074A10F0D6120FFDE
:209B60008074A10F096120FF0075A10F056120FF8075A10F0360019A06600A8F3C83C002EB
:209B80004876B0E1C9CC4000A927C9CC8000A98020FF8074A10F0F6120FF0075A10F0961B2
:209BA00020FF8075A10FB056A600B156A603046F02BE026F01BE009BAB92078F38024052E8
:209BC000B156A8010356A802A672A9285A5AC4541260078F5801A9A8A60DA98AC493A792F5
:209BE0000460D7FF0460076FFF91056122763BD091971A76BE8B06001F76450203E2BD042F
:209C0000AFE20401AFE202001F76440203E2BD05AFE2260203E2BD06AFE22C0300E31E6017
:209C2000AFE22001AFE22E0512E0BD07AFE222071EE3240114E3284E50E807B21CE32A4A47
:209C400016E0309001E81BD450E80EB28CE63F0008E87B931AE032918CE6360050E815B26B
:209C600008E034DA1F76450250E81CB28CE62D0003E206031F7646028CE6240013E21807F8
:209C800013E2190613E21A0513E22304AFE2BE07AFE2BE06AFE2BE05AFE2BE040600BDB2B9
:209CA000A98B20FF0072BDAA4886A10F0D6120FF1072A10F096120FF2072A10F056120FFEB
:209CC0003072A10F0360019A076020FF66010A8F6A824876B0E1A292A940096DA941076D82
:209CE000A945056DA946036DA9471D6C20FF0072A10F0D6120FF1072A10F096120FF207211
:209D0000A10F056120FF3072A10F0360019A076020FF22050A8F8C824876B0E1C918DFFF5C
:209D2000C91A2000A292A943056CA18A0ADCC41A4000A944046C0BD9C11A4000BE86BE8B77
:209D400006001F7692023F0A3F1B010022603E9218610152116102520661428F0000A5BDB2
:209D6000027F056F428F0000A5BD047F018F0000A4BD027F0E6F428F0000A5BD027F056F21
:209D8000428F0000A5BD047F018F0000A4BD047F3F923A52256542521A63008F7691013BCF
:209DA000A6F5030BA9A83E81A98AC47EA6F5040B008F7A91A9A83E81A98AC47EA6F5240BE2
:209DC000008F7092A9A83E81A98AC47E3F92645207643E0A3E92045202643E2B3F2B0600CE
:209DE00002FE1F7649022043496C1F76490201E860EEC8E205011F7644020EE8686600E71E
:209E00004000AFE2060194E6010014AD2762AFE2080294E6020014AD2162AFE20A0394E632
:209E2000030014AD1B62B0E80048007794E6010014AD096494E6020014AD056494E60300BE
:209E400014AD0F631F76920222920665FF9C645222960C63136F222B116F1F769202220A6B
:209E60001F7692022292645209641F764702051A01001F769202BF56226482FE0600BDB22B
:209E80005AFFBDAA0876303BBE920190AA93A959205318670D53396810533766AA92FF9C2F
:209EA000A92D019A66FFA620A9935FFFA6CFA8230077007700770077007769FF4876BBC236
:209EC000246FA9A9012947FFFF90FF9CA988A8287106A6950356A801A95CAB92FF90FF9CE2
:209EE000A92D019A66FF5EFFC4C000770077007700770077019BA62D67FFA85A69FFA292E5
:209F00004876BBC2A2F4E10CA1920152046108763029BE92BE86BE8B0600BDB2A98BA80291
:209F2000BDAA4886A10F06670A8F1681B3024876B0E1A9B2A918E0FF30FF1AFF1F00A98A06
:209F4000A61EA1921F90A92D01023B565AFF2276A292A942076DA9A912DC55FFC4C0CCC1C8
:209F6000066F12DCAB92AA93C498CC99A292A940086DA68AAB92AA930CDCC498CC99076FE8
:209F8000A68AA9A955FF0CDCC4C0CCC1A292A941086DA68AA9A955FF10DCC4C0CCC1076F16
:209FA000A68AAB9210DCC498AA92CC981A76BE86BE8B060002FE068F0000A9A84876C1D9EB
:209FC0000002421E48768DCF01D40002487604DB00D400024876F1D9068F0002A9A848768D
:209FE000C1D90002421E010248768DCF01D40102487604DB00D401024876F1D91F7690024D
:20A0000004920152126104920252086101BE0202A6BD047FA9BD047F186F01BE0202A6BD52
:20A02000027FA9BD027F116F01022007A61E201E20FF1027A60F096600B601BE0202A6BDB6
:20A04000067F20C3A9BD067F82FE0600BDB2BDAAA98600D120FF0072A20F0D6120FF107200
:20A06000A20F096120FF2072A20F056120FF3072A20F0360019A076020FF31010A8F6A8250
:20A080004876B0E1E24704024856A10DEA47A9B201504856A10DEA46036DEA45046CA9B233
:20A0A0000250A98B0AD0A9B2924708504856A10D0BD09247A9B210504856A10DEA44A9B224
:20A0C00020504856A10DEA43A9B240504856A10DEA42A9B280504856A10DBE86A9B2BE8BD5
:20A0E000060002FE1F764402AFE2000012E8E01614AD3F65AFE2020012E8E01614AD3965B7
:20A10000AFE2040012E8E01614AD33651F765200AFE20600A0E514AD26651F764902AFE2A1
:20A120003600A0E514AD1F631F765200AFE20800A0E514AD0663AFE20A00A0E514AD10629F
:20A140001F7692022C0A2C92C8520D651F764702051A08001F769202BF562CC8046F1F7617
:20A1600092022C2B1F76520006061F764902361E82FE0600A90EA9BD120F007700770077A4
:20A1800000778BE6010000774EE8091002E85037D0E80A280BE8000000E7400000770077AD
:20A1A00074E281000077007701E888CA0DE8B8B800E74000487686D701E8C1CC01E8DADAE5
:20A1C0000DE8B9C200E708000EE87A7810E78000007701E801FC74E209000077007702E82D
:20A1E000401C0CE8989920E7080000778FE800C0007750E8004800778CE600000077007753
:20A20000A9BF120F0600A90EA9BD120F00770077007700778BE6010000774EE8091002E873
:20A220005037D0E80A280BE8000000E740000077007774E281000077007701E888C60DE8B4
:20A24000B8B800E74000487686D701E821CC01E8DADA0DE861D900E708000EE87A7810E7DC
:20A260008000007701E801FC74E209000077007702E8401C0CE8989920E7080000778FE84C
:20A2800000C0007750E8004800778CE6000000770077A9BF120F0600227658FFA61E3C6151
:20A2A000018F0000A9A8A60F2161028F0000A9A8A60F2C61038F0000A9A8A60F3160458F65
:20A2C00008D2058F32D2C518EFFFC41A020048763FC90052046025760052FE61058F0AD229
:20A2E000C4CCFCFF0150C4961B6F458F08D2058F32D2C518EFFFC418FDFF48763FC900529D
:20A30000EE6025760052FE61EA6F058F0AD2C4CCFEFF0250E96F058F0AD2C418FCFF1A76CC
:20A3200069FF06004876E1B44876A3E11F7648020C9209602276559BAA9AA8F42570A9F49A
:20A3400025701A764876F4B64876BAA748765CDB008F0092F4921A61CC921661D4920252AB
:20A36000106101520B610352066100520F604876EAD50C6F487695D8096F487661D8066F29
:20A380004876D8D1036F4876C9D848767ABC4876DBB04876EAD2487608DC4876C4DF48760D
:20A3A00074E0487683E01F7648020C92C461CB6F1F76540000921E611F76490220432E6C75
:20A3C0001F76480210921F7692023A5411613A5409623A542363059B3A753A542A563A022D
:20A3E0001D6F3A0805003A542A563A04176F3A96156F1F76520002E8D820AFE222010CE8F3
:20A40000789400E74000007750E8004800778CE600001F76920213E23A001F76920201E8BF
:20A4200060EEC8E23A01009A0EE8686600E740001F76550003E20200060002FE2AFF8721BC
:20A440004876C1D90402421E4E0248768DCF01D44E02487604DB29FF0D434876C1D904023C
:20A46000421E4D0248768DCF01D44D02487604DB29FF01444876C1D90002421E510248761A
:20A480008DCF510200D4487604DB20FFE803487665E001D44E02487604DB01D44D024876EB
:20A4A00004DB4876FFDE069A009B48766DDD079AFF9B48766DDD029AFF9B48766DDD009AC4
:20A4C00082FE060002FE29FF03244876C1D90402421E330248768DCF01D43302487604DBF3
:20A4E0002AFF01124876C1D90402421E320248768DCF01D43202487604DB29FF0124487663
:20A50000C1D90002421E310248768DCF310200D4487604DB20FFE803487665E001D4330237
:20A52000487604DB01D43202487604DB487619DF069A009B48768EDD079AFF9B48768EDD5A
:20A54000029AFF9B48768EDD009A82FE060002FE088F0018A9A84876C1D90002421E1C02A4
:20A5600048768DCF01D41C02487604DB088F001AA9A84876C1D90002421E1D0248768DCF3C
:20A5800001D41D02487604DB29FF01234876C1D90002421E210248768DCF01D42102487631
:20A5A00004DB2FFF002002BEA9BD027F00D42FFF0040A9BD027F1C02A6BD0A7F487691D96C
:20A5C00000D41D02487691D904D42102487691D982FE06001F76460228922993A9552B56E5
:20A5E000A9022A93A8542B56A9042B93A95509621F76480207931F76460227960961176F9F
:20A600001F76480207921F764602279710603A9208602D2DAC1B2C01B3563A010963056F11
:20A620002D2DAC92FA5207633A2B026F2D2DAC92FA520E64AC1BF4010664A928DE033D2863
:20A64000DE03096F0335A908DAFD3D96046FBF563DC8C89A48768FE106001B76F0FF050066
:20A66000BDABBDA8BDA0BDC2BDC300E2BD0003E2BD0003E2BD0103E2BD0203E2BD0330E66E
:20A68000000669FF4229165648764EB64876A1CE487623DD019AA9F40474A9F50574019070
:20A6A00001520760019B019AA8F40674A9F40474019AA9F4E10CAFE2BE03AFE2BE02AFE225
:20A6C000BE01AFE2BE0080E2BE00BEC5BEC4BE83BE8ABE870300303BF1FF1776027602FE16
:20A6E0001F76490220433B6C1F764502AFE20A00AFE2080101E863EE1F764902C8E20C028D
:20A700000EE86B6620E7080000E7990095E6000094E6080014AD1362B0E80948007794E6D6
:20A72000080014AD0F631F76920226920665FF9C645226960C63136F262B116F1F7692029A
:20A74000260A1F7692022692645209641F764702061A04001F769202BF56266482FE060075
:20A760000876303BBE92267600002F76000000BE009A009BA9F4E20CA6F4E40C00B6A8F405
:20A78000E60CA9F4E80CA8F4EA0CA6F4EC0CA9F4EE0CA8F4F00CA9F4F20CA6F4F40CA8F412
:20A7A000F60CA9F4F80CA8F4E30CA6F4E50CA9F4E70CA8F4E90CA9F4EB0CA6F4ED0CA8F4FC
:20A7C000EF0CA9F4F10CA7F4F30CA6F4F50CA8F4F70CA9F4F90CA9F5E00C0150A9F4E00C0A
:20A7E000060002FEA928011C489B4876C1D900D43E02487604DB0002421E3E0248768DCFBD
:20A8000003D43E024876F1D9A928011E489B4876C1D901D43F02487604DB0002421E3F0218
:20A8200048768DCF03D43F024876F1D92BFFC3084876C1D901D42C02487604DB0002421E0F
:20A840002C0248768DCF2276058FE0D0C406A918FBFFC41E1A7600D42C02487691D982FE33
:20A8600006001B76F0FF0500BDABBDA8BDA0BDC2BDC300E2BD0003E2BD0003E2BD0103E25B
:20A88000BD0203E2BD0330E6000669FF422916561F769002009A09930053B056A9014876DB
:20A8A000C4A5019A487658E102BE019B089AA6F41852A8F41852A9F4E10CAFE2BE03AFE228
:20A8C000BE02AFE2BE01AFE2BE0080E2BE00BEC5BEC4BE83BE8ABE870300303BF1FF17763B
:20A8E00002761B76F0FF0500BDABBDA8BDA0BDC2BDC300E2BD0003E2BD0003E2BD0103E269
:20A90000BD0203E2BD0330E6000669FF422916561F769302009A01930053B056A90148765F
:20A92000B0A9019A487658E102BE019B089AA6F41852A8F41852A9F4E10CAFE2BE03AFE2B7
:20A94000BE02AFE2BE01AFE2BE0080E2BE00BEC5BEC4BE83BE8ABE870300303BF1FF1776BA
:20A96000027603E2BD0490E51F764A0293E592E591E503E2BD0594E503E2280003E22A00C2
:20A9800003E22C0003E22E0003E2300003E2160003E2180003E21A0003E2140095E503E22F
:20A9A000BD0603E2220303E2240203E2260196E503E2200402E8401203E21E0503E21000F6
:20A9C00003E21C0601E818C008E8789303E212004876D8B8AFE2BE06AFE2BE05AFE2BE0473
:20A9E0000600BDB2A559BDAAA986BDA2A192A48204600302A20F1967A19201520460070209
:20AA0000A20F1367A192025204600302A20F0D67A192035204600702A20F076720FF2001A2
:20AA20000A8F5E834876B0E12276229AA12D0A8F0080A937A9AA30FFAB070156A40008D02B
:20AA40009406A80E30FFA983008D000D95A21A7608D094064876F5D7BE82BE86BE8B06001B
:20AA600002FE1F76520001E8A9F901E860EEAFE232031F76490208E8B95D0EE86866C8E213
:20AA8000070200E7C90000E78000007794E6010014AD1362B0E80048007794E6010014ADDB
:20AAA0000F631F76920223920665FF9C325223960C63136F232B116F1F769202230A1F7659
:20AAC00092022392325209641F764702051A80001F769202BF56233282FE060002FE1F7611
:20AAE000520002E8D12001E860EEAFE224031F7649020BE801400EE86866C8E20A0200E7C5
:20AB0000C90000E78000007794E6010014AD1362B0E80048007794E6010014AD0F631F7643
:20AB2000920228920665FF9C325228960C63136F282B116F1F769202280A1F76920228927D
:20AB4000325209641F764702061A08001F769202BF56283282FE0600BDB2A459BDAAA986DE
:20AB6000A19204600302A20F1967A192015204600702A20F1367A192025204600302A20F49
:20AB80000D67A192035204600702A20F076720FF41010A8F5E834876B0E1229AA12DA93799
:20ABA0004A8D0080A9AA30FFAB070156A10008D0910648763FCF227608D09106A80E30FFEB
:20ABC000A98A488F35E1008D000D94A01A76BE86BE8B06001F76540000921C611F7649028C
:20ABE00020431B6C1F7648020D921F7692023D540F613D5408623D5410633D0B3D542A566B
:20AC00003D020B6F3D0A3D542A563D04066F3D96046F1F7692023D2B1F76920201E861EE35
:20AC2000C8E23D0301E860EE1F764802C8E20E020EE86966009A0EE8686600E7C9001F76F2
:20AC4000540004E03E011F76550003E200000600BDB2A98BA818FDFF58FF1161018F0000F0
:20AC6000A9A8A10F0C61038F0000A9A8A10F076120FFD5030A8FD0804876B0E12276A9B249
:20AC80001D61018F0000A9A8A10F1561028F0000A9A8A10F0961038F0000A9A8A10F12602E
:20ACA0004876AFDD0F6F058F08D2C4CCFEFF0250C496086F4876DAD6056F058F08D2C41882
:20ACC000FCFF1A76BE8B0600BDB2A98BBDAA20FF0030BDA2A45BA10F4A861D6120FF003294
:20ACE000A10F196120FF0034A10F156120FF0036A10F116120FF0038A10F0D6120FF003A6C
:20AD0000A10F096120FF003CA10F056120FF003EA10F0360019A076020FF40060A8FAE8208
:20AD20004876B0E1227601290356A301A107A98A2CD094AA1A76BE82BE86BE8B060002FE8D
:20AD40001F7649022043356C1F76490201E860EEC8E209011F7645020EE8686600E740007D
:20AD6000AFE2020194E6010014AD1362B0E80068007794E6010014AD0F631F769202279287
:20AD80000665FF9C645227960C63136F272B116F1F769202270A1F76920227926452096418
:20ADA0001F764702061A01001F769202BF56276482FE0600BDB22276458F32D2058F32D2CE
:20ADC000C518FEFFC418FDFF1A7648763FC92276058F08D2C4CDFCFF0151C4971A7600D1CB
:20ADE000058F2ED2C440196C01521C61A193045314672276C41A02001A7648763FC92276FA
:20AE0000058F08D2C4CDFCFF0151C4971A7601D9058F2ED2C440E96D01520461257600528E
:20AE2000FE61BE8B69FF0600BDB2BDAAA986A55920FF0074BDA2A45BA20F0D6120FF8074D6
:20AE4000A20F096120FF0075A20F056120FF8075A20F0360019A06600A8F3C834E0248769D
:20AE6000B0E1A19280520960A392405206610A8F3C8356024876B0E12276CACC3FFFA3CACD
:20AE8000A1CACA961A76A9AA48766CCAA9AA4876A9CDBE82BE86BE8B0600BDB2BDAAA986B1
:20AEA000A45920FF0030A20F1D6120FF0032A20F196120FF0034A20F156120FF0036A20F1B
:20AEC000116120FF0038A20F0D6120FF003AA20F096120FF003CA20F056120FF003EA20F96
:20AEE0000360019A076020FFA3030A8FAE824876B0E12276012900BE0356A101A207A98AB9
:20AF000040D094C21A76BE86BE8B060003FE03E2430003564209A80881FF4218FF3F421AB7
:20AF2000803FAFE24300F1E60000419750E80280C8E241018EE612001F760E2A13E243029C
:20AF4000A9289083A8280A000456430204564301A98EAFE2880200E78300AFE2880210E728
:20AF6000D300AFE2000206E3881800E7510010E7C30083FE10E7C80000770600BDB2A98B90
:20AF800020FF0072BDAA4886A10F0D6120FF1072A10F096120FF2072A10F056120FF30728A
:20AFA000A10F0360019A076020FF09010A8F6A824876B0E1A292A940036CC918BFFFA9416A
:20AFC000036CE118FDFFA942036CE118FEFFA943056CA18A0ADCC418DFFFA944046C0BD954
:20AFE000C118DFFFBE86BE8B06005AFF0876303BBE920190AA93A98020530E67009A0D539C
:20B0000004681053B956A901FF9DA82D66FFA820A8CAA9231A6FA9A9012947FFFF90FF9C57
:20B02000A988A8287106A6950356A801A95CAB92019BFF90FF9CA92D019A66FFA62DC4984E
:20B0400067FFA920A9CBA823A7920152046108763029BE920600BDB2A98B20FF0072BDAAC9
:20B060004886A10F0D6120FF1072A10F096120FF2072A10F056120FF3072A10F0360019AF3
:20B0800006600A8F6A82E3024876B0E1A292A940036CC91A4000A941036CE11A0200A942A1
:20B0A000036CE11A0100A943056CA18A0ADCC41A2000A944046C0BD9C11A2000BE86BE8BF0
:20B0C00006001F76540000921E611F76490220431D6C1F76480211921F7692023B541161F8
:20B0E0003B5409623B541263059B3B753B542A563B020C6F3B0805003B542A563B04066F30
:20B100003B96046F1F7692023B2B1F76920201E860EEC8E23B01009A0EE8686600E7400091
:20B120001F76550003E2060006001F76540000921E611F76490220431D6C1F7648020F92EE
:20B140001F7692023C5411613C5409623C541263059B3C753C542A563C020C6F3C08050061
:20B160003C542A563C04066F3C96046F1F7692023C2B1F76920201E860EEC8E23C01009A54
:20B180000EE8686600E740001F76550003E2040006001F76540000921E611F7649022042AF
:20B1A0001D6C1F76480213921F769202395411613954096239541263059B397539542A5605
:20B1C00039020C6F3908050039542A563904066F3996046F1F769202392B1F76920201E8D3
:20B1E00060EEC8E23901009A0EE8686600E740001F76540003E23C00060006FE8076350C4D
:20B20000408F350C008F350C42C220FF004044A001D546A801D44876CB85A9F5A440A9181D
:20B22000FFF7A9F4A440A9F5A440A918FFFBA91A0003A9F4A440A9F5A6402050A9F4A6409C
:20B24000A9F5B040A9CCF0FF0150A9F4B040A9F5A440A91A0008A9F4A44086FE0600BDB257
:20B26000BDAAA95A00D1A247066D008F0040A4BD147F056F008F0040A4BD127F050248767A
:20B2800065E0008F00200502A4BD127F487665E0A192008F0020A4BD147F07520560008F9B
:20B2A0000040A4BD127F0502487665E001D9A29280FFA95AA1920852D768BE86BE8B060063
:20B2C000BDB2BDAAA95A00D1A247066D088F0000A4BD0C7F056F088F0000A4BD0A7F0502E9
:20B2E000487665E0048F00000502A4BD0A7F487665E0A192048F0000A4BD0C7F0752056054
:20B30000088F0000A4BD0A7F0502487665E001D9A29280FFA95AA1920852D768BE86BE8BB9
:20B320000600BDB2BDAAA986A459A802A20F076720FF8A010A8F16814876B0E12276035622
:20B34000A202ABAA01291F90A91642FF5AFFAB92AA2B0390A927A9AAA918E0FFAB0714098B
:20B3600030FF1AFF1F00A9860F023B5655FFC2C0CAC1A10E3B56C298CA991A76BE86BE8B1A
:20B380000600BDAAA61E2276012947FF009BFF90A9861AD0A22D03023B5655FF5AFFA60673
:20B3A000A80E1AFF1F00A98AA983AB92AA93C4C01ADDCCC1A9A9C5CECDCFA71EA60641FF8C
:20B3C000009B03903B565AFFA706ABCAAACB941EA606009B03903B56C498CC991A76BE860C
:20B3E0000600BDB2BDAAA986A459A802A20F076720FF23010A8F16814876B0E122760356C9
:20B40000A201ABAA01291F90A91643FF5AFFAB92AA2B0190A927A9AAA918E0FFAB070109DF
:20B4200030FF1AFF1F00A98603023B5655FFC2C0CAC1A10E3B56C298CA991A76BE86BE8B65
:20B440000600BDAA842FAB2B186FA9A0A7010119A71E00BE01DEA65A87928596A93AA20F3A
:20B46000FA66036F84928596AA92C0FFA92FAB92019CA9271052E763AA40F56D8492A9CDC8
:20B480000F00029DC3FFA858A98011530460A93A840DA98EA78820FFFF0FA60FD760BE8614
:20B4A0000600A42DBDB20A8F0080BDAABDA2A982229AA9360156A400C4C4A9A2A6C5ACA21A
:20B4C0004A864EA308DFC7CECFCF58FF4CC50361009A126FA59201520661D48AC4AAE4A960
:20B4E000D4C3086FD48318D0A706C5AA9403E5A9D51E019AE6ABBE82BE86BE8B060002FECC
:20B500001F7649022043276C1F764502AFE2020016E8800F14AD0F64A0E514AD0F651F76D6
:20B5200092022D920665FF9C64522D960C63136F2D2B116F1F7692022D0A1F7692022D9228
:20B54000645209641F764702061A10001F769202BF562D6482FE0600A95D8076001020FF3A
:20B560002072A6BD0A7F4876B9BEA9F52A72C7FF1F90FC60A9F52A72A94E076DA9F5247234
:20B58000C5FF01F00190096FA8F52A72009AA8CD001F0053B056A9010152ED6120FF7E3E07
:20B5A0004076D1C0008F0010009AA4BD0C7F0600A95D8076002020FF3072A6BD0A7F487692
:20B5C000B9BEA9F53A72C7FF1F90FC60A9F53A72A94E076DA9F53472C5FF01F00190096F22
:20B5E000A8F53A72009AA8CD001F0053B056A9010152ED6120FF7E3E4076D1C0008F00205F
:20B60000009AA4BD0C7F0600BDB2BDAAA986A459A802A20F06670A8F168139024876B0E11A
:20B62000A9AAA918E0FF30FF1AFF1F00A98AA2921F90A92D01023B565AFF2276A1920152B9
:20B640000761A9A90ADC55FFC4C0CCC1066F0ADCAB92C498AA92CC981A76BE86BE8B06002E
:20B660004876D6C8487649C0009A019B487626DE019A009B487626DE029A009B487626DEBE
:20B68000039A009B487626DE049A009B487626DE059A009B487626DE069A009B487626DEBC
:20B6A000079A009B487626DE2276A9F522148050A9F422141A7606001F76480207921E60F1
:20B6C000487671D048767FDA4876F0CE487655CD487630D5487609CA48769FD648766ED570
:20B6E00048766FD34876B2DB487687DB1F764702069205CA07CAB0560A011F7647020A923E
:20B70000015204601F7646023F2B009A06001F7649022044276C1F7649020D921F76460258
:20B720002D93A8540F649C9CA8540F651F7692022B920665FF9C0A522B960C6306002B2B5E
:20B7400006001F7692022B0A1F7692022B920A5209641F764702071A01001F769202BF5698
:20B760002B0A06001F7649022044276C1F7649020E921F7646022793A8540F649C9CA854FD
:20B780000F651F7692022A920665FF9C0A522A960C6306002A2B06001F7692022A0A1F766C
:20B7A00092022A920A5209641F764702071A02001F769202BF562A0A0600BDB20A8FBC1122
:20B7C000BDAAA9A8BDA2CA8DB611A30F1C610A8FF0114A8DD411A9A8A10F1561A103013B58
:20B7E00041FF0119A986818A013B84920356A901A307A983C5C58183673E81DA00020119E0
:20B80000A20FF2604876B7E1BE82BE86BE8B06001F764602019A389348766CC81F764602EA
:20B82000039A369348766CC81F764602029A399348766CC81F764602049A379348766CC842
:20B840001F764602059A3A9348766CC81F764602069A3B9348766CC81F764602079A3C9323
:20B8600048766CC80600A71EBDB2229A8A760080452DA9360156A600A706C6C54627D7CEC8
:20B88000DFCF48C558FFB156A6001461E68EC006C41ED087E006C71EAB920A611CD0012978
:20B8A000445696001AD040FF9607C51E026FC5AB01BEBE8BA69206000077006FBDB21F769E
:20B8C0009302A95936920D61AB28FFFFAA28FFFFA928FFFFA828FFFFAB0F03617F76FFFF4C
:20B8E0001F7694020AC5673E1F7693023A060461A71EA192673E1F76930238060361A71EAC
:20B90000673E48765CDCBE8B0600008F0040BDB20502A4BD127F487665E0008F002005024D
:20B92000A4BD127F487665E000D44E02487604DB008F0020A9BF107FA4BD147FA94EBC56AE
:20B94000A100BD56A1010502487665E001D44E02487604DBA192BE8B0600088F0000BDB23D
:20B960000502A4BD0A7F487665E0048F00000502A4BD0A7F487665E000D43302487604DBA6
:20B98000048F0000A9BF087FA4BD0C7FA843BC56A100BD56A1010502487665E001D43302D2
:20B9A000487604DBA192BE8B06001F76002A228A000201D50119F41E0002088F40C24876A0
:20B9C000F1D41F76002A228A009AA8280080E41E228AD4060090A818008058FFFA61009AA9
:20B9E000A8280080C41E08022207A98AC4060090A818008058FFF860060002FE088F001EAB
:20BA0000A9A84876C1D90402421E1F0248768DCF01D41F02487604DB009A469B4876C1D976
:20BA20000402421E200248768DCF01D42002487604DB04D41F02487691D904D420024876F7
:20BA400091D982FE060001021F7693023E07A61E078F20A13E1EA9A8A60F02633EA80102B9
:20BA60001F7693022807A61E281EA9A8A60F026328A801021F7693022E07A61E2E1EA9A865
:20BA8000A60F02632EA801021F769402015608000600487620C4058F2CD2A61EC406009BC6
:20BAA000079058FF1961C406A6BD160F0356A9010F90A90EA9BD1E0F00770077007792E504
:20BAC00064E564E564E564E564E564E564E564E50077A6BF160FA6060600BDB2BDAAA85994
:20BAE000A95A4876CBDE409A48762FD9487685DC01521261A29248762FD9487685DC0152EB
:20BB00000B61A1CCFF0048762FD9487685DC015203614876FFDEBE86BE8B0600BDB2BDAAAD
:20BB2000A859A95A4876E5DE409A487660D94876ADDC01521261A292487660D94876ADDC30
:20BB400001520B61A1CCFF00487660D94876ADDC01520361487619DFBE86BE8B06002276E4
:20BB6000458F32D2058F32D2C518FEFFC41A02001A7648763FC92276058F08D2C4CDFCFFB3
:20BB80000151C4971A76058F2ED2C440066C015204612576C440FC6D69FF06002276A9BF30
:20BBA0003C7C0002A9BD3C7CA6BF7C7CA9BD7C7CA6BFBC7CA9BDBC7CA6BFFC7CA9BDFC7CFC
:20BBC000A6BF3C7DA9BD3C7DA6BF7C7DA9BD7C7D1A7648767ADE060022766DBEA928060D18
:20BBE000088F35E109B5A600A980029CA95D029CC7A8C5A8007700770077A98088766CE114
:20BC0000488F62E1C7A8A6BD240DA5BD260D1A7606000052ABA8A4C50761A98881DE855CF5
:20BC2000877C0E00FEFFA988A60F0F6100530D61FF9DA85CBF76FEFF859287960E00FEFFCE
:20BC4000859287960C00F8FFA4A90600A980A888012903900356A9035AFFA79203520466EE
:20BC6000008F8679036F008F88792276AB2DFF023B5655FFC4C0CCC1A60E3B56C498CC99C7
:20BC80001A760600A42DA98A0531AC0E1C09A92D01023B56A71EAB2D1F023B56A7A3ABCA7D
:20BCA000AACB55FFA61EA9A811FF8500A983008D0A01A606C5CECDCF941E060002FE159A0B
:20BCC000487665DFCFE6010005F6007702E80009857600E700D501E802FC02E8030903D4DC
:20BCE00069FF03E24200A60602E800094876079D82FE0600058F08D00129C40647FF0790F1
:20BD0000065213602276A928FFFFA828FF7F08B620BE008F00FEA9BD8C7CA7BDCC7CA6BDFD
:20BD20000C7DA4BD4C7D1A7606001F764902BDAA201800FF00D20031000200D01F7694023C
:20BD400000D500D400B600BE08AA1F76490228A92E1EBE86223A24A026A82AC32CC2060004
:20BD60004876FFCC1F7646023E2BBF563F01362B382B372B392B3A2B3B2B3C2B1F76480204
:20BD8000042B002B072BBF560601BF5605010C2B4876BAA70600408F0040008F0020A5BD64
:20BDA000127F0502A4BD127F487665E0008F00400502A4BD147F487665E0008F0020050273
:20BDC000A4BD147F487665E00600488F0000048F0000A5BD0A7F0502A4BD0A7F487665E01D
:20BDE000088F00000502A4BD0C7F487665E0048F00000502A4BD0C7F487665E00600408F58
:20BE00000020008F0040A5BD147F0502A4BD147F487665E0008F00200502A4BD127F4876DA
:20BE200065E0008F00400502A4BD127F487665E00600448F0000088F0000A5BD0C7F05028E
:20BE4000A4BD0C7F487665E0048F00000502A4BD0A7F487665E0088F00000502A4BD0A7FE4
:20BE6000487665E006003A021F769302280F0465A928FFFF060000BE2492045228C20463C3
:20BE8000A928FEFF066F029A2493487601C8009A1F769302242B06003A021F7693022E0FC9
:20BEA0000465A928FFFF060000BE2A9204522EC20463A928FEFF066F039A2A93487601C8F9
:20BEC000009A1F7693022A2B0600A92D22760356AC01A9933F91A888058F22D3A9A8A60D06
:20BEE000A98A01025AFFAC92C7FF1F90A9163B565AFFAB92C498CC991A760600227648766D
:20BF000042BF487692C4487602C5487672C54876F9E01F769202428F0000018F00003E2B08
:20BF2000A5BD047FA4BD047F1A76060006FE8076A861408FD430008FD43042C220FF0047CF
:20BF400044A000D546A800D44876CB85649A48768FE1487629E186FE060001520961058F89
:20BF600000DCC441116D2276A828A5A50A6F2276019AA828A5A5058F00DCC41EC441FF6D27
:20BF8000009AC41E1A7606001F7649022044136C1F76480207920F601F7646023E920752DF
:20BFA00003613B2B036FBF563B013F92B1563C0102613C2B0600AD28000469FF1F561656ED
:20BFC0001A5610E6000240291F76000002291B764876B5E1005203614876DDDB487641E1DF
:20BFE00048765EDC01520661003100B600BE0002076FAB280400AA2B04B604BE0402ABBDDC
:20C000001039A7BD103BA6BD103DA9BD103F060028D00A8F0080A91A007D9483A81A005A39
:20C0200001BE22D0D51E948A009AE4C24876ADDF058F00DCC441FF6C060022764876A8E1EF
:20C04000487631E04876CBCA1F769302010201562200009A1E2B4876F2DF4876A8E11A76CF
:20C0600006002276A9BF4079A818FFE0A9BD4079A9BF42790150A9BD4279A9BF4279A9BD25
:20C0800042791A7606001B76F0FF00E2BD0030E6000642291656A9280004A9F4E10C80E27C
:20C0A000BE00F1FF177602761B76F0FF00E2BD0030E6000642291656A9280004A9F4E10C5C
:20C0C00080E2BE00F1FF1776027658FFBDB20B650119A98B26024076D1C081D900020119E2
:20C0E000A10FF960BE8B0600487633DF26920B61259205520564008F00A14876ACDA1F7674
:20C100009302262B060048764CDF2C920B612B9205520564008F00A34876D8DA1F769302D7
:20C120002C2B06001B76F0FF00E2BD0030E6000642291656257680E2BE00303BF1FF1776ED
:20C1400002761B76F0FF00E2BD0030E6000642291656257680E2BE00303BF1FF177602763A
:20C160001B76F0FF00E2BD0030E6000642291656257680E2BE00303BF1FF177602761B7601
:20C18000F0FF00E2BD0030E6000642291656257680E2BE00303BF1FF177602761B76F0FF83
:20C1A00000E2BD0030E6000642291656257680E2BE00303BF1FF177602761B76F0FF00E270
:20C1C000BD0030E6000642291656257680E2BE00303BF1FF1776027601021F769302015610
:20C1E0002000019ABF561E014876F2DF4876ACE106002276088F2DD3A4BD400D1A76208F54
:20C200000101A9A84876F5D7060001021F76930201562200009A1E2B4876F2DF4876A8E1DC
:20C22000060048764EBB1F769302008F00100002242BA4BD0C7F281E06004876E4BB1F76ED
:20C240009302008F002000022A2BA4BD0C7F2E1E0600A9F54748C050A9F44748A9F549486D
:20C26000A918FCFFA9F4494806001B76F0FF00E2BD0030E6000642291656A9F5E00C257697
:20C28000006F008F0000A9A80460009A00D4036FC49202DC487692D106002276487678B929
:20C2A000487618BA487696B7487637B81A760600015204612FFF0040036F2FFF0020A9BD54
:20C2C000067F06001B76F0FF00E2BD0030E60006422916562576006F1B76F0FF00E2BD0098
:20C2E00030E60006422916562576006F1F7694020CA806001F7694020AA806000600A5C40A
:20C30000A483CD06A68A03DD487609DE06001F562276C0B9292868001A764800DBDFA92DC1
:20C320001935A9F46B47A9F46D47060058FFA4C404610119867DFE600600CC06A58A00D58E
:20C34000487696E1060048762ACB487688CB06000202A9BD1A7F06000202A9BD1C7F0600C4
:10C36000257669FF0600019A0600019A060006007C
:020000040013E7
:20000000BDB2A98BBDAABDA2A45B058F00F8A9A84A86A10F06610A8F88803F024876B0E183
:20002000058F00FBA9A8A20F06610A8F888040024876B0E1A3920F5206690A8F88804102AD
:200040004876B0E1058F00F8A9A8A10F076120FF46010A8FAC804876B0E1227620D09106C3
:2000600020D000910350911E1A76058F00F8A9A8A10F076120FF6C010A8FAC804876B0E1D8
:20008000227624D0910624D00150911E1A76058F00F8A9A8A10F076120FFE5010A8FAC80FA
:2000A0004876B0E12276A9B217FF0300A98AC406A918FDFFC41E1A76058F00F8A9A8A10F2C
:2000C000076120FFA9010A8FAC804876B0E12276A9B217FF0300A98AC406A918FEFFC41E32
:2000E0001A76058F00F8A9A8A10F076120FF13010A8FAC804876B0E1A3920F52076920FF0F
:2001000018010A8FAC804876B0E122760129C1A30356A308AB18FFF0AACBABCAC11E1A767D
:20012000058F00F8A9A8A10F076120FFC7010A8FAC804876B0E12276A9B217FF0300A98A90
:200140000202C498CC991A76058F00F8A9A8A10F076120FF8B010A8FAC804876B0E12276FE
:20016000A9B217FF0300A98B0102C198C9991A76058F00FBA9A8A20F076120FF03020A8FD3
:20018000AC804876B0E12276C206A918F8FF0A50C21E1A7607F6007769FFBE82BE86BE8B59
:0A01A00006000119C356FFFF060018
:020000040014E6
:20000000000041783C00C07B010081783C00407B0100207F0000A07F0000A07F0000A07FC2
:2000200014008179248AF0740000A07F0000A07F00004078F100C07A64008E79188AD0742E
:200040000000A07F0000A07F2889D073AE89C0730700007F004082773400007C00400078DD
:200060003300007C1C00007C004000783300007C2889200B0B00007FB089D07300408577B4
:20008000188A504E004005783700007C2D00007C004005782889E073188AD00D1C8AE074CD
:2000A000B289700700408F771A8AF0740B00007F3A00007C00400A781C8AE00E2E00007C00
:2000C00000400A781A8AE00E2E00007C933F4378333383780C00407D933F4378333383787D
:2000E000000000790D00407D933F437800000179333383780E00407D00000279188AE07419
:20010000B614C0740000A07F0000A07F0000A07F3689F0731C8AF0743489F0731E8AF0742C
:200120000000A07F0000A07F1C8AF0731E8AB0070F00007C2F00407C1A8AF074028AF074AB
:200140001C8AF0731E8AC0031A8A2004188A401C003F8077048A9052FC89E074188AE074F0
:200160005D3F4278D7B382781A8A600600BF8B773600207C0A00207C1D00407CCA89C01462
:20018000C889D0730400407C0000C0780000A07F0000A07FFE89E07410008279008AF074C1
:2001A0000000A07F0000A07F0A008E790000A07F0000A07F4CBC40784C3C4078CDCC807821
:2001C0001A8AC0749E89C0730000A07F0000A07F0000A07F0E0083790000A07F0000A07F48
:2001E0000000A07F1A8AC073F000807A1A8AC074188AC073188AD0730800207D0900407D22
:200200000C00207D0D00407D1A8A101400BF8077188A10140500207C0000C1780000A07F2E
:200220000000A07F0000A07F36008279188AC0740A00207C0F00207C7FBF4078EE7C8078D0
:200240000100007D0000A07F0000A07F0000A07F0C0083790000A07F0000A07F0000A07F5E
:200260007FBF4178EE7C817843454078803FC577005080781100007C0500A07D208AD07404
:200280000000417830008E791A8AD0740000A07F0000A07F7F3F4078EE7C80780100007DF2
:2002A0000000A07F0000A07F0000A07F0C0085790000A07F0000A07F0000A07F7F3F417803
:2002C000EE7C817843454078005080781100007C0500A07D1A8AD07400004178350C8178A9
:2002E000208AD0740000C2780000A07F0000A07F0000A07F360082790000A07F0000A07F0A
:200300000000A07F7FBF4178EE7C81780600007D0000A07F0000A07F0000A07F0C0083797C
:200320000000A07F0000A07F0000A07F7FBF4278EE7C827843454078803FC977005080787D
:200340001100007C0500A07D228AD0740000417830008E791C8AD0740000A07F0000A07FE6
:200360007F3F4178EE7C81780600007D0000A07F0000A07F0000A07F0C0085790000A07F9A
:200380000000A07F0000A07F7F3F4278EE7C827843454178005081782500007C0500A07DF6
:2003A0001C8AD07400004178350C8178228AD0740000C3780000A07F0000A07F0000A07FD8
:2003C0004E0082790000A07F0000A07F0000A07F7FBF4178EE7C81780700007D0000A07F7A
:2003E0000000A07F0000A07F0C0083790000A07F0000A07F0000A07F7FBF4378EE7C8378FC
:20040000803FCD77434543780000407800508378010080781D00007C000043781E8AF0743A
:200420000415B0753F00C07B3F00407B0C00207F0000A07F0000A07F0000A07F48008179C0
:200440000000A07F0000A07F0500A07D9E008E790000A07F0000A07F0000A07F7F3F4178C3
:20046000EE7C81780700007D0000A07F0000A07F0000A07F0C0085790000A07F0000A07FF0
:200480000000A07F7F3F4378EE7C8378434541780000407800508178010080783500007C73
:2004A0000415B0753F00C07B3F00407B0C00207F0000A07F0000A07F0500A07D6600807920
:2004C0001E8AD07400004178350C8178188AE0730000A07F0000A07F0000A07F30008279C0
:2004E0000000A07F0000A07F0000A07F7FBF4378EE7C83780E00007D0000A07F0000A07F78
:200500000000A07F0E0083790000A07F0000A07F0000A07F7FBF4278EE7C8278188AE07403
:2005200043454378803FCA77005083782E008E792E00007C000043780A00A07D7F3F4378F3
:20054000EE7C83780E00007D0000A07F0000A07F0000A07F0E0085790000A07F0000A07F04
:200560000000A07F7F3F4278EE7C8278188AE07443454378005083782E00007C0B00A07D2A
:2005800000004278350C82781A8AC0736B40C075208AC0736B41C0751C8AC0736B42C07536
:2005A000228AC0736B43C0751E8AC0736B44C0756B45D0750000A07F0000417801008178F3
:2005C000041580753C00C07B3C00407B0100207F0000A07F0000A07F0000A07F0C0080799D
:2005E0000000A07F0000A07F0000A07F6B46F0756D46E075248AF0730000AF790000A07F28
:200600000000A07F0000A07F1C8A40770000A07F0000A07FD80D9F79620B9075000080789A
:200620002C15E073004080771215D0730400007C1289C0740000A07F0000A07FC40D9F790F
:20064000420B9075000080782E15E073004080771415D0730400007C1489C0740000A07FA7
:200660000000A07FB00D9F79220B9075000080783015E073004080771615D0730400007C9F
:200680001689C0740000A07F0000A07F9C0D9F79630B9075000080783215E073004080774C
:2006A0001815D0730400007C1889C0740000A07F0000A07F880D9F79430B9075000080783F
:2006C0003415E073004080771A15D0730400007C1A89C0740000A07F0000A07F740D9F79A7
:2006E000230B9075000080783615E073004080771C15D0730400007C1C89C0740000A07F0E
:200700000000A07F600D9F79600B9075000080780615E073004080770089C0740000A07F4C
:200720000000A07F500D9F79400B9075000080780815E073004080770289C0740000A07F58
:200740000000A07F400D9F79200B9075000080780A15E073004080770489C0740000A07F64
:200760000000A07F0000A07F0489C0730089D0730400407CAA3E4178AAAA81780400007C81
:200780000689C0740000A07F0000A07F0000A07F0089C0730289D0730400407CAA3E41784E
:2007A000AAAA81780400007C0889C0740000A07F0000A07F0000A07F0289C0730489D073BC
:2007C0000400407CAA3E4178AAAA81780400007C0A89C0740000A07F0000A07FF40C9F79CE
:2007E000610B9075000080780C15E073004080770C89C0740000A07F0000A07FE40C9F79D6
:20080000410B9075000080780E15E073004080770E89C0740000A07F0000A07FD40C9F79E1
:20082000210B9075000080781015E073004080771089C0740000A07F0000A07FC40C9F79ED
:20084000640B9075803F4278010080781E15D0730400007C2089C0740000A07F0000A07FA1
:20086000B20C9F79010B9075803F4278010080782015D0730400007C2289C0740000A07F29
:200880000000A07FA00C9F79000B9075000080782415E0731E89C0740000A07F0000A07FC8
:2008A000920C9F79440B9075000080782A15E0732215D0730400007C2489C0740000A07FAA
:2008C0000000A07F800C9F79020B9075000080783815E0732815D0730400007C2689C074C8
:2008E0005E0A9F790000A07F000081782489C073CC89C074540A9F790000A07F0200817867
:200900002089C073C889C0744A0A9F790000A07F030081782289C073CA89C074400A9F7928
:200920000000A07F010081781E89C073C489C0740000A07F0000A07F0000A07F1289C07318
:200940009214C0740000A07F0000A07F0000A07F1489C0739414C0740000A07F0000A07F76
:200960000000A07F1689C0739614C0740000A07F0000A07F0000A07F1889C0739814C07497
:200980000000A07F0000A07F0000A07F1A89C0739A14C0740000A07F0000A07F0000A07FE5
:2009A0001C89C0739C14C0740000A07F0000A07F0000A07F0C89C0738C14C0740000A07F63
:2009C0000000A07F0000A07F0E89C0738E14C0740000A07F0000A07F0000A07F1089C07310
:2009E0009014C0740000A07F0000A07F0000A07F0689C0738614C0740000A07F0000A07FF4
:200A00000000A07F0889C0738814C0740000A07F0000A07F0000A07F0A89C0738A14C0742E
:200A20000000A07F0000A07F0000A07F0089C0738014C0740000A07F0000A07F0000A07F78
:200A40000289C0738214C0740000A07F0000A07F0000A07F0489C0738414C0740000A07F06
:200A60000000A07F0000A07FC889C0739E14C0740000A07F0000A07F0000A07FCA89C073EB
:200A8000A014C0740000A07F0000A07F0000A07FC889C073CA89D0731000207CC689C074C8
:200AA0000000A07F0000A07F0000A07FC689C073A214C0740000A07F0000A07F0000A07F10
:200AC000CC89C073A414C0740000A07F0000A07F0000A07F2689C073A814C0740000A07F54
:200AE0000000A07F0000A07FC489C073A614C0740000A07F1B4441788F928178C689C07377
:200B00000400007C2889C0740000A07F0000A07F1A444178CC89C0731C8A00770068817815
:200B20000400007C2A89C0740000AF790000A07F0000A07F0000A07F3C89C0735489D073B1
:200B40000400407C6689C0740000A07F0000A07F0000A07F6689C073B489D0736C891001AD
:200B60001000207C6E89C0740000A07F0000A07F0000A07F6E89C073D489D07300000578FA
:200B8000A0408677D489D073A04085770400407D0800207D6E89C0740000A07F0000A07F2D
:200BA0000000A07F6689C073B689D0736C8940011000207C6C89C0740000A07F0000A07F29
:200BC0000000A07F6C89C073D489D07300000578A0408677D489D073A04085770400407D97
:200BE0000800207D6C89C0740000A07F49404178DB0F81783E89C073004080770400007C32
:200C0000C9374178484280779C5381786E8910010400407C9089C0740000A07F0000A07F5F
:200C20000000A07F3E89C073000000786889C0740000A07F0000A07F0000A07F6889C0737D
:200C4000B489D073708910011000207C7289C0740000A07F0000A07F0000A07F7289C073A4
:200C6000D489D0730000057880408677D489D073804085770400407D0800207D7289C074A9
:200C80000000A07F0000A07F0000A07F6889C073B689D073708940011000207C7089C0743E
:200CA0000000A07F0000A07F0000A07F7089C073D489D0730000057800408677D489D073B1
:200CC000004085770400407D0800207D7089C0740000A07F49404178DB0F81783C89C07309
:200CE000004080770400007CC9374178484280779C538178728940011000207C9289C074E4
:200D00000000A07F0000A07F0000A07F4889C073000000787889C0740000A07F0000A07F87
:200D20000000A07F7889C073B489D0737C8910011000207C7E89C0740000A07F0000A07FA5
:200D40000000A07F7E89C073D489D0730000057880408677D489D073804085770400407D43
:200D60000800207D7E89C0740000A07F0000A07F0000A07F7889C073B689D0737C8940013A
:200D80001000207C7C89C0740000A07F0000A07F0000A07F7C89C073D489D07300000578BC
:200DA00000408677D489D073004085770400407D0800207D7C89C0740000A07F494041781A
:200DC000DB0F81784A89C073004080770400007CC9374178484280779C5381787E89100139
:200DE0000400407C9489C0740000A07F0000A07F0000A07F4A89C073000000787A89C074D0
:200E00000000A07F0000A07F0000A07F7A89C073B489D073808910011000207C8289C074BA
:200E20000000A07F0000A07F0000A07F8289C073D489D0730000057880408677D489D0739D
:200E4000804085770400407D0800207D8289C0740000A07F0000A07F0000A07F7A89C0739E
:200E6000B689D073808940011000207C8089C0740000A07F0000A07F0000A07F8089C07324
:200E8000D489D0730000057800408677D489D073004085770400407D0800207D8089C07479
:200EA0000000A07F49404178DB0F81784889C073004080770400007CC937417848428077F9
:200EC0009C538178828940011000207C9689C0740000A07F0000A07F0000A07F9289C07334
:200EE0003689D073908910013489E0731900007C0400407C188AC0749089C0733689D0733D
:200F0000928910013489E0731C8A70469489C0113489D073968910013689E0731900007C74
:200F20001000207C1A8AC0749489C073F000807A3689D073968910013489E0731900007C1C
:200F4000188A10141A8A801C34894011368930013B00007C3000207C9889C0740000A07F96
:200F60000000A07F0000A07F9889C073D489F07300000F78188AF0740000A07FD489F073B3
:200F80000C00407D188AF0730C00207D9889C0740000A07F0000A07FF500807A3689C07366
:200FA000348910041900007C1000207C9A89C0740000A07F0000A07F0000A07F9A89C07315
:200FC000D489D07300000678D489D0730400407D0800207D9A89C074000040789C89C07485
:200FE0000000A07F0000A07F0000A07F9889C0739E89C0740000A07F0000A07F0000A07F88
:201000009A89C073A089C0740000A07F0000A07F1C8AF0739C89C073A289C0740000AF79F7
:201020000000A07F0000A07F0000A07F9A434178EC89C073006881780400007C4E89C07429
:201040009A434178EE89C073006881780400007C5089C0749A434178F089C07300688178BF
:201060000400007C9A4341785289C07400688178F689C0730400007C9A4341784289C07423
:2010800000688178F889C0730400007C9A434178006881784489C074FA89C0730400007C8D
:2010A000384441780C5681784689C074128AC0730400007C384441780C5681783C89C074C5
:2010C000148AC0730400007C384441780C5681783E89C074168AC0730400007C38444178AC
:2010E0000C5681784089C0740C8AC0730400007C384441780C5681784889C0740E8AC073EF
:201100000400007C384441780C5681784A89C074108AC0730400007C4C89C0740000A07F43
:20112000233C41780AD78178621500750400007CBC89C0740000A07F233C41780AD78178C7
:20114000631500750400007CBE89C0740000A07F033841786F128178BE89C0730400007C20
:20116000BE89C0740000A07F233C41780AD78178641500750400007CB889C0740000A07FE1
:20118000233C41780AD78178651500750400007CBA89C0740000A07F033841786F128178EA
:2011A000BA89C0730400007CBA89C0740000A07FB53F4178F30481785E15C0730400007CE0
:2011C000D089C0740000A07FB53F4178F30481785C15C0730400007CCE89C0740000A07FF8
:2011E0000000A07F0000A07F6015C073D289C0740000A07F993F41789A998178D089C07312
:201200000400007CD489C0740000A07F993F41789A998178CE89C0730400007CD889C07442
:201220000000A07F993F41789A998178D289C0730400007CD689C0740000A07F0000A07FF3
:201240000000A07F3C89C073AE14C0740000A07F0000A07F0000A07F3E89C073B014C07432
:201260000000A07F0000A07F0000A07F4E89C073B214C0740000A07F0000A07F0000A07FB0
:201280005089C073B414C0740000A07F0000A07F0000A07F4289C073AA14C0740000A07FDA
:2012A0000000A07F0000A07F4489C073AC14C0740000A07FB53F4178F30481783C15C073BC
:2012C0000400007C5489C0740000A07F0000A07F0000A07F3E15C0737A4480776089C074C8
:2012E0000000A07F0000A07F0000A07F4015C0737A4480776289C0740000A07FB53F417869
:20130000F30481784615C0730400007C6489C0740000A07F0000A07F0000A07F4215C073C7
:201320005689C0740000A07F0000A07F0000A07F4415C0735889C0740000AF790000A07F55
:201340000000A07F0000A07F01158075000041783C00C07B3C00407B0100207F0000A07F5E
:201360000000A07F0000A07F14008079208AF0740000A07F0000A07F4A15C0733489C07453
:2013800014008E790000A07F0000A07F4815C0734E15C0733489C0740000A07F0000A07F9F
:2013A0000000A07F4C15C0733689C0740000A07F0000A07F0000A07F1289C0731A8AC07484
:2013C0000000A07F0000A07F1489E0731A8AF0731689D0733689C0731C8AC0743489C0733A
:2013E0001E8A0059003F80770C00407C2A3F4378ABAA83780C00007CE889C074133F437840
:201400003ACD8378188A00661A8AC0032000207C1000207C133F41783ACD81780400007C68
:20142000F089C0741E8AD073188AC0731C8A40013000007C1000207CEC89C0741C8AD0736E
:20144000188AC073F000807A1E8A40013000007C1000207CEE89C0741889C0731A8AC07435
:201460000000A07FEA89F0741A89E0731A8AF0731C89D0733689C0731C8AC0743489C073D5
:201480001E8A0059003F80770C00407C2A3F4378ABAA83780C00007CF289C074133F437895
:2014A0003ACD8378188A00661A8AC0032000207C1000207C133F41783ACD81780400007CC8
:2014C000FA89C0741E8AD073188AC0731C8A40013000007C1000207CF689C0741C8AD073BA
:2014E000188AC073F000807A1E8A40013000007C1000207CF889C0740689C073188AC0749F
:20150000F489F0740889D0730A89C073188AB014003F8A772E00407C2A3F4378ABAA83784C
:201520002E00007C068AE074133F43783ACD83781A8AA0612E00007C088AE0741C8AE074DF
:20154000188AE0732500207C1000207C133F41783ACD81781C8A30010A8AC074188AC074A9
:201560003689E0731A8AC0733489D00E0400007C3000207C128AC0741A8AC073F000807A0A
:201580001C8A20022500007C36893014148AC074188AC073168AC0743489E0731C8AC0737B
:2015A0001A8A40030800007C1000407C0C8AC0741C8AD0731A8A40060C00007C1000207C23
:2015C0000E8AC074208AF073188AC073108AC0740000AF790000A07F0000A07F0000A07F0A
:2015E000B8148075010081783C00C07B3C00407B0400C07CB814C0750000A07F00004178A9
:20160000007D8178B81480753C00C07B3C00407B0100207F0000A07F0000A07F0000A07F28
:20162000120083790000A07F0000A07F0000A07F00004078B814C0750000A07F0000A07F48
:201640000000A07FB9148075010081783C00C07B3C00407B0400C07CB914C0750000A07FE0
:2016600000004178C8008178B91480753C00C07B3C00407B1000E07CBA14C0740000A07F33
:2016800000004178007D8178B91480753C00C07B3C00407B0100207F0000A07F0000A07F0D
:2016A0000000A07F0C0083790000A07F0000A07F0000A07F00004078B914C075A6F79F7937
:2016C0000000A07F0000A07F0000A07F3EFE9F790000A07F0000A07F0000A07FA8FC9F7940
:2016E0000000A07F0000A07F0000A07F00004178001580753C00C07B3C00407B0100207FBC
:201700000000A07F0000A07F0000A07F8E0081790000A07F0000A07F0000A07F031580757A
:20172000000041783C00C07B3C00407B0100207F0000A07F0000A07F0000A07F6200817929
:201740000000A07F0000A07F0000A07F01158075000041783C00C07B3C00407B0100207F5A
:201760000000A07F0000A07F0000A07F320081790000A07F0000A07F0000A07F0115807578
:20178000000041783C00C07B010081783C00407B0100207F0000A07F0000A07F0000A07F2B
:2017A0003C0080790000A07F0000A07F0000A07F3C029F790000A07F0000A07F0000A07FE4
:2017C0002C008E790000A07F0000A07F0000A07FB4F99F790000A07F0000A07F0000A07F57
:2017E00044009F790000A07F0000A07F0000A07F14008E790000A07F0000A07F0000A07FB8
:201800005489C073AE89C07400004078B089C07400004078B289C07412008E790000A07FC9
:201820000000A07F0100807806059F790000A07F0000A07F0000A07F00004078E389C075B7
:201840000000A07F0000A07FDCF39F79E38980753C00C07B3C00407B0000A07F0000A07F56
:201860000000A07F0000807F9E89C073D489D07300000678D489D0730400407D0800207DCC
:201880009E89C0740000A07F0000A07F0000A07F4289C0739E89D0730400407CA489C07407
:2018A0000000A07F0000A07F0000A07FA489C073B889D073848910011000207C8689C074DA
:2018C0000000A07F0000A07F0000A07FA489C073BA89D073848940011000207C8489C0748A
:2018E0000000A07F0000A07F0000A07F8489C073D889D07300000678D889D0730400407DC4
:201900000800207D8489C0740000A07F49404178DB0F81784489C073004080770400007CE6
:20192000513941784842807718B78178868910013C89E0732500207C0400407CAE89C074F7
:201940000000A07F0000A07F0000A07FAE89C073D889D07300000678D889D0730400407D39
:201960000800207DAE89C0740000A07F0000A07F0000A07FA089C073D489D0730000067880
:20198000D489D0730400407D0800207DA089C0740000A07F0000A07F0000A07F4489C07387
:2019A000A089D0730400407CA689C0740000A07F0000A07F0000A07FA689C073B889D07355
:2019C000888910011000207C8A89C0740000A07F0000A07F0000A07FA689C073BA89D073AD
:2019E000888940011000207C8889C0740000A07F0000A07F0000A07F8889C073D889D0735F
:201A000000000678D889D0730400407D0800207D8889C0740000A07F49404278DB0F8278B3
:201A20008A89C0733E89D07342891014004085771900007C513942784842857718B7827803
:201A40001900007C1000207CB089C0740000A07F0000A07F0000A07FB089C073D889D0736B
:201A600000000678D889D0730400407D0800207DB089C07400004078B289C0740000AF7922
:201A80000000A07F0000A07F0000A07F00004078B814C07500004078B914C07500004078BE
:201AA000E389C07500004078FC89C07400004078FE89C07400004078008AC0740000407873
:201AC000028AC07400004078048AC07400004078E889C07400004078EA89C0740000407858
:201AE000EC89C07400004078EE89C07400004078F089C07400004078F289C0740000407856
:201B0000F489C07400004078F689C07400004078F889C07400004078FA89C0740000407815
:201B2000068AC07400004078088AC074000040780A8AC07400004078128AC07400004078A3
:201B4000148AC07400004078168AC074000040780C8AC074000040780E8AC0740000407869
:201B6000108AC074403F4078B489C074A33940780BD78078B689C074403F4078BC89C0745E
:201B8000A33940780BD78078BE89C07400404078C089C074A33940780BD78078C289C074FA
:201BA000883F4078A4888078B889C0745A3B407813748078BA89C074000040786C89C074E9
:201BC000000040787089C074000040787489C074000040787C89C074000040788089C07451
:201BE000000040788489C074000040788889C074000040788C89C07400004078AA89C074CF
:201C000000004078AC89C07400004078DA89C07400004078DC89C0740000AF790000A07FBC
:201C20000000A07F0000A07F188A407702158075000041783C00C07B3C00407B0100207F3A
:201C40000000A07F0000A07F0000A07F880081790000A07F0000A07F0000A07F021580753C
:201C6000000041783C00C07B010081783C00407B0100207F0000A07F0000A07F0000A07F46
:201C80005C0081790000A07F0000A07F0000A07F02158075000041783C00C07B020081785A
:201CA0003C00407B0100207F0000A07F0000A07F0000A07F320081790000A07F0000A07FC6
:201CC0000000A07F02158075000041783C00C07B030081783C00407B0100207F0000A07FF7
:201CE0000000A07F0000A07F420080790000A07F0000A07F0000A07F08019F790000A07FCE
:201D00000000A07F0000A07F32008E790000A07F0000A07F0000A07F80019F790000A07F37
:201D20000000A07F0000A07F22008E790000A07F0000A07F0000A07F6489C0739E89C07464
:201D400000004078A089C0740000407810008E79A289C0740000A07F0000A07FE6019F7903
:201D60000000A07F0000A07F0000A07F7EFD9F790000A07F0000A07F0000A07F188A0077FD
:201D80000000A07F0000A07F0000A07F0000AF790000A07F0000A07F0000A07F188AD0757A
:201DA0001A8AF074F300C07A00004278188AC0733C00C07B3C00807B0200207F0000A07FF1
:201DC0000000A07F0000A07F180080790000A07F0000A07F0000A07FB73D4078693F41784A
:201DE0005E168078341D8178DA89200C2600007C2000207CDA89C074188AE07300004178FB
:201E00003E00C07B010081783E00807B0900207F0000A07F0000A07F0000A07F1800807900
:201E20000000A07F0000A07F0000A07FB73D4078693F41785E168078341D8178DC89200CF1
:201E40002600007C2000207CDC89C074188AE073000041783E00C07B020081783E00807B30
:201E60000900207F0000A07F0000A07F0000A07F180080790000A07F0000A07F0000A07FEF
:201E8000B73D4078693F41785E168078341D8178DE89200C2600007C2000207CDE89C074F3
:201EA000188AD073000042783D00C07B030082783D00807B0600207F0000A07F0000A07FF3
:201EC0000000A07F180080790000A07F0000A07F0000A07FB73D4078693F42785E168078FB
:201EE000341D8278E089100C1900007C1000207CE089C0741A8AF0730000AF790000A07FE6
:201F00000000A07F0000A07F2A89C0735889D0730400407C6689C0740000A07F0000A07F58
:201F20000000A07F6689C073C089D0736C8910011000207C6E89C0740000A07F0000A07FB9
:201F40000000A07F6E89C073D489D07300000678D489D0730400407D0800207D6E89C074E9
:201F60000000A07F0000A07F0000A07F6689C073C289D0736C8940011000207C6C89C07449
:201F80000000A07F0000A07F0000A07F6C89C073D489D07300000678D489D0730400407D3D
:201FA0000800207D6C89C0740000A07F0000A07F0000A07F6E89C0739889C07400004078BF
:201FC0009A89C074000040789C89C0740000A07F0000A07F0000A07F9889C0739E89C0748D
:201FE0000000A07F0000A07F0000A07F9A89C073A089C0740000A07F0000A07F0000A07F74
:202000009C89C073A289C0740000AF790000A07F0000A07F0000A07F5689C0732889D0737E
:202020000400407C6689C0740000A07F0000A07F0000A07F6689C073BC89D0736C891001B0
:202040001000207C6E89C0740000A07F0000A07F0000A07F6E89C073D489D0730000067804
:20206000D489D0730400407D0800207D6E89C0740000A07F0000A07F0000A07F6689C073B0
:20208000BE89D0736C8940011000207C6C89C0740000A07F0000A07F0000A07F6C89C07326
:2020A000D489D07300000678D489D0730400407D0800207D6C89C0740000A07F0000A07F95
:2020C0000000A07F6E89C0739889C074000040789A89C074000040789C89C0740000A07F23
:2020E0000000A07F0000A07F9889C0739E89C0740000A07F0000A07F0000A07F9A89C07340
:20210000A089C0740000A07F0000A07F0000A07F9C89C073A289C0740000AF790000A07F07
:202120000000A07F0000A07F3C89C0733C89D0733E8910013E89E0731900007C1A8A3054B2
:202140000300007F2A3F41783200007CABAA817800400A783B00007C0E00007C00400A781A
:202160006289C00E3E899007608910013C89F0731D00007C0400407C0800007C9E89C074EE
:202180000000A07F0000A07F0000A07F6289C0733C89D073608910013E89F0731D00007CFF
:2021A0000400407C1A8A3002A089C07400004078A289C0740000AF790000A07F0000A07FAF
:2021C0000000A07F188AF074F700C07AF100C07A3F00C07B3D00C07B3F00807B3D00407B5A
:2021E0000C00E07E3D00C07B000043783D00407B0700207F0000A07F0000A07F0000A07F47
:20220000100080790000A07F0000A07F803780772615D073003F85771900007C1000407CAF
:20222000188AF0730000AF790000A07F0000A07F0000A07F000040786C89C074000040787B
:202240007089C074000040787489C074000040787C89C074000040788089C07400004078CA
:202260008489C074000040788889C074000040788C89C07400004078AA89C0740000407848
:20228000AC89C074000040785489C0740000AF790000A07F0000A07F0000A07FF8FB9F797C
:2022A0000000A07F0000A07F0000A07F0000A07F0000A07F0000A07F0000807F0000A07F46
:2022C0000000A07F0000A07F0000807F0000A07F0000A07F0000A07F0000807F0000A07F46
:2022E0000000A07F0000A07F0000807F0000A07F0000A07F0000A07F0000807F0000A07F26
:1C2300000000A07F0000A07F0000807F0000A07F0000A07F0000A07F0000807F28
:202320000100DDB900000F00EE03010000001A06200001000100FFFF8100AF400000320023
:2023400000006400E141000820030F006E000F0C10001F0B00005F0F1300764FFF001500A0
:2023600070507EE108001000D150F0FF9DE1080021DA08007FE10800000000007E010000A6
:2023800000000000F800000000000000BE0000000000000030000000000000000E00000049
:2023A00000000000E800000090110A0000A00000BC110A0000900000C0110A008091000097
:2023C000C4110A0080920000C8110A00E8890000CC110A00188A0000D0110A0000890000BB
:020000040015E5
:2000000000CE050010CE050018CE050020CE05000D0184000E0185000F01860010018700F8
:200020000000000000000000000000000000000000A0030000B003000200000000A00300C5
:2000400000B0030040CE050050CE050058CE050060CE0500090BD0000A0BD1000B0BD200A7
:200060000C0BD3000D0BD4000E0BD5000F0BD600100BD700009003000080030001000000C3
:20008000009103000080030000CE050018CE050010CE050020CE05000D0184000E0185008F
:2000A0000F018600100187000000000000000000000000000000000000B0030000A00300BC
:2000C0000200000000B0030000A0030040CE050050CE050058CE050060CE0500090BD00050
:2000E0000A0BD1000B0BD2000C0BD3000D0BD4000E0BD5000F0BD600100BD70000900300F9
:20010000008003000100000000910300008003002E002E002F0044007200690076006500BF
:2001200072002F006400650076006900630065002F006400720069007600650072006C0087
:20014000690062002F0066006C006100730068002E006300000000002E002E005C0044000A
:20016000720069007600650072005C006400650076006900630065005C00640072006900F0
:200180007600650072006C00690062005C0066006C006100730068002E00680000000000DB
:2001A0002E002E002F004400720069007600650072002F00640065007600690063006500A9
:2001C0002F006400720069007600650072006C00690062002F0073007900730063007400C8
:2001E0006C002E00630000002E002E005C004400720069007600650072005C0064006500B9
:2002000076006900630065005C006400720069007600650072006C00690062005C00640058
:20022000630063002E006800000000002E002E002F004400720069007600650072002F003C
:200240006400650076006900630065002F006400720069007600650072006C00690062003C
:200260002F006700700069006F002E00630000002E002E005C00440072006900760065005D
:2002800072005C006400650076006900630065005C006400720069007600650072006C00CC
:2002A000690062005C0078006200610072002E006800000043003A002F00740069002F001C
:2002C000630032003000300030002F004300320030003000300057006100720065005F00D7
:2002E00035005F00300031005F00300030005F00300030002F006400720069007600650042
:2003000072006C00690062002F006600320038003300380078002F0064007200690076006E
:20032000650072006C00690062002F006500700077006D002E006800000000002E002E00D5
:200340002F004400720069007600650072002F006400650076006900630065002F006400D0
:20036000720069007600650072006C00690062002F0063006C0062002E006300000000002D
:200380002E002E005C004400720069007600650072005C006400650076006900630065006D
:2003A0005C006400720069007600650072006C00690062005C0063006C0062002E006800FB
:2003C000000000002E002E002F004400720069007600650072002F0064006500760069004F
:2003E000630065002F006400720069007600650072006C00690062002F00640063006300EA
:200400002E006300000000002E002E005C004400720069007600650072005C006400650002
:2004200076006900630065005C006400720069007600650072006C00690062005C00640036
:20044000630063002E0068000000000043003A002F00740069002F00630032003000300093
:2004600030002F004300320030003000300057006100720065005F0035005F003000310035
:200480005F00300030005F00300030002F006400720069007600650072006C0069006200EC
:2004A0002F006600320038003300380078002F006400720069007600650072006C006900CA
:2004C00062002F006500700077006D002E006800000000002E002E002F0044007200690092
:2004E0007600650072002F006400650076006900630065002F0064007200690076006500C7
:2005000072006C00690062002F007300630069002E006300000000002E002E005C00440037
:20052000720069007600650072005C006400650076006900630065005C006400720069002C
:200540007600650072006C00690062005C007300630069002E0068000000000043003A0069
:200560002F00740069002F00630032003000300030002F0043003200300030003000570090
:200580006100720065005F0035005F00300031005F00300030005F00300030002F006400BE
:2005A000720069007600650072006C00690062002F006600320038003300380078002F00CB
:2005C0006400720069007600650072006C00690062002F0063006C0062002E006800000062
:2005E0002E002E002F004400720069007600650072002F0064006500760069006300650065
:200600002F006400720069007600650072006C00690062002F0069006E0074006500720097
:2006200072007500700074002E006300000000002E002E002F0044007200690076006500D9
:2006400072002F006400650076006900630065002F006400720069007600650072006C0062
:20066000690062002F006D0065006D006300660067002E00630000002E002E002F004400B1
:20068000720069007600650072002F006400650076006900630065002F0064007200690025
:2006A0007600650072006C00690062002F006100640063002E006300000000002E002E0072
:2006C0002F004400720069007600650072002F006400650076006900630065002F0064004D
:1E06E000720069007600650072006C00690062002F006900700063002E0063000000A1
:200700001872313FD95BDE3E0000FE42FFFFFF3F0000803F000000000000803F000000BFD6
:20072000DB3D1F37D2C37F3F4DB8F0BEB7DF94383B1D7F3FA7C4E2BEFD4D6B39831E7E3F76
:20074000BFFED5BE07D5023AEAD67C3F8845CABEE827703A37537B3F5A7CBFBE0151C33AC2
:20076000239E793F488AB5BE9B31123BB7C0773F8B59ACBE09044E3B8FC2753F0AD7A3BE4A
:200780009AA58A3B1CAA733FFDF19BBE6305B43BCF7C713F939B94BEF713E33B463F6F3F69
:2007A000AEC68DBE28DC0B3C6CF56C3FAB6787BE5AE8283C93A26A3F2E7481BE819A483CC8
:2007C0008F49683FEEC577BE43DC6A3CC3EC653F7F576DBEDACA873C398E633F398E63BEE1
:2007E000F5569B3CA92F613FC35C5ABEB905B03C89D25E3F17B751BE51CAC53C14785C3F66
:200800005B9249BEF897DC3C53215A3FBCE441BE0D62F43C27CF573F52A53ABE148E063D92
:200820004882553F07CC33BE175D133D533B533F7F512DBE2D98203DC7FA503F052F27BE6C
:20084000A2392E3D0BC14E3F795E21BEF63B3C3D758E4C3F41DA1BBEDB994A3D48634A3FE8
:200860003C9D16BE364E593DB73F483FB4A211BE2454683DEA23463F57E60CBEF5A6773D0A
:20088000FC0F443F2A6408BE16A1833D0004423F831804BEC0908B3D0000403F000000BEC8
:00000001FF
