:020000040010EA
:04000000480053D988
:020000040011E9
:2000000003E2BD0403E2BD0503E2BD0603E2BD0716FE1F76520006061F76410200BE001E87
:200020001F76520012061F764102021EAFE2000095E6000003E22800AFE2020095E60000A2
:2000400003E22A00AFE20600AFE2000194E6010014ADB256A60101022D7E01562E00AFE2B9
:200060001C00AFE2280110E74000007703E21C00AFE22800AFE2280100E70900AFE21E00E9
:2000800010E74000007703E21E00AFE20C00AFE2280120E70900AFE23E0000E70900AFE2F8
:2000A0000C0710E7C801007703E20C00AFE22A00AFE22A0100E70900AFE2200010E74000B6
:2000C000007703E22000AFE20200AFE2000100E70900AFE2240010E74000007703E2240023
:2000E0001A2B2D922C54E1FFC4002D920152E0FFC0002E06300F0D623C921E5202633C0A5C
:2001000000022E1E32062E0FE3FFB600EFFFB700BF561A0188E22E00007701E801FC74E264
:200120000800007700770077007703E23400AFE2340077E20000007700770077007703E2E3
:200140003600AFE21C00AFE2340100E70800007703E20A00AFE21E0077E2010000770077AA
:200160000077AFE2360000E70800007703E20800AFE2200077E20100007700770077AFE2ED
:20018000360000E70800007703E21200AFE22400AFE2340100E70900AFE23A0010E740005F
:2001A000007703E23A00AFE20800AFE2120100E70900AFE2260010E74000007703E226000C
:2001C000AFE20400AFE2340100E70800007703E20E00AFE22200AFE20E0110E7400000776A
:2001E00003E22200380A389264523364382B01E819E101E818E1AFE23A0293E50EE851B833
:2002000000E789000EE850B803E2140103E23A03AFE2260100E7400097E503E2160003E219
:200220002607AFE21600AFE2140174E209000077007701E81EE10EE856B803E21801AFE27C
:20024000220100E7700095E503E2100003E2220500023C2B93E592E591E590E52E1E03E235
:200260001C0303E21E0203E2200103E2240032062E0F04643C9214522D6590E592E591E546
:2002800097E503E2080093E596E595E594E503E20A02000203E20C0103E20E0703E2120336
:2002A00003E2140603E2160503E218041A2B03E21C0703E21E0603E2200503E2240403E2EC
:2002C000260303E23A0703E2100203E222012E1E3C2B2D9202E8D01C02E8C7212C9602E80A
:2002E000C62102E8D41C01E81DD4AFE212010BE800400AE867B00AE866B00BE8044008E854
:200300007D9302E3080A00E7B800AFE2140303E2520007E3168700BE01E3183202E8C42116
:200320000DE0466A0AE864B002E8D61CAFE210020BE806401F7652000FE3521F08061F7675
:20034000420207E346A6001E1F76520014061F764202021EAFE2000095E6000003E2280052
:20036000AFE2020095E6000003E22A0001E818D41F76440208E8789303E2360203E20007AC
:2003800008E012191F76420203E24A03AFE24A04AFE206071F76440203E23C0603E21E05B8
:2003A0001F764202AFE200061F76440203E22A041F76420294E63E0014ADB256A6010102DB
:2003C0002D7E01562E00AFE21C00AFE2280310E7C000007703E21C00AFE22800AFE22803E0
:2003E00000E71B00AFE21E0010E7C000007703E21E00AFE20C00AFE2280320E71B00AFE20F
:200400003E0000E71B00AFE20C0710E7D801007703E20C00AFE22A00AFE22A0300E71B0045
:20042000AFE2200010E7C000007703E22000AFE20200AFE2000300E71B00AFE2240010E703
:20044000C00003E24E0503E224001A2B2D922C54E1FFC4002D920152E0FFC0002E06300F4F
:200460000D623C921E5202633C0A00022E1E32062E0FE3FFB600EFFFB700BF561A0188E28A
:200480002E00007701E803FC74E21800007700770077007703E23400AFE2340077E200004E
:2004A000007700770077007703E23600AFE21C00AFE2340300E71800007703E20A00AFE2DA
:2004C0001E0077E20300007700770077AFE2360000E71800007703E20800AFE2200077E209
:2004E0000300007700770077AFE2360000E71800007703E21200AFE22400AFE2340300E7FC
:200500001B00AFE23A0010E7C000007703E23A00AFE20800AFE2120300E71B00AFE22600B0
:2005200010E7C000007703E22600AFE20400AFE2340300E71800007703E20E00AFE2220009
:20054000AFE20E0310E7C000007703E22200380A389264523364382B01E81BE101E818E141
:20056000AFE23A0495E50EE853B800E71B010EE850B803E2140303E23A05AFE2260300E76F
:20058000C00097E503E2160003E22607AFE21600AFE2140374E21B000077007701E81EE17C
:2005A0000EE856B803E21803AFE2220300E7F00094E503E2100003E2220400023C2B95E54E
:2005C00094E593E590E52E1E03E21C0503E21E0403E2200303E2240032062E0F04643C92A0
:2005E00014522B6590E594E593E597E503E2080095E596E503E20A04000203E20C0303E273
:200600000E0703E2120503E2140603E2160703E218001A2B03E21C0603E21E0403E220076C
:2006200003E2240603E2260503E23A0403E2100703E222032E1E3C2B2D9202E8D01C02E840
:20064000C7212C9602E8C62102E8D51CAFE212030BE800400AE867B00AE866B00BE8054022
:2006600000E7C000AFE2080307E054C0AFE2140409E0508000BE01E3167E02E8C5210AE8E2
:2006800065B0AFE218030DE0446302E8D51C0BE8054009E310731F76520001E81CD401E8DA
:2006A0001DD408E87C930A0600E7E4011F76430208E87D9303E24C04001E1F765200AFE2C9
:2006C0005007AFE2440416061F764302021EAFE2000095E6000003E22800AFE2020095E6AD
:2006E000000003E22A001F7644020DE038431F764302AFE2540603E24800AFE206051F7685
:20070000440203E2140603E2020703E23E041F764302AFE24C07AFE24804AFE200061F76B8
:20072000440203E2200703E22C041F76430294E62E0014ADB256A60101022D7E01562E002D
:20074000AFE21C00AFE2280410E70001007703E21C00AFE22800AFE2280400E72400AFE2AD
:200760001E0010E70001007703E21E00AFE20C00AFE2280420E72400AFE23E0000E724008A
:20078000AFE20C0710E7E001007703E20C00AFE22A00AFE22A0400E72400AFE2200010E748
:2007A0000001007703E22000AFE20200AFE2000400E72400AFE2240010E70001007703E280
:2007C00024001A2B2D922C54E1FFC4002D920152E0FFC0002E06300F0D623C921E52026397
:2007E0003C0A00022E1E32062E0FE3FFB600EFFFB700BF561A0188E22E00007701E804FC8B
:2008000074E22000007700770077007703E23400AFE2340077E20000007700770077007773
:2008200003E23600AFE21C00AFE2340400E72000007703E20A00AFE21E0077E20400007737
:2008400000770077AFE2360000E72000007703E20800AFE2200077E2040000770077007705
:20086000AFE2360000E72000007703E21200AFE22400AFE2340400E72400AFE23A0010E7F1
:200880000001007703E23A00AFE20800AFE2120400E72400AFE2260010E70001007703E26B
:2008A0002600AFE20400AFE2340400E72000007703E20E00AFE22200AFE20E0410E70001F5
:2008C000007703E22200380A389264523364382B01E81CE101E818E1AFE23A0596E50EE8D5
:2008E00054B800E764010EE850B803E2140403E23A06AFE2260400E7000197E503E2160066
:2009000003E22607AFE21600AFE2140474E224000077007701E81DE10EE855B803E2180422
:20092000AFE2220400E72801007703E2100003E2220600023C2B96E595E594E590E52E1EDF
:2009400003E21C0603E21E0503E2200403E2240032062E0F04643C9214522A6590E595E5E7
:2009600094E597E503E2080096E503E20A05000203E20C0403E20E0703E2120603E214053A
:2009800003E2160703E218001A2B03E21C0703E21E0503E2200403E2240703E2260603E2F4
:2009A0003A0503E2100403E222072E1E3C2B2D9202E8D01C50E809482C96AFE25407AFE2E1
:2009C00012040BE800408CE609001F76460213E2090108E352061F76440250E8394803E2BB
:2009E00016001F76430202E8C7218CE6090050E80048AFE208040AE867B01F7646028CE645
:200A0000000013E20A0113E20B0050E8314809E350C502E8C6218CE6090050E8044813E25F
:200A20000001AFE24E071F7644020AE866B08CE6240050E8294803E204001F7646028CE675
:200A4000090003E2560413E201011F76430250E8394802E8D71CAFE214058CE609001F762D
:200A600046020BE8074013E20F010BE34CA001E81ED450E8014808E87E938CE6090000E756
:200A80003C0113E2100109E34A851F76440250E8294803E22200AFE2480650E804481F76D5
:200AA000460202E8C5218CE609008CE6270013E215010AE865B050E831481F7643028CE6FB
:200AC0000900AFE216061F76460213E216010DE3466013E2110702E8D61C50E801B201E824
:200AE0001DD4AFE256000BE806408CE6090008E87D9313E2020013E21E0109E344A71F76F3
:200B0000440250E839B200E728018CE6090003E22E001F76460250E8044813E21F011F76C3
:200B200043028CE62600AFE218071F76450203E2000750E838B21F76460213E217068CE6DD
:200B400005001F76430250E816B2AFE210018CE630001F76460250E80FB213E220051F76ED
:200B6000440250E81DB203E23A018CE63C001F7646028CE62A0013E21D0413E21B0013E2C6
:200B80001C0296FEAFE2BE07AFE2BE06AFE2BE05AFE2BE040600BDB2BDAABDA204FEA982E9
:200BA00020FF004052C4427D417C508B4E86A30F44C21D6120FF0041A30F196120FF004272
:200BC000A30F156120FF0043A30F116120FF0044A30F0D6120FF0045A30F096120FF0046FF
:200BE000A30F056120FF0047A30F0360019A076020FFEA060A8F5A81487683D9C3187FE089
:200C000020FF0040A30F1D6120FF0041A30F196120FF0042A30F156120FF0043A30F1161AA
:200C200020FF0044A30F0D6120FF0045A30F096120FF0046A30F056120FF0047A30F0360B9
:200C4000019A076020FF7C090A8F5A81487683D963D020FF0040937AA30F1D6120FF004131
:200C6000A30F196120FF0042A30F156120FF0043A30F116120FF0044A30F0D6120FF004552
:200C8000A30F096120FF0046A30F056120FF0047A30F0360019A076020FF9C060A8F5A8109
:200CA000487683D920FF0040E32BA30F1D6120FF0041A30F196120FF0042A30F156120FF49
:200CC0000043A30F116120FF0044A30F0D6120FF0045A30F096120FF0046A30F056120FF0E
:200CE0000047A30F0360019A076020FF2F080A8F5A81487683D9C3CCFEFF0250C39620FF5C
:200D00000040A30F1D6120FF0041A30F196120FF0042A30F156120FF0043A30F116120FFA9
:200D20000044A30F0D6120FF0045A30F096120FF0046A30F056120FF0047A30F0360019A3C
:200D4000076020FF5A090A8F5A81487683D960D0930660D00091931E20FF0040A30F1D6152
:200D600020FF0041A30F196120FF0042A30F156120FF0043A30F116120FF0044A30F0D6155
:200D800020FF0045A30F096120FF0046A30F056120FF0047A30F0360019A076020FFF707BC
:200DA0000A8F5A81487683D9C31A04004292576120FF0040A30F1D6120FF0041A30F19611D
:200DC00020FF0042A30F156120FF0043A30F116120FF0044A30F0D6120FF0045A30F096101
:200DE00020FF0046A30F056120FF0047A30F0360019A076020FF32070A8F5A81487683D913
:200E0000DBCCE0FF0150DB9620FF0040A30F1D6120FF0041A30F196120FF0042A30F1561E6
:200E200020FF0043A30F116120FF0044A30F0D6120FF0045A30F096120FF0046A30F0561AC
:200E400020FF0047A30F0360019A076020FFBA060A8F5A81487683D9C31A002020FF00404C
:200E6000A30F1D6120FF0041A30F196120FF0042A30F156120FF0043A30F116120FF004444
:200E8000A30F0D6120FF0045A30F096120FF0046A30F056120FF0047A30F0360019A0760B8
:200EA00020FF7D0A0A8F5A81487683D96BD020FF00409379A30F1D6120FF0041A30F19619C
:200EC00020FF0042A30F156120FF0043A30F116120FF0044A30F0D6120FF0045A30F096100
:200EE00020FF0046A30F056120FF0047A30F0360019A076020FF7D0A0A8F5A81487683D9C4
:200F00006DD04492939620FF0040A30F1D6120FF0041A30F196120FF0042A30F156120FFD2
:200F20000043A30F116120FF0044A30F0D6120FF0045A30F096120FF0046A30F056120FFAB
:200F40000047A30F0360019A076020FF0A0A0A8F5A81487683D9A38B08D093CCEEF30250DA
:200F600008D9C19620FF0040A30F1D6120FF0041A30F196120FF0042A30F156120FF004333
:200F8000A30F116120FF0044A30F0D6120FF0045A30F096120FF0046A30F056120FF004747
:200FA000A30F0360019A076020FF0A0A0A8F5A81487683D9C1CCBBCF0850C19620FF004034
:200FC000A30F1D6120FF0041A30F196120FF0042A30F156120FF0043A30F116120FF0044E3
:200FE000A30F0D6120FF0045A30F096120FF0046A30F056120FF0047A30F0360019A076057
:2010000020FFDD0B0A8F5A81487683D940D093CCDFFF40D01050939620FF0040A30F1D61C6
:2010200020FF0041A30F196120FF0042A30F156120FF0043A30F116120FF0044A30F0D6192
:2010400020FF0045A30F096120FF0046A30F056120FF0047A30F0360019A076020FFDD0B0F
:201060000A8F5A81487683D940D093CCBFFF40D08050939620FF0040A30F1D6120FF0041BD
:20108000A30F196120FF0042A30F156120FF0043A30F116120FF0044A30F0D6120FF00452E
:2010A000A30F096120FF0046A30F056120FF0047A30F0360019A076020FFDD0B0A8F5A819F
:2010C000487683D942D093CCFFFD42D0A91A0001939620FF0040A30F1D6120FF0041A30FE9
:2010E000196120FF0042A30F156120FF0043A30F116120FF0044A30F0D6120FF0045A30FCE
:20110000096120FF0046A30F056120FF0047A30F0360019A076020FFDD0B0A8F5A81487632
:2011200083D942D093CCFFFB42D0A91A000893964192E1FF970120FF0040A30F1D6120FFE9
:201140000041A30F196120FF0042A30F156120FF0043A30F116120FF0044A30F0D6120FF71
:201160000045A30F096120FF0046A30F056120FF0047A30F0360019A076020FF320F0A8F1B
:201180005A81487683D90CD00CD193CCFF7F9B9620FF0040A30F1D6120FF0041A30F196178
:2011A00020FF0042A30F156120FF0043A30F116120FF0044A30F0D6120FF0045A30F09611D
:2011C00020FF0046A30F056120FF0047A30F0360019A076020FF4F0F0A8F5A81487683D90A
:2011E00051D020FF0040BF5693FAA30F1D6120FF0041A30F196120FF0042A30F156120FF69
:201200000043A30F116120FF0044A30F0D6120FF0045A30F096120FF0046A30F056120FFC8
:201220000047A30F0360019A076020FF6B0F0A8F5A81487683D953D020FF0040BF5693FA05
:20124000A30F1D6120FF0041A30F196120FF0042A30F156120FF0043A30F116120FF004460
:20126000A30F0D6120FF0045A30F096120FF0046A30F056120FF0047A30F0360019A0760D4
:2012800020FFC20D0A8F5A81487683D90CD093920CD00250939620FF0040A30F1D6120FFCC
:2012A0000041A30F196120FF0042A30F156120FF0043A30F116120FF0044A30F0D6120FF10
:2012C0000045A30F096120FF0046A30F056120FF0047A30F0360019A076020FFC20D0A8F2C
:2012E0005A81487683D90CD093920CD00150939620FF0040A30F1D6120FF0041A30F196187
:2013000020FF0042A30F156120FF0043A30F116120FF0044A30F0D6120FF0045A30F0961BB
:2013200020FF0046A30F056120FF0047A30F0360019A076020FF180E0A8F5A81487683D9E0
:201340000CD00CD193CCEFFF9B9620FF0040A30F1D6120FF0041A30F196120FF0042A30F28
:20136000156120FF0043A30F116120FF0044A30F0D6120FF0045A30F096120FF0046A30F57
:20138000056120FF0047A30F0360019A076020FF3E0E0A8F5A81487683D9A38A0CD00CD18B
:2013A0000CDCC418FFBF93CCDFFF9B9620FF0040A30F1D6120FF0041A30F196120FF0042C1
:2013C000A30F156120FF0043A30F116120FF0044A30F0D6120FF0045A30F096120FF0046F7
:2013E000A30F056120FF0047A30F0360019A076020FFF50D0A8F5A81487683D90CD00CD1F0
:2014000093CCFBFF9B9620FF0040A30F1D6120FF0041A30F196120FF0042A30F156120FF7F
:201420000043A30F116120FF0044A30F0D6120FF0045A30F096120FF0046A30F056120FFA6
:201440000047A30F0360019A076020FFF50D0A8F5A81487683D90CD093920CD00850939621
:2014600020FF0040A30F1D6120FF0041A30F196120FF0042A30F156120FF0043A30F116142
:2014800020FF0044A30F0D6120FF0045A30F096120FF0046A30F056120FF0047A30F036051
:2014A000019A076020FFD80C0A8F5A81487683D947D0939247D0C050939620FF0040A30FFC
:2014C0001D6120FF0041A30F196120FF0042A30F156120FF0043A30F116120FF0044A30FDE
:2014E0000D6120FF0045A30F096120FF0046A30F056120FF0047A30F0360019A076020FFE5
:20150000010D0A8F5A81487683D949D049D193CCFCFF9B9620FF0040A30F1D6120FF004182
:20152000A30F196120FF0042A30F156120FF0043A30F116120FF0044A30F0D6120FF004589
:20154000A30F096120FF0046A30F056120FF0047A30F0360019A076020FF010D0A8F5A81D4
:20156000487683D949D049D193CCF3FF9B9620FF0040A30F1D6120FF0041A30F196120FF62
:201580000042A30F156120FF0043A30F116120FF0044A30F0D6120FF0045A30F096120FF39
:2015A0000046A30F056120FF0047A30F0360019A076020FFA10F0A8F5A81487683D914DB04
:2015C000C318FEFF84FEBE82BE86BE8B0600BDB2BDAABDA20CFEA98220FF0030A30F1D61F5
:2015E00020FF0032A30F196120FF0034A30F156120FF0036A30F116120FF0038A30F0D6103
:2016000020FF003AA30F096120FF003CA30F056120FF003EA30F0360019A076020FFDF066A
:201620000A8F6A82487683D92276A9A218FF0100A98AC418EFFF1A76A928581F449B421EFC
:2016400000D4A9A2487695CD000201D4421EA9A2487695CDA928591F449B02D4421EA9A200
:20166000487695CD000203D4421EA9A2487695CD000204D4421EA9A2487695CD000205D426
:20168000421EA9A2487695CD000206D4421EA9A2487695CD000207D4421EA9A2487695CD30
:2016A000A9A200D448767ECE01D4A9A248767ECE02D4A9A248767ECE03D4A9A248767ECE80
:2016C00004D4A9A248767ECE05D4A9A248767ECE06D4A9A248767ECE07D4A9A248767ECE50
:2016E00020FF0030A30F1D6120FF0032A30F196120FF0034A30F156120FF0036A30F1161FA
:2017000020FF0038A30F0D6120FF003AA30F096120FF003CA30F056120FF003EA30F0360F8
:20172000019A076020FF76050A8F6A82487683D9227612D0180200BE16D1931E14D01B0283
:20174000931E18D000029BC2931E1A7620FF0030A30F1D6120FF0032A30F196120FF003401
:20176000A30F156120FF0036A30F116120FF0038A30F0D6120FF003AA30F096120FF003C81
:20178000A30F056120FF003EA30F0360019A076020FF92050A8F6A82487683D9227620D1DF
:2017A000008F777722D000029BA8931E1A7620FF0030A30F1D6120FF0032A30F196120FF19
:2017C0000034A30F156120FF0036A30F116120FF0038A30F0D6120FF003AA30F096120FF29
:2017E000003CA30F056120FF003EA30F0360019A076020FFB2050A8F6A82487683D9227614
:201800000CD0000200BE0AD1931E0ED0931E10D09BC2931E1A7620FF0030A30F1D6120FFF5
:201820000032A30F196120FF0034A30F156120FF0036A30F116120FF0038A30F0D6120FFC0
:20184000003AA30F096120FF003CA30F056120FF003EA30F0360019A076020FFEB050A8FA3
:201860006A82487683D9227624D0000200BE26D1931E28D09BC2931E1A7620FF0030A30FD7
:201880001D6120FF0032A30F196120FF0034A30F156120FF0036A30F116120FF0038A30F50
:2018A0000D6120FF003AA30F096120FF003CA30F056120FF003EA30F0360019A076020FF3F
:2018C000CE050A8F6A82487683D9227600BE1CD11ED000029BC2931E1A7620FF0030A30FC4
:2018E0001D6120FF0032A30F196120FF0034A30F156120FF0036A30F116120FF0038A30FF0
:201900000D6120FF003AA30F096120FF003CA30F056120FF003EA30F0360019A076020FFDE
:201920000B060A8F6A82487683D92276003108D000B600BE0002D3A993C3F3C2E31E1A76C8
:2019400020FF0030A30F1D6120FF0032A30F196120FF0034A30F156120FF0036A30F116197
:2019600020FF0038A30F0D6120FF003AA30F096120FF003CA30F056120FF003EA30F036096
:20198000019A076020FF26060A8F6A82487683D922762AD00002931E1A7600B600BE00D43E
:2019A00042C344C2461EA9A24876979F00B600BE000201D442C344C2461EA9A24876979F80
:2019C00000B600BE000202D442C344C2461EA9A24876979F20FF0030A30F1D6120FF00323D
:2019E000A30F196120FF0034A30F156120FF0036A30F116120FF0038A30F0D6120FF003AF7
:201A0000A30F096120FF003CA30F056120FF003EA30F0360019A076020FF89030A8F6A8293
:201A2000487683D922763ED00002931E1A7620FF0030A30F1D6120FF0032A30F196120FF88
:201A40000034A30F156120FF0036A30F116120FF0038A30F0D6120FF003AA30F096120FFA6
:201A6000003CA30F056120FF003EA30F0360019A076020FF56060A8F6A82487683D92276EC
:201A80003CD00002931E1A7620FF0030A30F1D6120FF0032A30F196120FF0034A30F156180
:201AA00020FF0036A30F116120FF0038A30F0D6120FF003AA30F096120FF003CA30F05614E
:201AC00020FF003EA30F0360019A076020FF91060A8F6A82487683D920FF0030A30F1D61BE
:201AE00020FF0032A30F196120FF0034A30F156120FF0036A30F116120FF0038A30F0D61FE
:201B000020FF003AA30F096120FF003CA30F056120FF003EA30F0360019A076020FFD30374
:201B20000A8F6A82487683D92276A9A20CBE408D020100B6008D040118FF0100A98A9BC299
:201B4000010293C3C498CC991A7620FF0030A30F1D6120FF0032A30F196120FF0034A30FDA
:201B6000156120FF0036A30F116120FF0038A30F0D6120FF003AA30F096120FF003CA30F7D
:201B8000056120FF003EA30F0360019A076020FFD3030A8F6A82487683D92276A9A20DBE29
:201BA00000B6008D040118FF0100A98A9BC2010293C3C498CC991A7620FF0030A30F1D610C
:201BC00020FF0032A30F196120FF0034A30F156120FF0036A30F116120FF0038A30F0D611D
:201BE00020FF003AA30F096120FF003CA30F056120FF003EA30F0360019A076020FFD30394
:201C00000A8F6A82487683D92276A9A20EBE00B6008D040118FF0100A98A9BC2010293C32D
:201C2000C498CC991A7620FF0030A30F1D6120FF0032A30F196120FF0034A30F156120FFBD
:201C40000036A30F116120FF0038A30F0D6120FF003AA30F096120FF003CA30F056120FFAC
:201C6000003EA30F0360019A076020FFD3030A8F6A82487683D92276A9A20FBE00B6008D88
:201C8000040118FF0100A98A9BC2010293C3C498CC991A76472B008F00A44AA847884A83BA
:201CA00020FF0030A30FA659C55A1D6120FF0032A30F196120FF0034A30F156120FF00363A
:201CC000A30F116120FF0038A30F0D6120FF003AA30F096120FF003CA30F056120FF003E24
:201CE000A30F0360019A076020FF73060A8F6A82487683D920FF003020D9A30F4CB21D6120
:201D000020FF0032A30F196120FF0034A30F156120FF0036A30F116120FF0038A30F0D61DB
:201D200020FF003AA30F096120FF003CA30F056120FF003EA30F0360019A076020FFD30352
:201D40000A8F6A82487683D92276A9A2408D02014CC4008D040118FF0100A98A9BC293AAAA
:201D60000102C498CC991A76470A4A0601094A1E47921F5294698CFEBE82BE86BE8B060058
:201D8000BDB2BDAABDA20CFEA98220FF0030A30F1D6120FF0032A30F196120FF0034A30FD8
:201DA000156120FF0036A30F116120FF0038A30F0D6120FF003AA30F096120FF003CA30F3B
:201DC000056120FF003EA30F0360019A076020FFDF060A8F6A82487683D92276A9A218FF8C
:201DE0000100A98AC418EFFF1A76A928581F449B421E00D4A9A2487695CD000201D4421E58
:201E0000A9A2487695CDA928591F449B02D4421EA9A2487695CD000203D4421EA9A248764C
:201E200095CD000204D4421EA9A2487695CD000205D4421EA9A2487695CD000206D4421EB9
:201E4000A9A2487695CD000207D4421EA9A2487695CDA9A200D448767ECE01D4A9A2487668
:201E60007ECE02D4A9A248767ECE03D4A9A248767ECE04D4A9A248767ECE05D4A9A24876B0
:201E80007ECE06D4A9A248767ECE07D4A9A248767ECE20FF0030A30F1D6120FF0032A30F15
:201EA000196120FF0034A30F156120FF0036A30F116120FF0038A30F0D6120FF003AA30F32
:201EC000096120FF003CA30F056120FF003EA30F0360019A076020FF76050A8F6A824876D4
:201EE00083D9227612D0190200BE16D1931E14D01B02931E18D000029BC2931E1A7620FF42
:201F00000030A30F1D6120FF0032A30F196120FF0034A30F156120FF0036A30F116120FFD1
:201F20000038A30F0D6120FF003AA30F096120FF003CA30F056120FF003EA30F0360019A54
:201F4000076020FF92050A8F6A82487683D9227620D1008F777722D000029BA8931E1A7647
:201F600020FF0030A30F1D6120FF0032A30F196120FF0034A30F156120FF0036A30F116171
:201F800020FF0038A30F0D6120FF003AA30F096120FF003CA30F056120FF003EA30F036070
:201FA000019A076020FFB2050A8F6A82487683D922760CD0000200BE0AD1931E0ED0931E5B
:201FC00010D09BC2931E1A7620FF0030A30F1D6120FF0032A30F196120FF0034A30F15610C
:201FE00020FF0036A30F116120FF0038A30F0D6120FF003AA30F096120FF003CA30F056109
:2020000020FF003EA30F0360019A076020FFEB050A8F6A82487683D9227624D0000200BE52
:2020200026D1931E28D09BC2931E1A7620FF0030A30F1D6120FF0032A30F196120FF003413
:20204000A30F156120FF0036A30F116120FF0038A30F0D6120FF003AA30F096120FF003C98
:20206000A30F056120FF003EA30F0360019A076020FFCE050A8F6A82487683D9227600BEED
:202080001CD11ED000029BC2931E1A7620FF0030A30F1D6120FF0032A30F196120FF003476
:2020A000A30F156120FF0036A30F116120FF0038A30F0D6120FF003AA30F096120FF003C38
:2020C000A30F056120FF003EA30F0360019A076020FF0B060A8F6A82487683D922760031DC
:2020E00008D000B600BE0002D3A993C3F3C2E31E1A7620FF0030A30F1D6120FF0032A30FF8
:20210000196120FF0034A30F156120FF0036A30F116120FF0038A30F0D6120FF003AA30FCF
:20212000096120FF003CA30F056120FF003EA30F0360019A076020FF26060A8F6A824876C0
:2021400083D922762AD00002931E1A7600B600BE00D442C344C2461EA9A24876979F00B6A2
:2021600000BE000201D442C344C2461EA9A24876979F00B600BE000202D442C344C2461E61
:20218000A9A24876979F20FF0030A30F1D6120FF0032A30F196120FF0034A30F156120FF6A
:2021A0000036A30F116120FF0038A30F0D6120FF003AA30F096120FF003CA30F056120FF47
:2021C000003EA30F0360019A076020FF89030A8F6A82487683D922763ED00002931E1A7677
:2021E00020FF0030A30F1D6120FF0032A30F196120FF0034A30F156120FF0036A30F1161EF
:2022000020FF0038A30F0D6120FF003AA30F096120FF003CA30F056120FF003EA30F0360ED
:20222000019A076020FF56060A8F6A82487683D922763CD00002931E1A7620FF0030A30F9A
:202240001D6120FF0032A30F196120FF0034A30F156120FF0036A30F116120FF0038A30F86
:202260000D6120FF003AA30F096120FF003CA30F056120FF003EA30F0360019A076020FF75
:2022800091060A8F6A82487683D920FF0030A30F1D6120FF0032A30F196120FF0034A30F07
:2022A000156120FF0036A30F116120FF0038A30F0D6120FF003AA30F096120FF003CA30F36
:2022C000056120FF003EA30F0360019A076020FFD3030A8F6A82487683D92276A9A20CBEE3
:2022E000408D020100B6008D040118FF0100A98A9BC2010293C3C498CC991A7620FF003025
:20230000A30F1D6120FF0032A30F196120FF0034A30F156120FF0036A30F116120FF0038C5
:20232000A30F0D6120FF003AA30F096120FF003CA30F056120FF003EA30F0360019A076021
:2023400020FFD3030A8F6A82487683D92276A9A20DBE00B6008D040118FF0100A98A9BC24B
:20236000010293C3C498CC991A7620FF0030A30F1D6120FF0032A30F196120FF0034A30FB2
:20238000156120FF0036A30F116120FF0038A30F0D6120FF003AA30F096120FF003CA30F55
:2023A000056120FF003EA30F0360019A076020FFD3030A8F6A82487683D92276A9A20EBE00
:2023C00000B6008D040118FF0100A98A9BC2010293C3C498CC991A7620FF0030A30F1D61E4
:2023E00020FF0032A30F196120FF0034A30F156120FF0036A30F116120FF0038A30F0D61F5
:2024000020FF003AA30F096120FF003CA30F056120FF003EA30F0360019A076020FFD3036B
:202420000A8F6A82487683D92276A9A20FBE00B6008D040118FF0100A98A9BC2010293C304
:20244000C498CC991A76472B008F20A44AA847884A8320FF0030A30FA659C55A1D6120FF1C
:202460000032A30F196120FF0034A30F156120FF0036A30F116120FF0038A30F0D6120FF74
:20248000003AA30F096120FF003CA30F056120FF003EA30F0360019A076020FF73060A8FCE
:2024A0006A82487683D920FF003020D9A30F4CB21D6120FF0032A30F196120FF0034A30F1E
:2024C000156120FF0036A30F116120FF0038A30F0D6120FF003AA30F096120FF003CA30F14
:2024E000056120FF003EA30F0360019A076020FFD3030A8F6A82487683D92276A9A2408DBE
:2025000002014CC4008D040118FF0100A98A9BC293AA0102C498CC991A76470A4A06010932
:202520004A1E47921F5294698CFEBE82BE86BE8B0600BDB2BDAABDA20CFEA98220FF0030D6
:20254000A30F1D6120FF0032A30F196120FF0034A30F156120FF0036A30F116120FF003883
:20256000A30F0D6120FF003AA30F096120FF003CA30F056120FF003EA30F0360019A0760DF
:2025800020FFDF060A8F6A82487683D92276A9A218FF0100A98AC418EFFF1A76A928581FC8
:2025A000449B421E00D4A9A2487695CD000201D4421EA9A2487695CDA928591F449B02D4FD
:2025C000421EA9A2487695CD000203D4421EA9A2487695CD000204D4421EA9A2487695CDE7
:2025E000000205D4421EA9A2487695CD000206D4421EA9A2487695CD000207D4421EA9A206
:20260000487695CDA9A200D448767ECE01D4A9A248767ECE02D4A9A248767ECE03D4A9A2FA
:2026200048767ECE04D4A9A248767ECE05D4A9A248767ECE06D4A9A248767ECE07D4A9A2E0
:2026400048767ECE20FF0030A30F1D6120FF0032A30F196120FF0034A30F156120FF0036A4
:20266000A30F116120FF0038A30F0D6120FF003AA30F096120FF003CA30F056120FF003E7A
:20268000A30F0360019A076020FF76050A8F6A82487683D9227612D0180200BE16D1931E00
:2026A00014D01B02931E18D000029BC2931E1A7620FF0030A30F1D6120FF0032A30F1961E4
:2026C00020FF0034A30F156120FF0036A30F116120FF0038A30F0D6120FF003AA30F09611A
:2026E00020FF003CA30F056120FF003EA30F0360019A076020FF92050A8F6A82487683D99E
:20270000227620D1008F777722D000029BA8931E1A7620FF0030A30F1D6120FF0032A30FB9
:20272000196120FF0034A30F156120FF0036A30F116120FF0038A30F0D6120FF003AA30FA9
:20274000096120FF003CA30F056120FF003EA30F0360019A076020FFB2050A8F6A8248760F
:2027600083D922760CD0000200BE0AD1931E0ED0931E10D09BC2931E1A7620FF0030A30F2F
:202780001D6120FF0032A30F196120FF0034A30F156120FF0036A30F116120FF0038A30F41
:2027A0000D6120FF003AA30F096120FF003CA30F056120FF003EA30F0360019A076020FF30
:2027C000EB050A8F6A82487683D9227624D0000200BE26D1931E28D09BC2931E1A7620FFC1
:2027E0000030A30F1D6120FF0032A30F196120FF0034A30F156120FF0036A30F116120FFE9
:202800000038A30F0D6120FF003AA30F096120FF003CA30F056120FF003EA30F0360019A6B
:20282000076020FFCE050A8F6A82487683D9227600BE1CD11ED000029BC2931E1A7620FFB0
:202840000030A30F1D6120FF0032A30F196120FF0034A30F156120FF0036A30F116120FF88
:202860000038A30F0D6120FF003AA30F096120FF003CA30F056120FF003EA30F0360019A0B
:20288000076020FF0B060A8F6A82487683D92276003108D000B600BE0002D3A993C3F3C264
:2028A000E31E1A7620FF0030A30F1D6120FF0032A30F196120FF0034A30F156120FF0036BB
:2028C000A30F116120FF0038A30F0D6120FF003AA30F096120FF003CA30F056120FF003E18
:2028E000A30F0360019A076020FF26060A8F6A82487683D922762AD00002931E1A7600B64C
:2029000000BE00D442C344C2461EA9A24876979F00B600BE000201D442C344C2461EA9A272
:202920004876979F00B600BE000202D442C344C2461EA9A24876979F20FF0030A30F1D612A
:2029400020FF0032A30F196120FF0034A30F156120FF0036A30F116120FF0038A30F0D618F
:2029600020FF003AA30F096120FF003CA30F056120FF003EA30F0360019A076020FF890350
:202980000A8F6A82487683D922763ED00002931E1A7620FF0030A30F1D6120FF0032A30F2D
:2029A000196120FF0034A30F156120FF0036A30F116120FF0038A30F0D6120FF003AA30F27
:2029C000096120FF003CA30F056120FF003EA30F0360019A076020FF56060A8F6A824876E8
:2029E00083D922763CD00002931E1A7620FF0030A30F1D6120FF0032A30F196120FF003445
:202A0000A30F156120FF0036A30F116120FF0038A30F0D6120FF003AA30F096120FF003CCE
:202A2000A30F056120FF003EA30F0360019A076020FF91060A8F6A82487683D920FF003066
:202A4000A30F1D6120FF0032A30F196120FF0034A30F156120FF0036A30F116120FF00387E
:202A6000A30F0D6120FF003AA30F096120FF003CA30F056120FF003EA30F0360019A0760DA
:202A800020FFD3030A8F6A82487683D92276A9A20CBE408D020100B6008D040118FF0100C5
:202AA000A98A9BC2010293C3C498CC991A7620FF0030A30F1D6120FF0032A30F196120FFC1
:202AC0000034A30F156120FF0036A30F116120FF0038A30F0D6120FF003AA30F096120FF16
:202AE000003CA30F056120FF003EA30F0360019A076020FFD3030A8F6A82487683D92276E2
:202B0000A9A20DBE00B6008D040118FF0100A98A9BC2010293C3C498CC991A7620FF0030B6
:202B2000A30F1D6120FF0032A30F196120FF0034A30F156120FF0036A30F116120FF00389D
:202B4000A30F0D6120FF003AA30F096120FF003CA30F056120FF003EA30F0360019A0760F9
:202B600020FFD3030A8F6A82487683D92276A9A20EBE00B6008D040118FF0100A98A9BC222
:202B8000010293C3C498CC991A7620FF0030A30F1D6120FF0032A30F196120FF0034A30F8A
:202BA000156120FF0036A30F116120FF0038A30F0D6120FF003AA30F096120FF003CA30F2D
:202BC000056120FF003EA30F0360019A076020FFD3030A8F6A82487683D92276A9A20FBED7
:202BE00000B6008D040118FF0100A98A9BC2010293C3C498CC991A76472B008F40A44AA864
:202C000047884A8320FF0030A30FA659C55A1D6120FF0032A30F196120FF0034A30F156183
:202C200020FF0036A30F116120FF0038A30F0D6120FF003AA30F096120FF003CA30F0561BC
:202C400020FF003EA30F0360019A076020FF73060A8F6A82487683D920FF003020D9A30FCF
:202C60004CB21D6120FF0032A30F196120FF0034A30F156120FF0036A30F116120FF003810
:202C8000A30F0D6120FF003AA30F096120FF003CA30F056120FF003EA30F0360019A0760B8
:202CA00020FFD3030A8F6A82487683D92276A9A2408D02014CC4008D040118FF0100A98AE0
:202CC0009BC293AA0102C498CC991A76470A4A0601094A1E47921F5294698CFEBE82BE869E
:202CE000BE8B0600BDB2BDAABDA20CFEA98220FF0030A30F1D6120FF0032A30F196120FF00
:202D00000034A30F156120FF0036A30F116120FF0038A30F0D6120FF003AA30F096120FFD3
:202D2000003CA30F056120FF003EA30F0360019A076020FFDF060A8F6A82487683D9227690
:202D4000A9A218FF0100A98AC418EFFF1A76A928581F449B421E00D4A9A2487695CD0002BB
:202D600001D4421EA9A2487695CDA928591F449B02D4421EA9A2487695CD000203D4421EB1
:202D8000A9A2487695CD000204D4421EA9A2487695CD000205D4421EA9A2487695CD00027B
:202DA00006D4421EA9A2487695CD000207D4421EA9A2487695CDA9A200D448767ECE01D4C8
:202DC000A9A248767ECE02D4A9A248767ECE03D4A9A248767ECE04D4A9A248767ECE05D441
:202DE000A9A248767ECE06D4A9A248767ECE07D4A9A248767ECE20FF0030A30F1D6120FF81
:202E00000032A30F196120FF0034A30F156120FF0036A30F116120FF0038A30F0D6120FFCA
:202E2000003AA30F096120FF003CA30F056120FF003EA30F0360019A076020FF76050A8F22
:202E40006A82487683D9227612D0190200BE16D1931E14D01B02931E18D000029BC2931ED7
:202E60001A7620FF0030A30F1D6120FF0032A30F196120FF0034A30F156120FF0036A30F44
:202E8000116120FF0038A30F0D6120FF003AA30F096120FF003CA30F056120FF003EA30F52
:202EA0000360019A076020FF92050A8F6A82487683D9227620D1008F777722D000029BA81B
:202EC000931E1A7620FF0030A30F1D6120FF0032A30F196120FF0034A30F156120FF0036E5
:202EE000A30F116120FF0038A30F0D6120FF003AA30F096120FF003CA30F056120FF003EF2
:202F0000A30F0360019A076020FFB2050A8F6A82487683D922760CD0000200BE0AD1931E65
:202F20000ED0931E10D09BC2931E1A7620FF0030A30F1D6120FF0032A30F196120FF003435
:202F4000A30F156120FF0036A30F116120FF0038A30F0D6120FF003AA30F096120FF003C89
:202F6000A30F056120FF003EA30F0360019A076020FFEB050A8F6A82487683D9227624D08B
:202F8000000200BE26D1931E28D09BC2931E1A7620FF0030A30F1D6120FF0032A30F196137
:202FA00020FF0034A30F156120FF0036A30F116120FF0038A30F0D6120FF003AA30F096131
:202FC00020FF003CA30F056120FF003EA30F0360019A076020FFCE050A8F6A82487683D979
:202FE000227600BE1CD11ED000029BC2931E1A7620FF0030A30F1D6120FF0032A30F196104
:2030000020FF0034A30F156120FF0036A30F116120FF0038A30F0D6120FF003AA30F0961D0
:2030200020FF003CA30F056120FF003EA30F0360019A076020FF0B060A8F6A82487683D9DA
:203040002276003108D000B600BE0002D3A993C3F3C2E31E1A7620FF0030A30F1D6120FFA3
:203060000032A30F196120FF0034A30F156120FF0036A30F116120FF0038A30F0D6120FF68
:20308000003AA30F096120FF003CA30F056120FF003EA30F0360019A076020FF26060A8F0F
:2030A0006A82487683D922762AD00002931E1A7600B600BE00D442C344C2461EA9A2487675
:2030C000979F00B600BE000201D442C344C2461EA9A24876979F00B600BE000202D442C370
:2030E00044C2461EA9A24876979F20FF0030A30F1D6120FF0032A30F196120FF0034A30F26
:20310000156120FF0036A30F116120FF0038A30F0D6120FF003AA30F096120FF003CA30FC7
:20312000056120FF003EA30F0360019A076020FF89030A8F6A82487683D922763ED00002C3
:20314000931E1A7620FF0030A30F1D6120FF0032A30F196120FF0034A30F156120FF003662
:20316000A30F116120FF0038A30F0D6120FF003AA30F096120FF003CA30F056120FF003E6F
:20318000A30F0360019A076020FF56060A8F6A82487683D922763CD00002931E1A7620FFF8
:2031A0000030A30F1D6120FF0032A30F196120FF0034A30F156120FF0036A30F116120FF1F
:2031C0000038A30F0D6120FF003AA30F096120FF003CA30F056120FF003EA30F0360019AA2
:2031E000076020FF91060A8F6A82487683D920FF0030A30F1D6120FF0032A30F196120FFF8
:203200000034A30F156120FF0036A30F116120FF0038A30F0D6120FF003AA30F096120FFCE
:20322000003CA30F056120FF003EA30F0360019A076020FFD3030A8F6A82487683D922769A
:20324000A9A20CBE408D020100B6008D040118FF0100A98A9BC2010293C3C498CC991A76EF
:2032600020FF0030A30F1D6120FF0032A30F196120FF0034A30F156120FF0036A30F11615E
:2032800020FF0038A30F0D6120FF003AA30F096120FF003CA30F056120FF003EA30F03605D
:2032A000019A076020FFD3030A8F6A82487683D92276A9A20DBE00B6008D040118FF01006A
:2032C000A98A9BC2010293C3C498CC991A7620FF0030A30F1D6120FF0032A30F196120FF99
:2032E0000034A30F156120FF0036A30F116120FF0038A30F0D6120FF003AA30F096120FFEE
:20330000003CA30F056120FF003EA30F0360019A076020FFD3030A8F6A82487683D92276B9
:20332000A9A20EBE00B6008D040118FF0100A98A9BC2010293C3C498CC991A7620FF00308D
:20334000A30F1D6120FF0032A30F196120FF0034A30F156120FF0036A30F116120FF003875
:20336000A30F0D6120FF003AA30F096120FF003CA30F056120FF003EA30F0360019A0760D1
:2033800020FFD3030A8F6A82487683D92276A9A20FBE00B6008D040118FF0100A98A9BC2F9
:2033A000010293C3C498CC991A76472B008F60A44AA847884A8320FF0030A30FA659C55AB1
:2033C0001D6120FF0032A30F196120FF0034A30F156120FF0036A30F116120FF0038A30FF5
:2033E0000D6120FF003AA30F096120FF003CA30F056120FF003EA30F0360019A076020FFE4
:2034000073060A8F6A82487683D920FF003020D9A30F4CB21D6120FF0032A30F196120FF82
:203420000034A30F156120FF0036A30F116120FF0038A30F0D6120FF003AA30F096120FFAC
:20344000003CA30F056120FF003EA30F0360019A076020FFD3030A8F6A82487683D9227678
:20346000A9A2408D02014CC4008D040118FF0100A98A9BC293AA0102C498CC991A76470A05
:203480004A0601094A1E47921F5294698CFEBE82BE86BE8B060003E2BD0403E2BD0503E294
:2034A000BD0603E2BD071CFE1F765200AFE2000000E3022A04E304A11F76400202E3045063
:2034C0001F76480207921F7640021AE30603000A17E05600AFE2080112E05480015203E2A8
:2034E00052000A611F765200AFE21801AFE21A0002E31C69096F1F765200AFE21201AFE2D5
:20350000140002E316691F76400200E3101C02E3144F1BE312221F76520016E046941EE31B
:203520000C4103E244021F76400203E24200AFE20A071F764C0202E334561F7640021EE349
:20354000028D1F76520003E250010DE30E941F76400200921AE30C8B1F76520009E310103D
:20356000A0521F76400216E04889AFE20E0703E24E0100E31A131F7652001EE31E8E1F76A8
:203580004002AFE2180503E24C011F765200AFE220001F764002AFE216041F7652001BE30A
:2035A000268F10E324DE19E328D01F76400200E31C2C1DE31E271FE04A49356303E21E01F8
:2035C000AFE24406AFE2480703E21C0403E21602AFE24A01AFE24605AFE2420003E21206A6
:2035E00003E20207AFE25404AFE2560203E2180103E2100503E21A03AFE24C06AFE2500746
:2036000003E21400AFE2520103E2060403E20402AFE24E0503E20E0603E20A0703E2080132
:20362000EFFFE9011F764402AFE220050BE32C7700E7FD01007720E7AD010077007777E238
:203640002D00007700770077AFE2220050E82FB203E2260500E32E3500E76D01007720E7E3
:20366000AD010077007777E22D00007700770077007703E2280550E82EB2AFE21E050BE380
:203680002A4500E76D01007720E72D000077007777E22D00007700778CE638008CE6370006
:2036A00003E2240501E866DE1F76460213E2140750E82DB213E213000EE86E668CE62D005A
:2036C00002E8DF2813E212050AE8372B1F764A02AFE20C0050E805B21F7646028CE62D00B0
:2036E00001E860DE13E231050EE8686600E7B5001F7645020BE34AEE02E8DF2050E82A4883
:203700000CE87F940CE0022D01E866DE02E8D8200EE86E6600E77D010CE8789407E0589A70
:2037200001E867DE02E8D62050E82A480EE86F6606E05A120BE8064050E8134801E860DEC1
:2037400009E05CDB0EE8686607E00A92AFE2520750E814480EE004120077007777E2120027
:203760000077007702E8C7210AE867B005E008DD01E866DE50E81A480EE86E668CE61200A1
:20378000AFE2500001E04A9201E865DE1F76440277E2120001E867DE0EE86F6602E8C02155
:2037A0000AE860B004E00A13AFE24E0650E813480DE00CD20EE86D668CE61B0077E2120002
:2037C00002E8C62101E867DE0AE866B00EE86F6605E34C9003E050CB50E8134801E00E5281
:2037E00077E2090002E86E1E77E212000FE806008CE61B0002E8C0210AE860B004E04E13EA
:2038000001E860DE03E0108A50E813480EE868661F7645028CE61F0050E80A48AFE24603DC
:2038200006E00C09007701E865DE77E209000EE86D6602E8D61C0BE806401F76440203E3E9
:2038400044888CE6130050E80A4801E018490077007777E2090002E8D01C01E865DE0BE806
:2038600000400EE86D6602E3420800E728008CE6160003E21A0177E2000050E80A4802E8AC
:20388000D11C8CE615000BE8014000E70800AFE2580203E21C0050E801481F7646028CE6D5
:2038A0001000AFE25A0213E221008CE61000AFE25C0213E224008CE6100001E862DE13E2CB
:2038C00025000EE86A668CE62000AFE2560413E2220000E710010077007777E202000077B1
:2038E0001F76440202E8C4210AE864B000E7A00001E864DE03E206001F76460250E800481E
:203900000EE86C668CE60000AFE2540213E2030000E7A0000077007777E2020000778CE6D5
:20392000090002E8C4210AE864B000E7A0001F76440203E208001F764002C8E2000450E89D
:2039400000481F764602AFE248028CE6000013E2020713E2260313E20C0613E20D0513E2D6
:20396000040074E2100113E20E0197E593E51F764A0277E2000096E591E595E594E503E2E1
:203980000E0050E802B21F764002002B8CE610001F76460213E232001F76400292E503E272
:2039A000060703E2120703E2080303E2140303E20A0603E2160603E2040403E20E0103E254
:2039C000020203E2100403E2180503E21A0103E21C0203E21E04AFE24A07AFE25003AFE287
:2039E0004E061F76460213E2050713E2000313E201061F7640029CFE03E20C05AFE2BE07E4
:203A0000AFE2BE06AFE2BE05AFE2BE040600BDB2BDAABDA203E2BD0403E2BD0503E2BD067A
:203A200003E2BD070AFEA982CFE61E00CFE60C00CFE60500437C058F00E7447DAFE25C076D
:203A400003E24602A9A8A30F0B61058F40E7A9A8A30F0661058F80E7A9A8A30F0360019AA9
:203A600006600A8FE2814502487683D994E6250014AD106274E2600174E23901007700777C
:203A8000007710E7000010E74900007710E70B000C6F74E23801007700770077007710E722
:203AA0000000007790E8030001E819E1AFE2460090E81B400EE851B800E7080000770077AB
:203AC00074E2180001E81FE10EE857B800E7B901007700E74200007741E7293600778AE664
:203AE0001A00058F00E774E20901A9BF1A0F30FF20E7C000A9868AE609008AE60000A9A8E1
:203B000003E24801A30FA1BF120F0B61058F40E7A9A8A30F0661058F80E7A9A8A30F036052
:203B2000019A076020FF18020A8F0482487683D92276A38A14DCC41A01001A76058F00E772
:203B4000A9A8A30F0B61058F40E7A9A8A30F0661058F80E7A9A8A30F0360019A076020FF4F
:203B600035020A8F0482487683D92276A38A14DCC41A02001A76058F00E7A9A8A30F0B61C6
:203B8000058F40E7A9A8A30F0661058F80E7A9A8A30F0360019A06600A8F0482F7024876C8
:203BA00083D92276C3CCF0FF0550C3961A76058F00E7A9A8A30F0B61058F40E7A9A8A30FAD
:203BC0000661058F80E7A9A8A30F0360019A076020FF53010A8F0482487683D92276C3CC48
:203BE0001FFF5050C3961A76058F00E7A9A8A30F0B61058F40E7A9A8A30F0661058F80E714
:203C0000A9A8A30F0360019A076020FF72010A8F0482487683D92276C3CCFF0FA91A005029
:203C2000C3961A76058F00E7A9A8A30F0B61058F40E7A9A8A30F0661058F80E7A9A8A30F8E
:203C40000360019A076020FFCC020A8F0482487683D9227628D093CCE00F44CA28D0A91A32
:203C600000A093961A76058F00E7A9A8A30F0B61058F40E7A9A8A30F0661058F80E7A9A890
:203C8000A30F0360019A076020FFA8020A8F0482487683D9227624D093CCE00F43CA24D030
:203CA000A91A00A093961A76058F00E74AB2A9A8A30F0B61058F40E7A9A8A30F0661058F49
:203CC00080E7A9A8A30F0360019A076020FF2F030A8F0482487683D90402A20F076920FF45
:203CE00030030A8F0482487683D94A06076020FF31030A8F0482487683D94806076020FF41
:203D000032030A8F0482487683D9012920FFFFFFA20F076720FF33030A8F0482487683D941
:203D20004AC40F8FFFFFA9A8A60F076720FF34030A8F0482487683D948C40F8FFFFFA9A8DD
:203D4000A60F076720FF35030A8F0482487683D9227608D14A920AD09B9693CCF0FFA988D9
:203D600010D10AD04A060F914892A6CB93970CD0937A12D09B9693CCF0FFA98812D0480678
:203D80000F91A6CB93971A76058F00E7A9A8A30F0B61058F40E7A9A8A30F0661058F80E74E
:203DA000A9A8A30F0360019A076020FF97010A8F0482487683D92276C3CCFFF8A91A000AC0
:203DC000C3961A76058F00E7A9A8A30F0B61058F40E7A9A8A30F0661058F80E7A9A8A30FED
:203DE0000360019A076020FF15010A8F0482487683D92276C3CC8FFFA050C3961A76058FCE
:203E000000E7A9A8A30F0B61058F40E7A9A8A30F0661058F80E7A9A8A30F0360019A0760C4
:203E200020FF34010A8F0482487683D92276C3CCFF0FA91A00A0C3961A76058F00E7A9A8A8
:203E4000A30F0B61058F40E7A9A8A30F0661058F80E7A9A8A30F0360019A06600A8F04829E
:203E6000D902487683D92276C3CCF8FF0A50C3961A76058F00E7A9A8A30F0B61058F40E747
:203E8000A9A8A30F0661058F80E7A9A8A30F0360019A076020FFFE010A8F0482487683D9FE
:203EA00014D093411B6D058F00E7A9A8A30F0B61058F40E7A9A8A30F0661058F80E7A9A867
:203EC000A30F0360019A076020FFE3010A8F0482487683D914D09340CD6C058F00E7A9A8D3
:203EE000A30F0B61058F40E7A9A8A30F0661058F80E7A9A8A30F0360019A076020FFFE01FE
:203F00000A8F0482487683D914D09341BC56A900BD56A9018AFEAFE2BE07AFE2BE06AFE274
:203F2000BE05AFE2BE04BE82BE86BE8B0600BDB2BDAABDA204FE52C4A98220FF003044C2CB
:203F400050C4A30F4E86A45942C21D6120FF0032A30F196120FF0034A30F156120FF0036FB
:203F6000A30F116120FF0038A30F0D6120FF003AA30F096120FF003CA30F056120FF003E61
:203F8000A30F0360019A06600A8F9E813302487683D92276A192E1FF3E010152E1FFA00047
:203FA0000252E0FFDE0120FF0030A30F1D6120FF0032A30F196120FF0034A30F156120FF59
:203FC0000036A30F116120FF0038A30F0D6120FF003AA30F096120FF003CA30F056120FF09
:203FE000003EA30F0360019A076020FFD3030A8FC081487683D92276A9A202BE408D020110
:20400000008D040118FF0100A98A9BC293AA0102C498CC991A7620FF0030A30F1D6120FF37
:204020000032A30F196120FF0034A30F156120FF0036A30F116120FF0038A30F0D6120FF98
:20404000003AA30F096120FF003CA30F056120FF003EA30F0360019A076020FFD3030A8F95
:20406000C081487683D9227606BEA9A218FF01009BC242C4A98A008D0401010293C2C4984A
:20408000CC991A7620FF0030A30F1D6120FF0032A30F196120FF0034A30F156120FF00365F
:2040A000A30F116120FF0038A30F0D6120FF003AA30F096120FF003CA30F056120FF003E20
:2040C000A30F0360019A076020FFD3030A8FC081487683D922760ABEEFFF360120FF00300C
:2040E000A30F1D6120FF0032A30F196120FF0034A30F156120FF0036A30F116120FF0038C8
:20410000A30F0D6120FF003AA30F096120FF003CA30F056120FF003EA30F0360019A076023
:2041200020FFD3030A8FC081487683D92276A9A201BE408D0201008D040118FF0100A98A47
:204140009BC293AA0102C498CC991A7620FF0030A30F1D6120FF0032A30F196120FF003422
:20416000A30F156120FF0036A30F116120FF0038A30F0D6120FF003AA30F096120FF003C57
:20418000A30F056120FF003EA30F0360019A076020FFD3030A8FC081487683D9227605BE4F
:2041A000A9A218FF01009BC242C4A98A008D0401010293C2C498CC991A7620FF0030A30FCA
:2041C0001D6120FF0032A30F196120FF0034A30F156120FF0036A30F116120FF0038A30FE7
:2041E0000D6120FF003AA30F096120FF003CA30F056120FF003EA30F0360019A076020FFD6
:20420000D3030A8FC081487683D9227609BEEFFF9B0020FF0030A30F1D6120FF0032A30F6A
:20422000196120FF0034A30F156120FF0036A30F116120FF0038A30F0D6120FF003AA30F8E
:20424000096120FF003CA30F056120FF003EA30F0360019A076020FFD3030A8FC081487680
:2042600083D92276A9A200BE408D0201008D040118FF0100A98A9BC293AA0102C498CC9936
:204280001A7620FF0030A30F1D6120FF0032A30F196120FF0034A30F156120FF0036A30F10
:2042A000116120FF0038A30F0D6120FF003AA30F096120FF003CA30F056120FF003EA30F1E
:2042C0000360019A076020FFD3030A8FC081487683D9227604BEA9A218FF01009BC242C470
:2042E000A98A008D0401010293C2C498CC991A7620FF0030A30F1D6120FF0032A30F196154
:2043000020FF0034A30F156120FF0036A30F116120FF0038A30F0D6120FF003AA30F0961BD
:2043200020FF003CA30F056120FF003EA30F0360019A076020FFD3030A8FC081487683D9AD
:20434000227608BE9BC2A9A244C418FF0100A98A008D0401010293C2C498CC991A761A7639
:2043600084FEBE82BE86BE8B0600BDB203E2BD0403E2BD0503E2BD0603E2BD070CFE1F763C
:20438000520001E898F8AFE20603AFE2080210E7D400AFE20A0110E764000EE8D06900E745
:2043A00000011F764A0203E21A0014E0444020E756004FE800C001E851F920E718000DE809
:2043C000595500E70D00AFE2080703E21605AFE20A001F764C020BE320E10AE308131F7691
:2043E0004A0200E75B00AFE62D0001E899F80EE8D16900E78E0100E77D010CE018061F7649
:204400004C0210E72D000DE30ACE03E24605AFE2220500E77501AFE246061DE3087EAFE229
:20442000060500E77501008F009320E77D01AFE20A0603E2E405AFE2040500E7750120E700
:204440005600007720E7F30014D01AE048DEAFE21C0503E2D403AFE2020307E3067318E32F
:204460000A0507E3205CAFE2080503E24A03AFE2040307E30A5D00E72C0122D120E70401FB
:20448000040627E31E1DAFE21C0403E2F403AFE2060307E3942300E7EB0016D020E7F30053
:2044A000AFE2140503E2940328D0AFE2160310E75B01941E32D0AFE2280503E24C03AFE2AA
:2044C0003C0307E3946B2AD01AE33ADDAFE2940600E7750114E31C4F1AE322DA30D003E2DE
:2044E000940334D0AFE23603AFE230051AE31EDEAFE2380503E2940310D0AFE2340307E3BC
:20450000945D0BE304AE0DE308F700E7BA000CD020E78A002BE34AAF2EE39496AFE21C0717
:2045200003E2C402AFE2000205E31EFA00E792010ED020E7BA00AFE20C0603E2940212D024
:204540000E06AFE20E020C1E03E2940528061CE3109620D0AFE212052A1E12061DE0946A38
:2045600024D0101E03E2940518D0AFE21E05AFE2940200E7AA001AD025E34C16AFE2180446
:2045800003E294022ED0AFE21A0215E09C2602E84A0608E8D27E1F764A0206E3949A2CD0D0
:2045A00003E2240016E01C91AFE2440303E2940203E2200326D0AFE24402AFE2480303E266
:2045C000260203E2220303E29404AFE2460303E21E0302E84B061F764C0216C51AC408E885
:2045E000D37E3006AFE22C05321E14C318C294E61D0014AD0C6502E84B06AFE22C0408E8BC
:20460000D37E20E7E300007703E22C032CD02ED194069C1EAFE22E05AFE22E03AFE22E043C
:20462000AFE22E060AD071E22D0008D117E32E271F764A0210E7F60178E22D0071E23B004F
:2046400071E2360071E2240079E2370003E2080578E2260079E21D0003E29C07AFE20E04B3
:2046600003E2940603E20A0512E8041114AD5A631F764402AFE2360312E8030514AD52631D
:20468000AFE2380312E8030514AD4C63AFE23A0312E8030514AD466320D093E596E503E2DA
:2046A000940395E594E597E51F764C0222D030D103E2940624D003E2940626D003E2C40588
:2046C00003E2D40403E2E40703E2F40503E2340503E22C0403E29C0703E22E0603E294031F
:2046E0000CD003E294030ED003E2940510D003E2940412D003E2940714D003E2940516D0FF
:2047000003E2940418D003E294071AD003E2940528D003E294042AD003E2940732D003E276
:2047200094061F76550003E21001AFE24407AFE24806AFE2460103E212018CFE03E21407EA
:2047400003E21606AFE2BE0703E21800AFE2BE06AFE2BE0503E21A02AFE2BE04BE8B0600B9
:2047600003E2BD0403E2BD0503E2BD0603E2BD0724FE1F764802049201520B601F76460269
:204780003E92075206601F765400BF560001046F1F765400002B1F7648020A9201520360D3
:2047A0004876FEC41F76480201E888C601E88DC601E88FC601E88CC6C8E23801C8E22003FE
:2047C000C8E239060DE8B8B80DE8BDB80DE8BFB80DE8BCB800E74200059200E7E80000E7D6
:2047E000B901C8E22107C8E2220501E88EC60DE8BEB80FE0420001E88FC6C8E223040DE87F
:20480000BFB80BE0448001E88EC6C8E224050DE8BEB809E046C001E88FC6C8E225040DE802
:20482000BFB80BE0488001E88EC6C8E226050DE8BEB81F76540009E04AC005961F7648027B
:2048400001E88FC60892C8E227040DE8BFB80BE04C8001E88EC6C8E228051F7654000DE896
:20486000BEB8039609E04EC01F76480201E88FC60192C8E229040DE8BFB80BE0508001E89B
:204880008EC6C8E22A051F7654000DE8BEB8019609E052C01F76480201E88FC60292C8E2AA
:2048A0002B040DE8BFB80BE0548001E88EC6C8E22C051F7654000DE8BEB809E056C002969B
:2048C0001F76480201E88FC60992C8E22D040DE8BFB80BE0588001E88EC6C8E22E051F7667
:2048E00054000DE8BEB809E05AC004961F76480201E88FC6C8E22F040DE8BFB80BE05C802F
:204900000692C8E2300501E88EC61F76450202C40DE8BEB81F76480209E05EC001E88FC6B2
:20492000C8E231040DE8BFB8C8E235030BE0608001E88EC6C8E232050DE8BEB809E062C0EB
:2049400001E88CC60BE064B8C8E233000DE8BCB800E7260001E88CC6C8E234000DE8BCB840
:2049600000E7250001E888C60DE8B8B800E7C40001E888C6C8E236030DE8B8B81F7654007C
:2049800006E3420303E20603AFE2440303E20803AFE2460303E20A03AFE2480303E20C0397
:2049A000AFE24A0303E20E03AFE24C0303E21003AFE24E0303E21203AFE2500303E214038F
:2049C000AFE2520303E21603AFE2540303E21803AFE2560303E21A03AFE2580303E21C032F
:2049E000AFE25A0303E21E03AFE25C0303E22003AFE25E0303E22203AFE2600303E22403CF
:204A0000AFE2620303E22603AFE2640303E228031F764802C8E237031F76540003E22A07C8
:204A20001F764802C8E217071F76540003E22C061F764802C8E218061F76540003E22E0527
:204A40001F764802C8E219051F76540003E2300401E864EE0EE86C6603E2320001E888C65C
:204A60000DE8B8B800E7C00001E863EE0EE86B6603E2340001E860EE0EE868660FE03622CE
:204A80000CE038D91F7655000AE01C0403E21E0303E220001F7654003AC243601F764802B3
:204AA00001E860EE01E862EE01E866EEC8E21301C8E20E05C8E210030EE86866C8E211048E
:204AC0000EE86A660EE86E6600E7470000E7520101E865EE00E7F000C8E20F030EE86D6646
:204AE0001F76550003E202001F764802C8E20D001F76540001E03C7701E865EE01E867EE58
:204B000003E23E060EE86D660EE86F661F76550000E7390107E0004203E2060103E20400CF
:204B20001F765200AFE23600A4FE51E8801E1F764602AFE2BE07AFE2BE068CE60000AFE2C3
:204B4000BE0513E23300AFE2BE040600BDB2BDAABDA208FE52C4A98E54A3A6060F61418FA6
:204B60000000A9A0A60F0861438F0000A9A0A60FB056A701046000B6026F02B600BEA49219
:204B8000B156A601A93A0B612FFF0020A00F0460858D40E7066F858D80E7036F858D00E725
:204BA000A9A9AC2817002256009B1F90AC281200A9BD120FA9A92256009B1F90A9BD160FEA
:204BC0008BE60000A9A9009BFF90A9BD1E0F8BE609008FE800E08FE80AE0007700E71000B5
:204BE0008BE619000077007774E20A0000770077007774E20B0011E802FC14AD1E6374E288
:204C00004000007700770077007710E70000007790E80148007750E808B2007720E7420020
:204C20008AE609008AE612000077A9BF160FA4BF1A0F30FFA982066F02E8B024008FA40425
:204C400018D3458F00E700E71800A9A08AE60000A20F03E244000C61458F40E7A9A0A20FBA
:204C6000046122760402066F22760202036F22760102458F4CD3C598CD991A762276A28310
:204C800014DDC51A0100A28328D014DDC51A0200C2CCF0FF0550C296C2CC1FFF5050C29686
:204CA000C2CCFF0FA91A0050C29692CCE00FA7CA28D0A91A00A0929624D092CCE00FA6CAFB
:204CC00024D0A91A00A092961A7644C4040246A848C2A30F076920FF30030A8FF480487680
:204CE00083D94606076020FF31030A8FF480487683D94806076020FF32030A8FF480487657
:204D000083D9012920FFFFFFA30F076720FF33030A8FF480487683D946C40F8FFFFFA9A85D
:204D2000A60F076720FF34030A8FF480487683D948C40F8FFFFFA9A8A60F076720FF350360
:204D40000A8FF480487683D9227608D146920AD09A9692CCF0FFA98810D10AD046060F91B4
:204D60004892A6CB92970CD0927B12D09A9692CCF0FFA98812D048060F91A6CB9297C2CC4E
:204D8000FFF8A91A000AC296C2CCF8FF0A50C2961A7614D0448A929203903960A9A8376145
:204DA00014D092920390336081DCA9A8306114D0929203902C6081DCA9A8296114D092921F
:204DC0000390256081DCA9A8226114D0929203901E6081DCA9A81B6114D092920390176035
:204DE00081DCA9A8146114D092920390106081DCA9A80D6114D092920390096081DCA9A8B7
:204E0000066114D0929281DC0390C96114D0009A929303910253B156A90188FEBE82BE86C2
:204E2000BE8B0600009A487653D7A9280002487653D7A9280003487653D7A9280004487697
:204E400053D7A9280005487653D7A928000D487653D7A928000E487653D7A928001048763E
:204E600053D7A9280012487653D7A9280018487653D7019A487653D7A9280101487653D72E
:204E8000029A487653D7A9280201487653D7A9280202487653D7A9280203487653D7A92886
:204EA0000204487653D7A9280205487653D7A9280206487653D7A9280207487653D7A928F0
:204EC0000208487653D7A9280209487653D7A928020A487653D7A928020B487653D7A928C0
:204EE000020C487653D7A928020D487653D7A928020E487653D7A928020F487653D7039AC4
:204F0000487653D7A9280301487653D7A9280302487653D7A9280303487653D7A928030497
:204F2000487653D7A9280305487653D7A9280306487653D7049A487653D7A92804014876EC
:204F400053D7A9280402487653D7069A487653D7A9280601487653D7079A487653D7A928C6
:204F60000701487653D7A9280702487653D7A9280703487653D7089A487653D7A928080158
:204F8000487653D7A9280802487653D7A9280803487653D7099A487653D7A928090148767E
:204FA00053D70A9A487653D7A9280A01487653D70B9A487653D7A9280B01487653D7A92854
:204FC0000B10487653D70D9A487653D7A9280D01487653D7A9280D02487653D7A9280D03CF
:204FE000487653D70E9A487653D7A9280E01487653D7A9280E02487653D7A9280E03487608
:2050000053D7A9280E04487653D7A9280E05487653D7A9280E06487653D7A9280E0748765E
:2050200053D7A9281010487653D7A9281011487653D7A9281012487653D7119A487653D725
:20504000A9281101487653D7A9281102487653D7A9281103487653D7A9281104487653D71E
:20506000A9281105487653D7A9281106487653D7A9281107487653D7129A487653D7A9285B
:205080001201487653D7A9281210487653D7A9281211487653D7A9281212487653D7A928B0
:2050A0001213487653D7A9281214487653D7A9281215487653D7A9281216487653D7A92872
:2050C0001217487653D7149A487653D7159A487653D7A9281501487653D7A928150248761D
:2050E00053D7179A487653D7A9280A04487653D7060090E51F76400203E2BD0403E2040045
:2051000003E2060003E2080003E20A0003E20C0003E20E0003E2020003E2160003E2180005
:2051200003E21A0003E21C0003E21E0003E2BD051F76440203E2BD0603E2000003E2020076
:2051400003E2040003E2060003E2080003E20A0003E2120003E2140003E216001F764502D8
:20516000000203E20C001F76440203E2BD0703E20C0003E20E0003E2100003E21E0003E2F7
:20518000200003E2220003E2240003E2260003E2280003E22A0003E22C0003E22E001F76FF
:2051A000450203E202001F76430203E2080003E20A0003E20C0003E20E0003E2120094E5B7
:2051C00093E592E591E595E596E503E2140097E503E2160003E218001A2B03E21C0003E2DD
:2051E0001E0003E2200003E2240003E2260003E2280003E22A002C2B2D2B2E1E301E321EC3
:20520000B10203E2340003E2360003E23A0003E2220003E210003C2B03E23E0002E8D02F19
:2052200003E2040001E860EA0EE8686603E2060001E818CC08E87893321E9102301E0002A8
:2052400003E23E0090E51F76410203E2080003E20A0003E20C0003E20E0003E2120003E242
:20526000140003E2160003E218001A2B03E21C0003E21E0003E2200003E2240003E22600C0
:2052800003E2280003E22A002C2B2D2B2E1E301E321EB10203E2340003E2360003E23A0053
:2052A00003E2220003E210003C2B03E23E0002E8D02F03E2040001E860EA0EE8686603E2BA
:2052C000060001E818CC08E87893321E9102301E000203E23E0090E51F76420203E208006F
:2052E00003E20A0003E20C0003E20E0003E2120003E2140003E2160003E218001A2B03E2C9
:205300001C0003E21E0003E2200003E2240003E2260003E2280003E22A002C2B2D2B2E1E3E
:20532000301E321EB10203E2340003E2360003E23A0003E2220003E210003C2B03E23E0043
:2053400002E8D02F03E2040001E860EA0EE8686603E2060001E818CC08E87893321E9102EE
:205360001F764002002B1F76450203E2080703E20A0603E204051F76440203E2300403E29F
:20538000320303E234021F76450203E206011F764202AFE2BE07AFE2BE06AFE2BE05AFE28C
:2053A000BE04301E03E23E000600BDB2BDAABDA206FEA9860090A81800C0A98200D1009AA6
:2053C000A8280080A30F0D61A8280040A30F0961A9A2076120FF4C010A8FD080487683D90F
:2053E000058F2ED2C440BD56A900EDFF04012276058F0ED2C418FDFF1A7617024076D1C094
:20540000058F08D2C4CC0300A988058F32D2C4CC0200A980A9AAA80E5AFFAB920390A92705
:20542000A792A6CAA988AA2BA9A9A60F12612276058F0ED2C418FEFF1A760C024076D1C079
:20544000A9AA00900391487659CD0B024076D1C02276058F22D2C4CCC0FFC4961A76A82874
:205460000080009AA30F1061A8280040A30F0C61A9A2E0FF8E002276058F0ED2C418FEFF23
:205480001A76EFFF8B00A9AA46AA00907C91012935FF5AFF058F14D24692FF904696452B3F
:2054A0004606ABCAAACB461EA9AA46FF5AFFAB180000AA181F004606ABCAAACB461EC40659
:2054C000009BFF90C4A3468BAB180000AA18001FABCAAACBC4A3AB180000AA181F00ABCA5C
:2054E000AACB058F0ED2A61EC4CC0100A980A9B2A60F0460A792015250612276C418FEFF23
:205500001A760C024076D1C022760129458F14D2A9AAABAA058F0ED2C5B247FFAB1800008E
:20552000AA180300A918007C0091458F16D2C41A01001AFF0100A61EC5CC01000152196100
:20554000058F16D2A6061561C440136D81DEA6061061C4400E6D81DEA6060B61C440096D3D
:2055600081DEA6060661C4CC010081DE0152EB601A76A9AA42A9FF90A818FC0F01D4441ECC
:20558000A9AA0090A81800304876A6A5A959A1920152046125762E6F01D1A292C7FF3F906F
:2055A000A95A22763F520660058F22D2C4923F50086F058F22D2019AC4CDC0FFA294A8CA5A
:2055C000C4961A76A8280080009AA30F07602276058F0ED2C41A02001A7628024076D1C0F1
:2055E0002276058F22D2C4CCC0FFA2CAC4961A76A19286FE69FFBE82BE86BE8B0600BDB285
:2056000002FE1F7649022041ECFF20011F7648020792E0FF1B011F7646023F9205611F7621
:20562000480200920E601F76540000921F769202212B222B1F764602B1563E01E1FFD70009
:205640001F7646023E920452106204524F610052E1FFDB000152E1FFCA000252E1FFA200EF
:2056600003526961EFFFEF0005522B61065206610752E1FFE100EFFFE6001F769202210A4A
:20568000211BE8031F764602BF563901E5FFDE001F76480201921F7692020152212B0B6050
:2056A0001F76540002921F7646020252B1563E03E1FFCC001F764602BF563E07EFFFC6005D
:2056C0001F769202210A1F764602BF563801392B1F769202222B211BB80BE5FFB7001F7642
:2056E0004602BF563E06EFFFAE001F769202210A211BE8031F764602BF563601BF5637017C
:20570000E5FFA4001F76480201921F7692020152212B0B601F76540002921F7646020252AE
:20572000B1563E07E1FF92001F764602BF563E05EFFF8C001F764502AFE20800AFE20A01EB
:20574000AFE2020236D1408F809137D01F76920210E74000210ABF569D0120E71000952BB1
:2057600095E6000012E8000714AD1064211BA861222B6B653ED0A58A1F764802BF5695014F
:20578000002B46DCC41A20005D6F220A221BDC05212B5B65222B1F764602BF563E04556F57
:2057A0001F769202210A21921F764602362B382B372B392B02521F769202222B46651F7671
:2057C000480201921F7692020152212B0A601F76540002921F7646020252B1563E0535612C
:2057E0001F764602BF563E03306F1F76480200921F7646020152362B372B392BB0563E01CA
:20580000B1563E021E6F1F76490217921F764602362B382B372B392B0C601F769202210A04
:20582000211BD00712651F764602BF563E010A6F3E2B086FBF563601BF563701BF5639016C
:20584000382B1F769202212B82FEBE8B0600BDB203E2BD0403E2BD0503E2BD0603E2BD0794
:2058600008FE1F764A02AFE21200AFE2100100E70900AFE2140010E74000007703E21400C0
:20588000AFE2140011E800FC14AD0865AFE21400AFE800E0007703E214001F764B02008F43
:2058A000C09202E84F02AFE2120002E8350402E83300AFE2D4011F764A0208E8DF7E00E301
:2058C000144608E895540DE048C008E8935450E8040008D020E7610120E7E00071E22700EB
:2058E00071E2090071E2000078E2090078E2020078E23E0001E89FF80EE8D76920E7530092
:2059000010E78D0000E7FB004FE828C010E7970120E7340001E856F90DE85E5510E7CA0196
:2059200009E306AF01E89EF8CFE62C000EE8D66900E77801AFE6240005E0288D03E2440055
:2059400003E2300107E304F21F764B0202E8490603E2460608E314A006E346B51BE3F4226E
:2059600008E8D17E01E0C43CC4C410E7BD00AFE2480011E30A6A02C203E2E4050406AFE25D
:20598000040532E8451A061E03E20405AFE2040715E310E802E84A0603E2940508E8D27EEF
:2059A0000ED0AFE208051F764A020AE02A3B03E22E040EE394B80CD01F764B0210E73D00F5
:2059C000AFE2440203E2940515E30C821F764A0203E22C0094E60A0014AD0E651F764B0260
:2059E00002E84806AFE20C0108E8D07E20E70800007703E20C000CD00ED11F764B029406E5
:205A00009C1EAFE20E01AFE20E00080671E2090071E200001F764A0288FE78E2090079E2AB
:205A20000000AFE2BE070C1E03E2040103E20600AFE2BE06AFE2BE05AFE2BE04BE8B0600C6
:205A4000BDB2BDAABDA208FEA9860090A81800C0A98B452B009AA8280080A10F0D61A82850
:205A60000040A10F0961A9B2076120FF6E020A8FD080487683D92276058F18D21702C4186C
:205A8000FDFF4076D1C01A76058F0AD2C4CC0300A988058F32D2C4CC0200A980A9AAA80EA3
:205AA0005AFFAB920390A927A792A6CAA988AA2BA9A9A60F12612276058F18D2C418FEFFD5
:205AC0001A760C024076D1C0A9AA009003914876FFC80B024076D1C0009AA8280080A10FF7
:205AE0000E61A8280040A10F0A61A9B2E0FF8F002276058F18D2C418FEFF466FA9AA48AA5A
:205B000000907C91012935FF5AFF058F1ED24892FF904896472B4806ABCAAACB481EA9AA03
:205B200046FF5AFFAB180000AA181F004806ABCAAACB481EC406009BFF90C4A34882AB189D
:205B40000000AA18001FABCAAACBC4A3AB180000AA181F00ABCAAACB058F18D2A61EC4CCB3
:205B60000100A980A9A2A60F1160A79201520E60009AA8280080A10F49602276C41A0200D5
:205B800003024076D1C01A76416F2276C418FEFF0C024076D1C0458F1ED2058F18D2C5A20A
:205BA000C41A01001A76A9AA058F20D200900391C440FF6C421EABAAA9AAAB18FF00AA187E
:205BC000FC0F00D40090A818003044A94876A6A5005203602576036F45280100009AA828D6
:205BE0000080A10F0B602276058F18D2030269FFC41A02004076D1C01A76459207602276FA
:205C0000058F1ED2C42B1A7625762276A292058F24D2C7FF3F90C4961A7688FE69FFBE82E3
:205C2000BE86BE8B060002FE068F0100A9A848762BD10002421E48768CC700D40002487629
:205C40005BD1068F0102A9A848762BD10002421E010248768CC700D4010248765BD1068FA9
:205C60000104A9A848762BD10002421E020248768CC700D4020248765BD1068F0106A9A8EE
:205C800048762BD10002421E030248768CC700D4030248765BD1068F0108A9A848762BD166
:205CA0000002421E040248768CC700D4040248765BD1068F010AA9A848762BD10002421E9A
:205CC000050248768CC700D4050248765BD1A928010EA828080148762BD10002421E970279
:205CE00048768CC700D4970248765BD1A9280110A828080148762BD10002421E980248760D
:205D00008CC700D4980248765BD1068F0110A9A848762BD10002421E080248768CC700D4D6
:205D2000080248765BD1068F0112A9A848762BD10002421E090248768CC700D409024876A1
:205D40005BD1068F0114A9A848762BD10002421E0A0248768CC700D40A0248765BD1068F84
:205D60000116A9A848762BD10002421E0B0248768CC700D40B0248765BD1068F0118A9A8B7
:205D800048762BD10002421E0C0248768CC700D40C0248765BD1068F011AA9A848762BD141
:205DA0000002421E0D0248768CC700D40D0248765BD1068F011CA9A848762BD10002421E75
:205DC0000E0248768CC700D40E0248765BD182FE060002FE4876AABC03024876DFD74876F3
:205DE000BBD5487613AE487658BF487658CA4876A2CB4876EAD44876A1C0A9280B1E469B3E
:205E000048762BD12F0201D448769CD20002421E2F0248768CC703D42F0248765BD1487642
:205E20003ABB487683D62276058F26D7C41A0100058F2ED7C41A08001A7620FF1E4E4076FE
:205E4000D1C0078F0002C4C41F764702A606017E0097487661CB4876DAD548768AC94876CB
:205E6000CFC94876A2AF4876E2CB4876C9D84876D5D82276058F22D3C406A818FBFFC41EBF
:205E80001A764876AFD8487684D72276058F22D3C4060451C41E1A7648766CD748769ED62F
:205EA000487605D920FF00384876E78A20FF003A4876C08E20FF003C4876999220FF003EBA
:205EC000487672962276A9F500390250A9F40039A9F5003B0250A9F4003BA9F5003D025035
:205EE000A9F4003DA9F5003F0250A9F4003F1A76009A4876C9D74876C2D44876C8D22276F1
:205F0000A9F52270A918FCFFA9F422701A761029202969FF487679A82276559BAA9AA8F4A5
:205F20002570A9F42570A9F529702F50A9F42970A9F52970A9CCBFFF2850A9F429701A7606
:205F400082FE060002FEA9280012A828080148762BD10002421E990248768CC701D49902C7
:205F600048769CD2088F000EA9A848762BD10002421E170248768CC701D4170248769CD29F
:205F8000088F000CA9A848762BD10002421E160248768CC701D4160248769CD2088F000A0E
:205FA000A9A848762BD10002421E150248768CC701D4150248769CD2088F0008A9A8487686
:205FC0002BD10002421E140248768CC701D4140248769CD2088F0006A9A848762BD100027B
:205FE000421E130248768CC701D4130248769CD2088F0004A9A848762BD10002421E1202E9
:2060000048768CC701D4120248769CD2088F0002A9A848762BD10002421E110248768CC730
:2060200001D4110248769CD2088F0000A9A848762BD10002421E100248768CC701D410023E
:2060400048769CD22FFF0004A9BD227F608F0000108F0000C8760000009A809B8476000060
:20606000A9BD027F409BA9BD027FA5BD027FA4BD027F2FFF0004428F0000018F0000A7BDBB
:20608000027FA6BD027F82FEA5BD047FA4BD047FA9BD247F06001F769302140620BE1F768C
:2060A0004902220F485622082203A60F0B671F76930214061F7649022018FDFF240F0D6850
:2060C0000D6F1F76930214C414061F764902201A0200240F22C20267241EA0BE2403A60F10
:2060E0000B671F76930214061F7649022018FBFF260F0D680D6F1F76930214C414061F7601
:206100004902201A0400260F24C20267261E2603008F4001A40F0B671F76930214061F7637
:2061200049022018F7FF280F0D680D6F1F76930214C414061F764902201A0800280F26C261
:206140000267281E2803008F4006A40F0B671F76930214061F7649022018EFFF2A0F0D6873
:206160000D6F1F76930214C414061F764902201A10002A0F28C202672A1E2A03008F800C41
:20618000A40F076705022018DFFF2C0F1266176F1F76930214C401021F764902201A200049
:2061A0002AC201562C0001562E0005022C0F07690A022018BFFF2E0F09660B6F00BE0A0247
:2061C000201A40002E0F2CC2046920187FFF06000002201A80002E1E0600A9BF123D0550D7
:2061E000A9BD123D2276A9F5503C0250A9F4503C1A7600D420FF003C487630D6A9BF143D71
:20620000A91880FF205001D4A9BD143DA9F5083DA918FEFFA9F4083DA9F5073D0150A9F4EF
:20622000073DA9F5063DA918FCFFA9F4063DA9BF063DA818FFFEA9BD063D20FF003C487673
:2062400030D6A9BF143DA9187FC0A91A001102D4A9BD143DA9F5083DA918FDFFA9F4083D9C
:20626000A9F5073D0250A9F4073DA9F5063DA918F3FFA9F4063DA9BF063DA818FFFDA9BDC8
:20628000063D20FF003C487630D6A9BF143DA918FF3FA818E0FF03D4A9BD143DA9F5083DD4
:2062A0000450A9F4083DA9F5063DA918CFFFA9F4063DA9BF063DA818FFFBA9BD063D20FF2B
:2062C000003C487630D6A9BF143DA8181FF000BEA81A4006A9BD143DA9F5083DA918F7FF1F
:2062E000A9F4083DA9F5073D0850A9F4073DA9F5063DA9183FFFA9F4063DA9BF063DA81876
:20630000FFF7A9BD063DA6BD103D2276A9F5003DA918FDFFA9F4003D1A760600A9BF123FD5
:206320000550A9BD123F2276A9F5503E0250A9F4503E1A7600D420FF003E487630D6A9BF23
:20634000143FA91880FF305001D4A9BD143FA9F5083FA918FEFFA9F4083FA9F5073F0150E0
:20636000A9F4073FA9F5063FA918FCFFA9F4063FA9BF063FA818FFFEA9BD063F20FF003E47
:20638000487630D6A9BF143FA9187FC0A91A001902D4A9BD143FA9F5083FA918FDFFA9F4D4
:2063A000083FA9F5073F0250A9F4073FA9F5063FA918F3FFA9F4063FA9BF063FA818FFFD9C
:2063C000A9BD063F20FF003E487630D6A9BF143FA918FF3FA818E0FF03D4A9BD143FA9F56A
:2063E000083F0450A9F4083FA9F5063FA918CFFFA9F4063FA9BF063FA818FFFBA9BD063FB8
:2064000020FF003E487630D6A9BF143FA8181FF000BEA81A0004A9BD143FA9F5083FA918EE
:20642000F7FFA9F4083FA9F5073F0850A9F4073FA9F5063FA9183FFFA9F4063FA9BF063FF2
:20644000A818FFF7A9BD063FA6BD103F2276A9F5003FA918FDFFA9F4003F1A76060003E2A0
:20646000BD040CD090E5408FC09203E2BD051F764B0201E804DA05E8F3FB01E81AC003E216
:20648000BD0602E8311D008F009306E8351D02E8361D03E295000ED003E2080003E29500A3
:2064A0000CD003E2C50003E2D50003E2E50003E2F5000BE8CC9F0BE8C3F80EE835B208E81F
:2064C0007A930FE8613A0FE8663A03E294000ED003E2940010D003E2940012D003E2940002
:2064E00014D003E2940016D003E2940018D003E294001AD003E2940028D003E294002AD0B1
:2065000003E2940030D003E2940032D003E294002CD003E2940002E8401203E20A002ED070
:206520001F764C0290E503E2000003E2020003E2040003E2060003E2200003E2220003E272
:20654000240003E2260003E2340002E8401203E2360001E818C01F764B0208E8789303E219
:20656000100003E2140603E2120506E8301D1F764C020EE830B203E21C0403E23A0003E211
:206580001E0303E2380203E23C0190E503E29400AFE2BE06AFE2BE05AFE2BE0406001B7618
:2065A000F0FFBDC2BDC300E2BD0003E2BD0003E2BD0103E2BD0230E6000602FE4229165672
:2065C000A6F57370A618FEFF01021F769202A6F4737001563C001F7649021F920152726090
:2065E000A9F504401F769202A90EABF563403A01A71EAB92C0FFA988A60EA70F0864A60EDF
:2066000054FFA70F0865A706AB0D046FAB88A706A603A71EA7BD120F00770077007701E80B
:2066200019E189E600000EE851B800E70A00AFE23E0110E789003A7F03E23E01AFE23E0104
:2066400012E8D11F14AD0862AFE23E0126E8D11FA3E23E01036F02E8D11F03E23E0101E83A
:2066600061EE0EE8696600E70800AFE23E0110E74000007712E8401614AD046502E84016DF
:20668000036F26E8401688E6000000770077A6BF120F3A0EA603A61E0864AB0EA60F07624A
:2066A000AB80A606A703026FAB0DA61EABBF6040A6920129AA180000A925ABCAAACBA9BD20
:2066C000604082FEAFE2BE02AFE2BE01AFE2BE0080E2BE00BEC5BEC4F1FF177602761F76FB
:2066E0009202209219610152106102520361202B196F4876FBC5049A4B9B487677C11F76FE
:206700009202BF5620030E6F487600801F769202BF562002076F48764B9A1F769202BF563B
:206720002001487627AC4876B5A11F764C0202E87820AFE22E011F764B020AE80080AFE289
:206740000E021F76920220E75100209200E740001F7646028CE60000035213E235003A6067
:206760001F7648020B9236611F765200068302E8D82002E82B1308D0008F4E9108A30AC5CC
:2067800012C40CE878940AE86B661406941ED4A9C4A00AD0E4C3F4C21606941EAFE22201FA
:2067A0000ED02A06941E1F764B020CD002E30E011F76520003E2940012D000E758002C06B4
:2067C00003E2940010D0941EA92801300A9B487677C11F764A02048A06A308C50AC41F76C9
:2067E00046023E921F765500075208A80AA90CC30EC210601F765400009201520B601F76FE
:206800004A020092C852046448766FD90600000A06001F764A02002B487669D90600A9BF82
:2068200012390550A9BD12392276A9F550380250A9F450381A7600D420FF0038487630D653
:20684000A9BF1439A91880FF01D4A9BD1439A9F50839A918FEFFA9F40839A9F50739015011
:20686000A9F40739A9F50639A918FCFFA9F40639A9BF0639A818FFFEA9BD063920FF003866
:20688000487630D6A9BF1439A9187FC0A91A000102D4A9BD1439A9F50839A918FDFFA9F4F9
:2068A0000839A9F507390250A9F40739A9F50639A918F3FFA9F40639A9BF0639A818FFFDBB
:2068C000A9BD063920FF0038487630D6A9BF1439A918FF3FA818E0FF03D4A9BD1439A9F57D
:2068E00008390450A9F40839A9F50639A918CFFFA9F40639A9BF0639A818FFFBA9BD0639D7
:2069000020FF0038487630D6A9BF1439A8181FF000BEA81A4002A9BD1439A9F50839A918C3
:20692000F7FFA9F40839A9F507390850A9F40739A9F50639A9183FFFA9F40639A9BF063911
:20694000A818FFF7A9BD0639A6BD10392276A9F50039A918FDFFA9F400391A760600A9BF30
:20696000123B0550A9BD123B2276A9F5503A0250A9F4503A1A7600D420FF003A487630D608
:20698000A9BF143BA91880FF105001D4A9BD143BA9F5083BA918FEFFA9F4083BA9F5073BB7
:2069A0000150A9F4073BA9F5063BA918FCFFA9F4063BA9BF063BA818FFFEA9BD063B20FF02
:2069C000003A487630D6A9BF143BA9187FC0A91A000902D4A9BD143BA9F5083BA918FDFF0D
:2069E000A9F4083BA9F5073B0250A9F4073BA9F5063BA918F3FFA9F4063BA9BF063BA818CD
:206A0000FFFDA9BD063B20FF003A487630D6A9BF143BA918FF3FA818E0FF03D4A9BD143BD5
:206A2000A9F5083B0450A9F4083BA9F5063BA918CFFFA9F4063BA9BF063BA818FFFBA9BD2C
:206A4000063B20FF003A487630D6A9BF143BA8181FF000BEA9BD143BA9F5083BA918F7FF47
:206A6000A9F4083BA9F5073B0850A9F4073BA9F5063BA9183FFFA9F4063BA9BF063BA818FA
:206A8000FFF7A9BD063BA6BD103B2276A9F5003BA918FDFFA9F4003B1A76060006FEFF020A
:206AA000421E20FF107248764EC6A9F51B72A91A0040A9F41B72A6F51A72A618FF7FA82878
:206AC000FA02A92880F0A6F41A72A7F51A7207BE008F8025421EA71A008044A820FF107204
:206AE00046C2A7F41A724876A2B7A9F511722350A9F41172A9F51A72A918FF7FA9F41A720A
:206B0000A9F51A72A91A0080A9F41A72A9F51A72A91A0080A9F41A72A9F51A72A91A0060FC
:206B2000A9F41A72A9F51B72A91A0020A9F41B722276088FA0C4A4BDC40D1A761002421E2D
:206B400020FF1072487695CF0102421E20FF1072487628CFA9F51A72A918E0FFA9F41A72C6
:206B6000A9F51B72629BA9CCE0FF0150A9F41B72A9F51172A918DFFFA9F41172A9F511721D
:206B80002050A9F41172A9F51A72A918FFDFA9F41A72A9F51A72A91A0020A9F41A72A9F59F
:206BA0001B72A918FFDFA9F41B72A9F51B72A91A0020A9F41B72A928030948765FCFA928AD
:206BC0000001A9F4E10C86FE060006FEFF02421E20FF207248764EC6A9F52B72A91A00407A
:206BE000A9F42B72A6F52A72A618FF7FA828FA02A92880F0A6F42A72A7F52A7207BE008F19
:206C00000096421EA71A008044A820FF207246C2A7F42A724876A2B7A9F521722350A9F409
:206C20002172A9F52A72A918FF7FA9F42A72A9F52A72A91A0080A9F42A72A9F52A72A91A5C
:206C40000080A9F42A72A9F52A72A91A0060A9F42A72A9F52B72A91A0020A9F42B722276F5
:206C6000088FC7BFA4BDB80D1A761002421E20FF2072487695CF0102421E20FF207248762A
:206C800028CFA9F52A72A918E0FFA9F42A72A9F52B725C9BA9CCE0FF0150A9F42B72A9F53B
:206CA0002172A918DFFFA9F42172A9F521722050A9F42172A9F52A72A918FFDFA9F42A728F
:206CC000A9F52A72A91A0020A9F42A72A9F52B72A918FFDFA9F42B72A9F52B72A91A00202C
:206CE000A9F42B72A928050848765FCF809AA9F4E10C86FE060006FEFF02421E20FF30723C
:206D000048764EC6A9F53B72A91A0040A9F43B72A6F53A72A618FF7FA828FA02A92880F079
:206D2000A6F43A72A7F53A7207BE008F0096421EA71A008044A820FF307246C2A7F43A723E
:206D40004876A2B7A9F531722350A9F43172A9F53A72A918FF7FA9F43A72A9F53A72A91A49
:206D60000080A9F43A72A9F53A72A91A0080A9F43A72A9F53A72A91A0060A9F43A72A9F520
:206D80003B72A91A0020A9F43B722276088F34C0A4BDBC0D1A761002421E20FF307248764B
:206DA00095CF0102421E20FF3072487628CFA9F53A72A918E0FFA9F43A72A9F53B725E9B1F
:206DC000A9CCE0FF0150A9F43B72A9F53172A918DFFFA9F43172A9F531722050A9F43172B3
:206DE000A9F53A72A918FFDFA9F43A72A9F53A72A91A0020A9F43A72A9F53B72A918FFDF01
:206E0000A9F43B72A9F53B72A91A0020A9F43B72A928070848765FCF809AA9F4E10C86FEBC
:206E200006001F7649022044ECFF8D001F7693021C9203520A620352166100522061015205
:206E40001A6102521461216F0452076105521D601F7645023C92046F1F7645023A92487649
:206E6000B6C8126F1F76450239920C6F1F7645023892086F1F7645023792046F1F764502E0
:206E8000369248766DC8A980013B1F769302807694A403561C01A607A983008FB4A4A78518
:206EA0000156C500A9A81C81A98AC40AC492035242641C9203520A6203521B610052316152
:206EC0000152276102521D61336F04520A6105522F600AD01F764602960641FF2D96286FCF
:206EE0001F7692021C061F76460241FF2C96206F1F7692021A061F76460241FF2A96186F2C
:206F00001F76920218061F76460241FF2996106F1F76920216061F76460241FF2896086F38
:206F20001F76920214061F76460241FF2B960002C42BC51E1F7693021C0A1C9204520264A2
:206F40001C2B0600BDB2BDAABDA202FEA98B20FF00724EC450824C86A10F42C20D6120FFF3
:206F60001072A10F096120FF2072A10F056120FF3072A10F0360019A06600A8F268239025D
:206F8000487683D9420606600A8F26823A02487683D9420633FFA20F06690A8F26823B027A
:206FA000487683D920FF0072A10F0D6120FF1072A10F096120FF2072A10F056120FF3072C5
:206FC000A10F0360019A076020FF23020A8F4882487683D94206A2BD160F32FFA9BD1E0F4B
:206FE0000077007792E5A18A64E564E564E564E564E564E564E564E50ADCA6BF160FC4186D
:20700000FFBF0129C918FCFF81DEA60647FFFF90D196A692FF90D996C1CC18FFA39820FF31
:207020000072C17BA10F0D6120FF1072A10F096120FF2072A10F056120FF3072A10F03602E
:20704000019A076020FF08020A8F4882487683D9C91A230082FEBE82BE86BE8B0600BDB2C0
:20706000A98BBDAA20FF0072BDA2A486A55BA10F0D6120FF1072A10F096120FF2072A10F21
:20708000056120FF3072A10F0360019A06600A8F26826702487683D920FF0072A10F0D6142
:2070A00020FF1072A10F096120FF2072A10F056120FF3072A10F0360019A076020FF110345
:2070C0000A8F4882487683D90AD0914E266DA3924C6181DB20FF0072A10F0D6120FF107259
:2070E000A10F096120FF2072A10F056120FF3072A10F0360019A076020FF99030A8F4882BB
:20710000487683D9E147E76CA2C509D087929196A7860B00E1FF296FA392276181DB20FF72
:207120000072A10F0D6120FF1072A10F096120FF2072A10F056120FF3072A10F0360019ACE
:20714000076020FFB6030A8F4882487683D90AD091CC001FC7FF0F52E361A2C509D0879259
:207160009196A7860B00DDFFBE82BE86BE8B06002276A9F50174A9CCF0FF0650A9F401748A
:207180001A7640D400D520FF0074487645CE2276A9F500740450A9F40074A9F50074805021
:2071A000A9F400741A76012920FF3E9C4076D1C02276A9F50274529BA918FF7FA9F40274D9
:2071C000A9F50974A9CCE0FF0650A9F40974499AA9BD1074A9BF0A74A918FCFFA9BD0A747D
:2071E000A9284980529BA9BD1274A9BF0A74A918F3FFA9BD0A74499A519BA9BD1474A9BF7A
:207200000A74A918CFFFA9BD0A74A9284980509BA9BD1674A9BF0A74A9183FFFA9BD0A743F
:20722000A9284980519BA9BD1874A9BF0A74A918FFFCA9BD0A74499A529BA9BD1A74A9BF24
:207240000A74A918FFF3A9BD0A74A9F50774A9CCF0FF0550A9F407741A76019AA9F40474EF
:207260002276A9F50774A918BFFFA9F40774A9F507742050A9F407741A76060004FEA61EC9
:20728000058F0AD2C406009B039058FF0560A9288096989BA61E058F18D203B6C406009B50
:2072A0000390A70F3360058F1ED2C406009BFF90AC1EA6064456A900A61EAC281800C40647
:2072C0002256A6BD160F5AFFAA2BAB921F90A927A9A901095AFFC406A80E009B1F9001093B
:2072E000AC1E0556AB00ABBD1E0F00770077007792E564E564E564E564E564E564E564E54E
:2073000064E50077A9BF160FA61E058F24D2C406009B0790A71E0402A70F1869A72D0102FD
:20732000A6BD160F3B56A9BD1E0F00770077007792E564E564E564E564E564E564E564E5C6
:2073400064E50077A9BF160F196FA70F0767A606A9BD160FA7BD1E0FEC6FA928ABAAA8281B
:20736000AAAAAC1E4756A600A7A9A6060556A900AC282100A7065B56A9A984FE06002276E7
:20738000408FF0B2008F0014C47D408F5EB9008F0114C47D408F66B9008F0214C47D408F2A
:2073A0006EB9008F0314C47D408F76B9008F0414C47D408F7EB9008F0514C47D408F86B9DC
:2073C000008F0614C47D408F4EB9008F0714C47D088F06D8A9F510140450A9F41014A9F518
:2073E0002514FF50A9F42514A4BDE00D088F55D8A4BDE20D088F64D8A4BDE40D088F73D8C6
:20740000A4BDE60D088F82D8A4BDE80D088F91D8A4BDEA0D088FA0D8A4BDEC0D088F17D88A
:20742000A4BDEE0D1A76709BA928010B48765FCFA928020B719B48765FCFA928030B729BCA
:2074400048765FCFA928040B739B48765FCFA928050B749B48765FCFA928060B759B4876DA
:207460005FCFA928070B769B48765FCFA928080B779B48765FCF23760004060005520C62B4
:207480000552346101526261025254610352466104523861666F06521D6107520F61085228
:2074A0006060005306601F7693020A187FFF596F1F7693020A1A8000546F005306601F76E2
:2074C00093020A18BFFF4D6F1F7693020A1A4000486F005306601F7693020A18DFFF416FA3
:2074E0001F7693020A1A20003C6F005306601F7693020A18EFFF356F1F7693020A1A10007E
:20750000306F005306601F7693020A18F7FF296F1F7693020A1A0800246F005306601F7602
:2075200093020A18FBFF1D6F1F7693020A1A0400186F005306601F7693020A18FDFF116FB4
:207540001F7693020A1A02000C6F005306601F7693020A18FEFF056F1F7693020A1A01009B
:207560001F7693020A920B5406610B960A93029A48765AD5009A060005520C620552346167
:2075800001526261025254610352466104523861666F06521D6107520F6108526060005300
:2075A00006601F7693020E187FFF596F1F7693020E1A8000546F005306601F7693020E1831
:2075C000BFFF4D6F1F7693020E1A4000486F005306601F7693020E18DFFF416F1F76930227
:2075E0000E1A20003C6F005306601F7693020E18EFFF356F1F7693020E1A1000306F0053A9
:2076000006601F7693020E18F7FF296F1F7693020E1A0800246F005306601F7693020E1830
:20762000FBFF1D6F1F7693020E1A0400186F005306601F7693020E18FDFF116F1F76930238
:207640000E1A02000C6F005306601F7693020E18FEFF056F1F7693020E1A01001F7693028E
:207660000E920F5406610F960E93029A48767BD5009A060002FE2276058F38D2458F38D2FC
:20768000C4CC0FFFC596C41A30001A76C69BA9280E1248762BD1A9280E14C69B48762BD139
:2076A000A9280E1AC69B48762BD1A9280E1CC69B48762BD1A9280E12C89B48762BD1A928C1
:2076C0000E14C89B48762BD1A9280E16C89B48762BD1A9280E18C89B48762BD1A9280E0C5A
:2076E000C89B48762BD1A9280E04C89B48762BD1A9280E06C89B48762BD1A9280E08C89B21
:2077000048762BD1A9280E0AC89B48762BD1A9280E02C89B48762BD10E9AC89B48762BD1E6
:20772000A9280E10C89B48762BD1A9280E1EC69B48762BD101D46C0248769CD20102421E53
:207740006C0248768CC7008F0010A4BD1A7F770201D448769CD20102421E770248768CC7AA
:20776000009A809BA9BD1A7F82FE06001B76F0FF0500BDABBDA8BDA0BDC2BDC300E2BD0082
:2077800003E2BD0003E2BD0103E2BD0203E2BD0330E600060AFE69FF42291656AD5CAD5DE5
:2077A0001F76930201028ADC88DDA488AD5C1A2BBF564101A55D86DCA45CBF56420144C23E
:2077C000487620D446060DFF0100A61E0202A60F1D610302A60F0B610402A60F2560488372
:2077E0004A06008F00924876F7D51E6F48834A06008F00A34876F7D51F7692024A92BF5610
:2078000030011F7692022F960F6F48834A06008F00A14876F7D51F7692024A92BF562A01B1
:207820001F76920229961F76002A228A010280760004C41EA6F4E10C8AFEAFE2BE03AFE224
:20784000BE02AFE2BE01AFE2BE0080E2BE00BEC5BEC4BE83BE8ABE870300303BF1FF1776EB
:2078600002768052A9881C6280525D610852116208526561A680012920FF0080A70F3B6151
:20788000A692015265610252606104525B612D6F1052526120524D6140524861266FA61B0E
:2078A00000081462A61B00083261A68020FF0001A70F3661A68020FF0002A70F2E61A688A1
:2078C00020FF0004A60F2661106FA68020FF0010A70F1A61A68020FF0020A70F1261A68888
:2078E00020FF0040A60F0A610A8FAC826E02487683D906002F76FF7F06002F76FFBF060020
:207900002F76FFDF06002F76FFEF06002F76FFF706002F76FFFB06002F76FFFD06002F76B3
:20792000FFFE06002F767FFF06002F76BFFF06002F76DFFF06002F76EFFF06002F76F7FFF5
:2079400006002F76FBFF06002F76FDFF06002F76FEFF060002FE2276A9F529706850A9F409
:2079600029701A76498F0080A8280000008F00C0A928D5004876F7D5058F00FB458F00F8DC
:2079800042A8A9A003D4407600C0066F012920FF3E9C4076D1C002E8400E48764CD600521E
:2079A000F661209AA82887904876D5A92276058F2CD2C406A918F8FF0250C41E1A76289A61
:2079C000A8288581487620AD2276058F38D2458F38D2C4CCF0FFC596C492C4961A76A82848
:2079E0007D01A9284078487696BDA61EA92800C2A828EB0BA60F0361487683D9A928407896
:207A0000A8287D01487636D5A61EA92880F0A828FA02A60F0361487683D9A9284078A828F2
:207A20007D0148763EB9A61EA9284059A8287307A60F0361487683D9487612A74876BBD5A3
:207A400082FE0600BDB2A98B0090A81800FE58FF1861A9B20090A81800FFA61E2FFF00043F
:207A6000A60F0F612FFF0006A60F0B6100020119A10F076120FF03030A8FD482487683D92A
:207A8000A9B20090A81800FFA61E2FFF0002A60F0B64A60F3A61013B2FFF00FEA60F0D6149
:207AA000A60636612A6F2FFF0004A60F2B612FFF0006A60F2461216F0F02058F14F4C40FF9
:207AC0001C60FF9AA8280001058F34F4C40F1560A928FFFFA8280002058F54F4C40F0D60FF
:207AE000A928E703A8280003058F74F4C40F0560A928FFFFFF9B0F6F00020D6F058F74F463
:207B0000096F058F54F4066F058F34F4036F058F14F4C406ABB2AACF00BEABCEAA18FF003A
:207B2000AB0FB156A601BE8BA692060002FE058F2ED25AFFC440666D058F08D2C406009BBF
:207B40000390A918FDFF58FF0560AB288096AA289800058F0ED203BEC406009B0390A60FE4
:207B60003160058F14D2C406009BFF90AC1E0556AB00AC281800C4062256ABBD160F421E1B
:207B800042921F904296412B42060109421EC406A80E009B1F900109AC1E42064456A90043
:207BA000A9BD1E0F00770077007792E564E564E564E564E564E564E564E564E50077ABBF2D
:207BC000160F058F22D2C406009B3F9058FF1E61C406ABBD160F0356A9017F90A90EA9BD68
:207BE0001E0F00770077007792E564E564E564E564E564E564E564E564E50077ABBF160F2E
:207C0000056FAB288096AA28980082FEA9A906002276A9F58174A9CCF0FF0650A9F481744E
:207C20001A7640D400D520FF8074487645CE2276A9F580740450A9F48074A9F58074805076
:207C4000A9F480741A76012920FF3E9C4076D1C02276A9F58274519BA918FF7FA9F48274AF
:207C6000A9F58974A9CCE0FF0650A9F48974A9284980A9BD9074A9BF8A74A918FCFFA9BD99
:207C80008A74A9284980509BA9BD9274A9BF8A74A918F3FFA9BD8A74499A519BA9BD94743B
:207CA000A9BF8A74A918CFFFA9BD8A74A9284980529BA9BD9674A9BF8A74A9183FFFA9BDA9
:207CC0008A74499A529BA9BD9874A9BF8A74A918FFFCA9BD8A74A9284980519BA9BD9A74E4
:207CE000A9BF8A74A918FFF3A9BD8A741A7606002276A9F50175A9CCF0FF0650A9F40175F8
:207D00001A7640D400D520FF0075487645CE2276A9F500750450A9F40075A9F50075805091
:207D2000A9F400751A76012920FF3E9C4076D1C02276A9F50275519BA918FF7FA9F402754B
:207D4000A9F50975A9CCE0FF0650A9F40975A9284980A9BD1075A9BF0A75A918FCFFA9BDB4
:207D60000A75A9284980579BA9BD1275A9BF0A75A918F3FFA9BD0A75499A519BA9BD1475CE
:207D8000A9BF0A75A918CFFFA9BD0A75A9284980529BA9BD1675A9BF0A75A9183FFFA9BDC4
:207DA0000A75499A529BA9BD1875A9BF0A75A918FFFCA9BD0A75A9284980519BA9BD1A757E
:207DC000A9BF0A75A918FFF3A9BD0A751A7606002276A9F58175A9CCF0FF0650A9F4817515
:207DE0001A7640D400D520FF8075487645CE2276A9F580750450A9F48075A9F580758050B1
:207E0000A9F480751A76012920FF3E9C4076D1C02276A9F58275519BA918FF7FA9F48275EA
:207E2000A9F58975A9CCE0FF0650A9F48975A9284980A9BD9075A9BF8A75A918FCFFA9BDD3
:207E40008A75A9284980509BA9BD9275A9BF8A75A918F3FFA9BD8A75499A519BA9BD947574
:207E6000A9BF8A75A918CFFFA9BD8A75A9284980529BA9BD9675A9BF8A75A9183FFFA9BDE3
:207E80008A75499A509BA9BD9875A9BF8A75A918FFFCA9BD8A75A9284980519BA9BD9A751F
:207EA000A9BF8A75A918FFF3A9BD8A751A76060002FEA9280002A828080148762BD1000245
:207EC000421E910248768CC700D4910248769CD22AFF014248762BD10002421E9202487631
:207EE0008CC700D4920248769CD2A9280006A828080148762BD10002421E930248768CC729
:207F0000930200D448769CD22AFF852148762BD10002421E4A0248768CC700D44A024876A6
:207F20009CD22BFFC31048762BD10002421E4C0248768CC700D44C0248769CD22BFFC11012
:207F400048762BD10002421E440248768CC700D4440248769CD229FF034348762BD100023E
:207F6000421E430248768CC700D4430248769CD229FF054348762BD10002421E4502487675
:207F80008CC700D4450248769CD282FE06001B76F0FF0500BDABBDA8BDA0BDC2BDC300E231
:207FA000BD0003E2BD0003E2BD0103E2BD0203E2BD0330E6000602FE69FF42291656000219
:207FC0001F769202281B00012C1E1A63A9F52B72C7FF1F900760A9F52572A947F86C00BE0F
:207FE000056FA9F52772FF90A988008F00A0013B1F769202A9A82881A98A280AC47EA6F546
:208000002B72A61A00401002421E20FF2072A6F42B7248764EC620FF20724876D9C7A9409F
:208020000C6C0102421E20FF207248764EC6A9F521722350A9F42172809AA9F4E10C82FEEA
:20804000AFE2BE03AFE2BE02AFE2BE01AFE2BE0080E2BE00BEC5BEC4BE83BE8ABE870300E8
:20806000303BF1FF177602761B76F0FF0500BDABBDA8BDA0BDC2BDC300E2BD0003E2BD00B1
:2080800003E2BD0103E2BD0203E2BD0330E6000602FE69FF4229165600021F7692022E1B25
:2080A0000001321E1A63A9F53B72C7FF1F900760A9F53572A947F86C00BE056FA9F53772B9
:2080C000FF90A988008F00A2013B1F769202A9A82E81A98A2E0AC47EA6F53B72A61A004055
:2080E0001002421E20FF3072A6F43B7248764EC620FF30724876D9C7A9400C6C0102421E51
:2081000020FF307248764EC6A9F531722350A9F43172809AA9F4E10C82FEAFE2BE03AFE2D1
:20812000BE02AFE2BE01AFE2BE0080E2BE00BEC5BEC4BE83BE8ABE870300303BF1FF177602
:20814000027602FE29FF054448762BD10002421E550248768CC700D4550248769CD229FF33
:208160000B4448762BD10002421E5B0248768CC701D45B0248769CD22AFF034248762BD1A0
:208180000002421E960248768CC7960201D448769CD2A928000AA828080148762BD10002CB
:2081A000421E950248768CC701D4950248769CD229FF0D4448762BD10002421E5D0248766D
:2081C0008CC701D45D0248769CD22BFF031148762BD10002421E5C0248768CC700D45C02F1
:2081E00048769CD204D455024876FBD004D45B024876FBD004D496024876FBD004D4950275
:208200004876FBD004D45D024876FBD004D45C024876FBD082FE0600BDB2AB2BAA280001B8
:20822000BDAAA459A9860090A81800FFAB0F076120FF5D010A8FD482487683D9A9AAFF91D1
:20824000A98600D40102A20F3A610129A9AA40FFA98602DC0102A20F3261A9AA40FFA986FB
:2082600002DC0102A20F2B61A9AA40FFA98602DC0102A20F2461A9AA40FFA98602DC010266
:20828000A20F1D61A9AA40FFA98602DC0102A20F1661A9AA40FFA98602DC0102A20F0F6122
:2082A000A9AA40FFA98602DC0102A20F0861A9AA40FFA98602DC0102A20FC9602276A42D1D
:2082C0000302458F24F4A127AA2B3B56058F24F455FFC5CECDCFA61EA9A93B565AFFA606A4
:2082E000ABCAAACBC41E1A76BE86BE8B0600BDB2BDAA06FE1F769302A95AA8591B92086171
:208300006402487628D81F7693021B92FA60A21B0130BF561B012961A29202521B61035206
:208320000E6104522D60013B408F8091038F0090A1854876F7D5008F0410246F013B408FBC
:2083400000A2038F0090A1854876F7D5008F0310196F013B408F00A0038F0090A1854876CE
:20836000F7D5008F02100E6F013BA185408F4E91038F009030FF4876F7D5008F0130A29234
:208380001B6142A8013B038F0090A18501D544A8461E01D401024876BBD108021F76002AE2
:2083A0002207A98AC440086C08022207A98AC40601F0A940F36C86FE1F769302BE861B2B48
:2083C000BE8B06000652116206523561035208620352426101525061025248610600045281
:2083E000336105525561060007521E610852156109520C610A52506001530361009B026F96
:20840000019B039A48763EBA060001530361009B026F019B029AF76F01530361009B026F41
:20842000019B019AF06F01530361009B026F019B059A076F01530361009B026F019B069A31
:208440004876BCBA060001530461108F0000086F108F00001F6F01530661208F0000A4BD1B
:20846000047F0600208F0000156F01530361409B066F409B096F01530661809B009AA9BD0F
:20848000047F0600809B009AA9BD027F0600088F0000A4BD027F0600A9288E114A8F0000E9
:2084A000A8280000008F00A84876F7D5049AA828000348761BC3049AA8280003487622BD10
:2084C0000052FA61029AA828000348761BC3029AA8280003487622BD0052FA61209AA828A1
:2084E000000101D448760CC12276058F26F4C41A2000CC1A00011A76409AA828000101D4E0
:2085000048760CC12276058F26F4C41A4000CC1A00011A76809AA828000101D448760CC1AA
:208520002276058F26F4C41A8000CC1A00011A76019AA828000101D448760CC12276058F28
:2085400026F4C418FEFFCC18FFFE1A76029AA828000101D448760CC12276058F26F4C418C8
:20856000FDFFCC18FFFE1A76060020FFD0074076D1C000D0AC2B03BE00D5C57630D220FFB2
:20858000FF01C70F0D67058F30D2C4A3AA1A0100C7A9C4A3AA18FEFFC4A9C70FF768058F03
:2085A00030D2A828FF03C4553661268FA02501DDA9A8A50F2C68058F30D2A828FF03C455C5
:2085C0002A61268FA02501DDA9A8A50F2068058F30D2A828FF03C4551E61268FA02501DDD3
:2085E000A9A8A50F1468058F30D2A828FF03C4551261268FA02501DDA9A8A50F0868058FA5
:2086000030D2A828FF03C455D160056FA09303530D60AC2BA09303530960058F30D2A828A3
:20862000FF03C4550360AC28010001D800D50E00A8FFAC920600BDB2A98B0090A81800FE4F
:2086400058FF1861A9B20090A81800FFA61E2FFF0004A60F0F612FFF0006A60F0B6100022E
:208660000119A10F076120FFBB020A8FD482487683D92276A9B20090A81800FFA61E2FFFAF
:208680000002A60F0B64A60F2F61013B2FFF00FEA60F0D61A6062B61306F2FFF0004A60F26
:2086A00020612FFF0006A60F1961276F0F02058F12F4C498458F52F4CC99FF02058F32F4FF
:2086C000C498CC99058F72F4C506A91AFFFFC51EC406A91AE703C41E106F058F72F4096F26
:2086E000058F52F4066F058F32F4036F058F12F4A9B2C498FF91CC991A76BE8B060003E2F5
:20870000BD0402FE1F7649022043596C1F764402AFE20202AFE2000001E863EE1F76490275
:20872000C8E208040EE86B6620E7810000E71B0195E6090094E6190014AD31621F764402EB
:20874000AFE2040420E71201007795E6120094E61A0014AD246220E72000007795E600006E
:2087600094E6180014AD1B62B0E81B48007794E6190014AD096494E61A0014AD056494E6BE
:20878000180014AD0F631F76920202920665FF9C645202960C63136F022B116F1F769202B6
:2087A000020A1F7692020292645209641F764702051A04001F769202BF56026482FEAFE217
:2087C000BE040600BDB2A98B20FF0074A10F0D6120FF8074A10F096120FF0075A10F0561A6
:2087E00020FF8075A10F0360019A06600A8FF8827902487683D9C9CC4000078F3802A92734
:20880000A9285A5AC4543C6020FF8074A10F126120FF0075A10F0B6120FF8075A10F046110
:20882000C7762801096FC7764C01066FC7764001036FC7763401227605BE00D509B5A60065
:20884000A9B2A50DA98A878770D002DD94AB00770077AB921460A18AA18370DC72DDC40619
:208860000090C41EA18AC50678D9009076DCC51EC4060090C41EC1060090C11E1A76BE8B2F
:20888000060006FE487667D08076350C408F350C008F350C20FF004142C244A001D546A8B6
:2088A00001D44876CB858076350C408F350C008F350C20FF004242C244A001D546A801D4DC
:2088C0004876CB858076350C408F350C008F350C20FF004342C244A001D546A801D44876D2
:2088E000CB858076350C408F350C008F350C20FF004442C244A001D546A801D44876CB851F
:208900008076350C408F350C008F350C20FF004542C244A001D546A801D44876CB85008FBE
:20892000350C8076350C408F350C20FF004642A800D444C246A001D54876CB8586FE060032
:208940001B76F0FF0500BDABBDA8BDA0BDC2BDC300E2BD0003E2BD0003E2BD0103E2BD02E1
:2089600003E2BD0330E6000602FE69FF4229165600021F769302081EA9F51B72C7FF1F9005
:208980000660A9F51572A947F86C036FA9F51772A6F51B72A61A00401002421E20FF107224
:2089A000A6F41B7248764EC620FF10724876D9C7A9400C6C0102421E20FF107248764EC688
:2089C000A9F511722350A9F41172A9280001A9F4E10C82FEAFE2BE03AFE2BE02AFE2BE0114
:2089E000AFE2BE0080E2BE00BEC5BEC4BE83BE8ABE870300303BF1FF1776027690E51F76C8
:208A00004C02BDB20CD0008F009303E2000003E2020003E2040003E2060003E2200003E211
:208A2000220003E2240003E2260003E2940091E52CD11F76470292E50ED0032B042B052B54
:208A4000062B072B082B092B0A2B03E294001F764602BF563F0110D003E29C011F764C0227
:208A600003E2940012D003E2940014D003E2340203E2940016D003E2940018D003E29400EA
:208A80001AD003E2940028D003E294002AD003E2940030D003E2940032D003E294002ED09D
:208AA00003E29400BE8B060002FE1F76490220434E6C1F76490201E860EEC8E206011F7694
:208AC00044020EE8686600E74000AFE2060394E6030014AD2C64AFE2080194E6010014AD27
:208AE0002664AFE20A0194E6010014AD206490E80048AFE2000194E6010014AD0D62AFE202
:208B0000020194E6010014AD0762AFE2040194E6010014AD0F651F76920200920665FF9CA6
:208B2000645200960C63136F002B116F1F769202000A1F7692020092645209641F7647025E
:208B4000051A02001F769202BF56006482FE0600BDB2A98B20FF0074A10F0D6120FF807465
:208B6000A10F096120FF0075A10F056120FF8075A10F0360019A06600A8FF882C002487676
:208B800083D9C9CC4000A927C9CC8000A98020FF8074A10F0F6120FF0075A10F096120FF96
:208BA0008075A10FB056A600B156A603046F02BE026F01BE009BAB92078F38024052B15610
:208BC000A8010356A802A672A9285A5AC4541260078F5801A9A8A60DA98AC493A7920460A8
:208BE000D7FF0460076FFF91056122763BD091971A76BE8B06001F76450203E2BD04AFE212
:208C00000401AFE202001F76440203E2BD05AFE2260203E2BD06AFE22C0300E31E60AFE227
:208C20002001AFE22E0512E0BD07AFE222071EE3240114E3284E50E807B21CE32A4A16E0F2
:208C4000309001E81BD450E80EB28CE63F0008E87B931AE032918CE6360050E815B208E089
:208C600034DA1F76450250E81CB28CE62D0003E206031F7646028CE6240013E2180713E2FB
:208C8000190613E21A0513E22304AFE2BE07AFE2BE06AFE2BE05AFE2BE040600BDB2A98B8A
:208CA00020FF0072BDAA4886A10F0D6120FF1072A10F096120FF2072A10F056120FF30728D
:208CC000A10F0360019A076020FF66010A8F2682487683D9A292A940096DA941076DA945BF
:208CE000056DA946036DA9471D6C20FF0072A10F0D6120FF1072A10F096120FF2072A10F5F
:208D0000056120FF3072A10F0360019A076020FF22050A8F4882487683D9C918DFFFC91AB2
:208D20002000A292A943056CA18A0ADCC41A4000A944046C0BD9C11A4000BE86BE8B060064
:208D40001F769302130A131B01002260129218610152116102520661428F0000A5BD027FCA
:208D6000056F428F0000A5BD047F018F0000A4BD027F0E6F428F0000A5BD027F056F428FE1
:208D80000000A5BD047F018F0000A4BD047F13923A52256542521A63008F7691013BA6F541
:208DA000030BA9A81281A98AC47EA6F5040B008F7A91A9A81281A98AC47EA6F5240B008F56
:208DC0007092A9A81281A98AC47E139264520764120A129204520264122B132B060002FE75
:208DE0001F7649022043496C1F76490201E860EEC8E205011F7644020EE8686600E74000EE
:208E0000AFE2060194E6010014AD2762AFE2080294E6020014AD2162AFE20A0394E603007F
:208E200014AD1B62B0E80048007794E6010014AD096494E6020014AD056494E6030014AD10
:208E40000F631F76920200920665FF9C645200960C63136F002B116F1F769202000A1F762F
:208E600092020092645209641F764702051A01001F769202BF56006482FE0600BDB25AFFBB
:208E8000BDAA0876303BBE920190AA93A959205318670D53396810533766AA92FF9CA92DC2
:208EA000019A66FFA620A9935FFFA6CFA8230077007700770077007769FF487631BC246F19
:208EC000A9A9012947FFFF90FF9CA988A8287106A6950356A801A95CAB92FF90FF9CA92DAF
:208EE000019A66FF5EFFC4C000770077007700770077019BA62D67FFA85A69FFA29248760D
:208F000031BCA2F4E10CA1920152046108763029BE92BE86BE8B0600BDB2A98BA802BDAA88
:208F20004886A10F06670A8F1681B302487683D9A9B2A918E0FF30FF1AFF1F00A98AA61EEE
:208F4000A1921F90A92D01023B565AFF2276A292A942076DA9A912DC55FFC4C0CCC1066F27
:208F600012DCAB92AA93C498CC99A292A940086DA68AAB92AA930CDCC498CC99076FA68A3D
:208F8000A9A955FF0CDCC4C0CCC1A292A941086DA68AA9A955FF10DCC4C0CCC1076FA68A26
:208FA000AB9210DCC498AA92CC981A76BE86BE8B0600BDB2BDAAA98600D120FF0072A20F51
:208FC0000D6120FF1072A20F096120FF2072A20F056120FF3072A20F0360019A076020FFA9
:208FE00031010A8F2682487683D9E24704024856A10DEA47A9B201504856A10DEA46036DA0
:20900000EA45046CA9B20250A98B0AD0A9B2924708504856A10D0BD09247A9B21050485611
:20902000A10DEA44A9B220504856A10DEA43A9B240504856A10DEA42A9B280504856A10D36
:20904000BE86A9B2BE8B060002FE1F764402AFE2000012E8E01614AD3F65AFE2020012E8D4
:20906000E01614AD3965AFE2040012E8E01614AD33651F765200AFE20600A0E514AD26656E
:209080001F764902AFE23600A0E514AD1F631F765200AFE20800A0E514AD0663AFE20A0097
:2090A000A0E514AD10621F7692020A0A0A92C8520D651F764702051A08001F769202BF5650
:2090C0000AC8046F1F7692020A2B1F76520006061F764902361E82FE0600A90EA9BD120F02
:2090E00000770077007700778BE6010000774EE8091002E85037D0E80A280BE8000000E727
:2091000040000077007774E281000077007701E888CA0DE8B8B800E740004876F0CE01E830
:20912000C1CC01E8DADA0DE8B9C200E708000EE87A7810E78000007701E801FC74E209008B
:209140000077007702E8401C0CE8989920E7080000778FE800C0007750E8004800778CE619
:20916000000000770077A9BF120F0600A90EA9BD120F00770077007700778BE6010000776F
:209180004EE8091002E85037D0E80A280BE8000000E740000077007774E281000077007758
:2091A00001E888C60DE8B8B800E740004876F0CE01E821CC01E8DADA0DE861D900E70800DF
:2091C0000EE87A7810E78000007701E801FC74E209000077007702E8401C0CE8989920E714
:2091E000080000778FE800C0007750E8004800778CE6000000770077A9BF120F06002276C4
:2092000058FFA61E3C61018F0000A9A8A60F2161028F0000A9A8A60F2C61038F0000A9A877
:20922000A60F3160458F08D2058F32D2C518EFFFC41A02004876B5C200520460257600521F
:20924000FE61058F0AD2C4CCFCFF0150C4961B6F458F08D2058F32D2C518EFFFC418FDFF96
:209260004876B5C20052EE6025760052FE61EA6F058F0AD2C4CCFEFF0250E96F058F0AD25D
:20928000C418FCFF1A7669FF06001F76540000921E611F76490220432E6C1F7648021092A1
:2092A0001F769202245411612454096224542363059B247524542A5624021D6F24080500A6
:2092C00024542A562404176F2496156F1F76520002E8D820AFE222010CE8789400E7400006
:2092E000007750E8004800778CE600001F76920213E224001F76920201E860EEC8E224011D
:20930000009A0EE8686600E740001F76550003E20200060002FE2AFF872148762BD1040260
:20932000421E4E0248768CC701D44E0248769CD229FF0D4348762BD10402421E4D02487676
:209340008CC701D44D0248769CD229FF014448762BD10002421E510248768CC7510200D456
:2093600048769CD220FFE803487628D801D44E0248769CD201D44D0248769CD24876EDD6D7
:20938000069A009B48765AD5079AFF9B48765AD5029AFF9B48765AD5009A82FE060002FE3A
:2093A00029FF032448762BD10402421E330248768CC701D4330248769CD22AFF01124876C8
:2093C0002BD10402421E320248768CC701D4320248769CD229FF012448762BD10002421E48
:2093E000310248768CC7310200D448769CD220FFE803487628D801D4330248769CD201D423
:20940000320248769CD2487607D7069A009B48767BD5079AFF9B48767BD5029AFF9B4876CA
:209420007BD5009A82FE06004876E9AE1F7648020C9209602276559BAA9AA8F42570A9F4E7
:2094400025701A7648764BB04876B0A34876F4D2008F0092F4921A61CC921661D4920252E8
:20946000106101520B610352066100520F6048761BCD0C6F4876FFCF096F4876CBCF066F4D
:20948000487645C9036F487633D0487611B74876FFAA48769BCA4876CBD34876F6D348761C
:2094A00037D8487646D81F7648020C92C461CB6F02FE088F0018A9A848762BD10002421EC9
:2094C0001C0248768CC701D41C0248769CD2088F001AA9A848762BD10002421E1D02487643
:2094E0008CC701D41D0248769CD229FF012348762BD10002421E210248768CC701D4210265
:2095000048769CD22FFF002002BEA9BD027F00D42FFF0040A9BD027F1C02A6BD0A7F487639
:20952000FBD000D41D024876FBD004D421024876FBD082FE06001F76460228922993A95589
:209540002B56A9022A93A8542B56A9042B93A95509621F76480207931F7646022796096154
:20956000176F1F76480207921F764602279710603A9208602D2DAC1B2C01B3563A010963B0
:20958000056F2D2DAC92FA5207633A2B026F2D2DAC92FA520E64AC1BF4010664A928DE0305
:2095A0003D28DE03096F0335A908DAFD3D96046FBF563DC8C89A48765BD906001B76F0FFF3
:2095C0000500BDABBDA8BDA0BDC2BDC300E2BD0003E2BD0003E2BD0103E2BD0203E2BD0330
:2095E00030E6000669FF4229165648766FB34876A0C6487610D5019AA9F40474A9F50574A2
:20960000019001520760019B019AA8F40674A9F40474019AA9F4E10CAFE2BE03AFE2BE02D5
:20962000AFE2BE01AFE2BE0080E2BE00BEC5BEC4BE83BE8ABE870300303BF1FF1776027635
:2096400002FE1F76490220433B6C1F764502AFE20A00AFE2080101E863EE1F764902C8E24B
:209660000C020EE86B6620E7080000E7990095E6000094E6080014AD1362B0E809480077F3
:2096800094E6080014AD0F631F76920204920665FF9C645204960C63136F042B116F1F76CB
:2096A0009202040A1F7692020492645209641F764702061A04001F769202BF56046482FEFE
:2096C00006000876303BBE92267600002F76000000BE009A009BA9F4E20CA6F4E40C00B64C
:2096E000A8F4E60CA9F4E80CA8F4EA0CA6F4EC0CA9F4EE0CA8F4F00CA9F4F20CA6F4F40CC3
:20970000A8F4F60CA9F4F80CA8F4E30CA6F4E50CA9F4E70CA8F4E90CA9F4EB0CA6F4ED0CAC
:20972000A8F4EF0CA9F4F10CA7F4F30CA6F4F50CA8F4F70CA9F4F90CA9F5E00C0150A9F40A
:20974000E00C060002FEA928011C489B48762BD100D43E0248769CD20002421E3E024876EC
:209760008CC703D43E0248765BD1A928011E489B48762BD101D43F0248769CD20002421E64
:209780003F0248768CC703D43F0248765BD12BFFC30848762BD101D42C0248769CD2000295
:2097A000421E2C0248768CC72276058FE0D0C406A918FBFFC41E1A7600D42C024876FBD0AC
:2097C00082FE060003E2BD0490E51F764A0293E592E591E503E2BD0594E503E2280003E290
:2097E0002A0003E22C0003E22E0003E2300003E2160003E2180003E21A0003E2140095E59C
:2098000003E2BD0603E2220303E2240203E2260196E503E2200402E8401203E21E0503E2D2
:20982000100003E21C0601E818C008E8789303E2120048762FB2AFE2BE06AFE2BE05AFE285
:20984000BE040600BDB2A559BDAAA986BDA2A192A48204600302A20F1967A1920152046001
:209860000702A20F1367A192025204600302A20F0D67A192035204600702A20F076720FF6C
:2098800020010A8F1A83487683D92276229AA12D0A8F0080A937A9AA30FFAB070156A4000D
:2098A00008D09406A80E30FFA983008D000D95A21A7608D0940648765FCFBE82BE86BE8B99
:2098C000060002FE1F76520001E8A9F901E860EEAFE232031F76490208E8B95D0EE8686669
:2098E000C8E2070200E7C90000E78000007794E6010014AD1362B0E80048007794E60100A4
:2099000014AD0F631F76920201920665FF9C325201960C63136F012B116F1F769202010A66
:209920001F7692020192325209641F764702051A80001F769202BF56013282FE060002FE06
:209940001F76520002E8D12001E860EEAFE224031F7649020BE801400EE86866C8E20A02C8
:2099600000E7C90000E78000007794E6010014AD1362B0E80048007794E6010014AD0F63A3
:209980001F76920206920665FF9C325206960C63136F062B116F1F769202060A1F769202DC
:2099A0000692325209641F764702061A08001F769202BF56063282FE0600BDB2A459BDAA49
:2099C000A986A19204600302A20F1967A192015204600702A20F1367A1920252046003027D
:2099E000A20F0D67A192035204600702A20F076720FF41010A8F1A83487683D9229AA12DF3
:209A0000A9374A8D0080A9AA30FFAB070156A10008D0910648763EC7227608D09106A80EF4
:209A200030FFA98A488FEDD8008D000D94A01A76BE86BE8B06001F76540000921C611F76AA
:209A4000490220431B6C1F7648020D921F76920227540F612754086227541063270B2754BF
:209A60002A5627020B6F270A27542A562704066F2796046F1F769202272B1F76920201E83A
:209A800061EEC8E2270301E860EE1F764802C8E20E020EE86966009A0EE8686600E7C90000
:209AA0001F76540004E03E011F76550003E200000600BDB2A98BA818FDFF58FF1161018F0D
:209AC0000000A9A8A10F0C61038F0000A9A8A10F076120FFD5030A8FD080487683D922768B
:209AE000A9B21D61018F0000A9A8A10F1561028F0000A9A8A10F0961038F0000A9A8A10FF7
:209B0000126048769CD50F6F058F08D2C4CCFEFF0250C496086F48760BCE056F058F08D28F
:209B2000C418FCFF1A76BE8B0600BDB2A98BBDAA20FF0030BDA2A45BA10F4A861D6120FF9B
:209B40000032A10F196120FF0034A10F156120FF0036A10F116120FF0038A10F0D6120FF25
:209B6000003AA10F096120FF003CA10F056120FF003EA10F0360019A076020FF40060A8FB0
:209B80006A82487683D9227601290356A301A107A98A2CD094AA1A76BE82BE86BE8B060088
:209BA00002FE1F7649022043356C1F76490201E860EEC8E209011F7645020EE8686600E76F
:209BC0004000AFE2020194E6010014AD1362B0E80068007794E6010014AD0F631F769202B2
:209BE00005920665FF9C645205960C63136F052B116F1F769202050A1F7692020592645228
:209C000009641F764702061A01001F769202BF56056482FE0600BDB22276458F32D2058F38
:209C200032D2C518FEFFC418FDFF1A764876B5C22276058F08D2C4CDFCFF0151C4971A76DA
:209C400000D1058F2ED2C440196C01521C61A193045314672276C41A02001A764876B5C203
:209C60002276058F08D2C4CDFCFF0151C4971A7601D9058F2ED2C440E96D015204612576FA
:209C80000052FE61BE8B69FF0600BDB2BDAAA986A55920FF0074BDA2A45BA20F0D6120FF2A
:209CA0008074A20F096120FF0075A20F056120FF8075A20F0360019A06600A8FF8824E025E
:209CC000487683D9A19280520960A392405206610A8FF8825602487683D92276CACC3FFFDD
:209CE000A3CAA1CACA961A76A9AA4876E2C3A9AA4876A8C5BE82BE86BE8B0600BDB2BDAABF
:209D0000A986A45920FF0030A20F1D6120FF0032A20F196120FF0034A20F156120FF00364E
:209D2000A20F116120FF0038A20F0D6120FF003AA20F096120FF003CA20F056120FF003E47
:209D4000A20F0360019A076020FFA3030A8F6A82487683D92276012900BE0356A101A20765
:209D6000A98A40D094C21A76BE86BE8B0600BDB2BDAAA986A459A802A20F06670A8F16812D
:209D80007A02487683D9A1920252086202520E610052106101520C61216F03520561045255
:209DA0001D600DD1086F0CD1066F05D1046F04D1026F03D1A292A8520A69A21BFDFF076754
:209DC00020FF18050A8F3881487683D9227620FF0079A10DA98AC47A1A76BE86BE8B060069
:209DE00003FE03E2430003564209A80881FF4218FF3F421A803FAFE24300F1E60000419730
:209E000050E80280C8E241018EE612001F760C2A13E24302A9284C83A8280A0004564302F8
:209E200004564301A98EAFE2880200E78300AFE2880210E7D300AFE23C0206E3881800E7A4
:209E4000510010E7C30083FE10E7C80000770600BDB2A98B20FF0072BDAA4886A10F0D61B3
:209E600020FF1072A10F096120FF2072A10F056120FF3072A10F0360019A076020FF090161
:209E80000A8F2682487683D9A292A940036CC918BFFFA941036CE118FDFFA942036CE1189B
:209EA000FEFFA943056CA18A0ADCC418DFFFA944046C0BD9C118DFFFBE86BE8B06005AFF99
:209EC0000876303BBE920190AA93A98020530E67009A0D5304681053B956A901FF9DA82D77
:209EE00066FFA820A8CAA9231A6FA9A9012947FFFF90FF9CA988A8287106A6950356A801CD
:209F0000A95CAB92019BFF90FF9CA92D019A66FFA62DC49867FFA920A9CBA823A79201523A
:209F2000046108763029BE920600BDB2A98B20FF0072BDAA4886A10F0D6120FF1072A10FB7
:209F4000096120FF2072A10F056120FF3072A10F0360019A06600A8F2682E302487683D9BB
:209F6000A292A940036CC91A4000A941036CE11A0200A942036CE11A0100A943056CA18AFE
:209F80000ADCC41A2000A944046C0BD9C11A2000BE86BE8B06001F76540000921E611F767F
:209FA000490220431D6C1F76480211921F769202255411612554096225541263059B2575C8
:209FC00025542A5625020C6F2508050025542A562504066F2596046F1F769202252B1F76E1
:209FE000920201E860EEC8E22501009A0EE8686600E740001F76550003E2060006001F76D1
:20A00000540000921E611F76490220431D6C1F7648020F921F769202265411612654096295
:20A0200026541263059B267526542A5626020C6F2608050026542A562604066F2696046F5E
:20A040001F769202262B1F76920201E860EEC8E22601009A0EE8686600E740001F765500E6
:20A0600003E2040006001F76540000921E611F76490220421D6C1F76480213921F7692027F
:20A08000235411612354096223541263059B237523542A5623020C6F2308050023542A5613
:20A0A0002304066F2396046F1F769202232B1F76920201E860EEC8E22301009A0EE86866D5
:20A0C00000E740001F76540003E23C00060006FE8076350C408F350C008F350C42C220FF0B
:20A0E000004044A001D546A801D44876CB85A9F5A440A918FFF7A9F4A440A9F5A440A91898
:20A10000FFFBA91A0003A9F4A440A9F5A6402050A9F4A640A9F5B040A9CCF0FF0150A9F4A7
:20A12000B040A9F5A440A91A0008A9F4A44086FE0600BDB2BDAAA95A00D1A247066D008F42
:20A140000040A4BD147F056F008F0040A4BD127F0502487628D8008F00200502A4BD127F29
:20A16000487628D8A192008F0020A4BD147F07520560008F0040A4BD127F0502487628D807
:20A1800001D9A29280FFA95AA1920852D768BE86BE8B0600BDB2BDAAA95A00D1A247066DCA
:20A1A000088F0000A4BD0C7F056F088F0000A4BD0A7F0502487628D8048F00000502A4BD67
:20A1C0000A7F487628D8A192048F0000A4BD0C7F07520560088F0000A4BD0A7F0502487682
:20A1E00028D801D9A29280FFA95AA1920852D768BE86BE8B0600BDB2BDAAA986A459A802C4
:20A20000A20F076720FF8A010A8F1681487683D922760356A202ABAA01291F90A91642FF68
:20A220005AFFAB92AA2B0390A927A9AAA918E0FFAB07140930FF1AFF1F00A9860F023B5656
:20A2400055FFC2C0CAC1A10E3B56C298CA991A76BE86BE8B0600BDAAA61E2276012947FF4A
:20A26000009BFF90A9861AD0A22D03023B5655FF5AFFA606A80E1AFF1F00A98AA983AB9253
:20A28000AA93C4C01ADDCCC1A9A9C5CECDCFA71EA60641FF009B03903B565AFFA706ABCA0D
:20A2A000AACB941EA606009B03903B56C498CC991A76BE860600BDB2BDAAA986A459A802C5
:20A2C000A20F076720FF23010A8F1681487683D922760356A201ABAA01291F90A91643FF0F
:20A2E0005AFFAB92AA2B0190A927A9AAA918E0FFAB07010930FF1AFF1F00A98603023B56B7
:20A3000055FFC2C0CAC1A10E3B56C298CA991A76BE86BE8B0600BDAA842FAB2B186FA9A0FC
:20A32000A7010119A71E00BE01DEA65A87928596A93AA20FFA66036F84928596AA92C0FF33
:20A34000A92FAB92019CA9271052E763AA40F56D8492A9CD0F00029DC3FFA858A9801153FA
:20A360000460A93A840DA98EA78820FFFF0FA60FD760BE860600A42DBDB20A8F0080BDAA7C
:20A38000BDA2A982229AA9360156A400C4C4A9A2A6C5ACA24A864EA308DFC7CECFCF58FFDF
:20A3A0004CC50361009A126FA59201520661D48AC4AAE4A9D4C3086FD48318D0A706C5AA5A
:20A3C0009403E5A9D51E019AE6ABBE82BE86BE8B060002FE487675D3227629FF0F234876B0
:20A3E0002BD100D42F0248769CD20002421E2F0248768CC703D42F0248765BD103D42F0292
:20A400004876B7CEA9F57370A9CCF7FF0450A9F47370A9F57370A918FEFFA9F473702276E2
:20A42000088FCFB2A4BDF20D1A7682FE060002FE1F7649022043276C1F764502AFE2020049
:20A4400016E8800F14AD0F64A0E514AD0F651F7692020B920665FF9C64520B960C63136F6D
:20A460000B2B116F1F7692020B0A1F7692020B92645209641F764702061A10001F769202C8
:20A48000BF560B6482FE0600A95D8076001020FF2072A6BD0A7F48762FB8A9F52A72C7FF64
:20A4A0001F90FC60A9F52A72A94E076DA9F52472C5FF01F00190096FA8F52A72009AA8CDB2
:20A4C000001F0053B056A9010152ED6120FF7E3E4076D1C0008F0010009AA4BD0C7F06006C
:20A4E000A95D8076002020FF3072A6BD0A7F48762FB8A9F53A72C7FF1F90FC60A9F53A7289
:20A50000A94E076DA9F53472C5FF01F00190096FA8F53A72009AA8CD001F0053B056A90154
:20A520000152ED6120FF7E3E4076D1C0008F0020009AA4BD0C7F0600BDB2BDAAA986A4591B
:20A54000A802A20F06670A8F16813902487683D9A9AAA918E0FF30FF1AFF1F00A98AA292ED
:20A560001F90A92D01023B565AFF2276A19201520761A9A90ADC55FFC4C0CCC1066F0ADCEB
:20A58000AB92C498AA92CC981A76BE86BE8B060048764CC24876BFB9009A019B487614D67F
:20A5A000019A009B487614D6029A009B487614D6039A009B487614D6049A009B487614D61D
:20A5C000059A009B487614D6069A009B487614D6079A009B487614D62276A9F52214805096
:20A5E000A9F422141A7606001F76480207921E60487624C8487617D24876EFC6487654C561
:20A60000487661CC48767FC34876D0CD48769FCC487620CB48764AD348761FD31F764702B9
:20A62000069205CA07CAB0560A011F7647020A92015204601F7646023F2B009A06001F7624
:20A6400049022044276C1F7649020D921F7646022D93A8540F649C9CA8540F651F7692025C
:20A6600009920665FF9C0A5209960C630600092B06001F769202090A1F76920209920A5233
:20A6800009641F764702071A01001F769202BF56090A06001F7649022044276C1F7649023F
:20A6A0000E921F7646022793A8540F649C9CA8540F651F76920208920665FF9C0A52089689
:20A6C0000C630600082B06001F769202080A1F76920208920A5209641F764702071A020004
:20A6E0001F769202BF56080A06002276058F22D3C406A818FBFFC41E1A76A9F50340A9CC97
:20A70000E0FF0150A9F40340A9F50040A91A0020A9F40040A9BF60400091A9BD6040A9F54E
:20A7200000400450A9F40040A9F50640A918FDFFA9F406402276C4060451C41E1A760600F5
:20A74000BDB20A8FAA11BDAAA9A8BDA2CA8DA411A30F1C610A8FDE114A8DC211A9A8A10FB1
:20A760001561A103013B41FF0119A986818A013B84920356A901A307A983C5C58183673E91
:20A7800081DA00020119A20FF2604876D9D5BE82BE86BE8B06001F764602019A38934876FF
:20A7A000E2C11F764602039A36934876E2C11F764602029A39934876E2C11F764602049A31
:20A7C00037934876E2C11F764602059A3A934876E2C11F764602069A3B934876E2C11F7663
:20A7E0004602079A3C934876E2C106001F7649022046046C019A487624D91F765200381BF4
:20A80000803E0564029A48761AD9046F029A487610D91F7649022044136C1F7648020792D3
:20A820000F601F7646023E92075203613B2B036FBF563B013F92B1563C0102613C2B060031
:20A84000A71EBDB2229A8A760080452DA9360156A600A706C6C54627D7CEDFCF48C558FFDE
:20A86000B156A6001461E68EC006C41ED087E006C71EAB920A611CD00129445696001AD0A0
:20A8800040FF9607C51E026FC5AB01BEBE8BA69206000077006FBDB21F769302A9590092BF
:20A8A0000D61AB28FFFFAA28FFFFA928FFFFA828FFFFAB0F03617F76FFFF1F76930216C5D6
:20A8C000673E1F76930204060461A71EA192673E1F76930202060361A71E673E487649D4C2
:20A8E000BE8B0600008F0040BDB20502A4BD127F487628D8008F00200502A4BD127F4876AE
:20A9000028D800D44E0248769CD2008F0020A9BF107FA4BD147FA94EBC56A100BD56A101EE
:20A920000502487628D801D44E0248769CD2A192BE8B0600088F0000BDB20502A4BD0A7F88
:20A94000487628D8048F00000502A4BD0A7F487628D800D4330248769CD2048F0000A9BFC7
:20A96000087FA4BD0C7FA843BC56A100BD56A1010502487628D801D4330248769CD2A192E3
:20A98000BE8B06001F76002A228A000201D50119F41E0002088FB6BB487622CC1F76002A84
:20A9A000228A009AA8280080E41E228AD4060090A818008058FFFA61009AA8280080C41E2B
:20A9C00008022207A98AC4060090A818008058FFF860060002FE088F001EA9A848762BD102
:20A9E0000402421E1F0248768CC701D41F0248769CD2009A469B48762BD10402421E2002E0
:20AA000048768CC701D4200248769CD204D41F024876FBD004D420024876FBD082FE060077
:20AA200001021F7693020807A61E078F20A1081EA9A8A60F026308A801021F7692022C071F
:20AA4000A61E2C1EA9A8A60F02632CA801021F7692023207A61E321EA9A8A60F026332A8EB
:20AA600001021F769302015614000600487696BD058F2CD2A61EC406009B079058FF196104
:20AA8000C406A6BD160F0356A9010F90A90EA9BD1E0F00770077007792E564E564E564E5C1
:20AAA00064E564E564E564E564E50077A6BF160FA6060600BDB2BDAAA859A95A4876B9D64F
:20AAC000409A487699D0487672D401521261A292487699D0487672D401520B61A1CCFF0021
:20AAE000487699D0487672D4015203614876EDD6BE86BE8B0600BDB2BDAAA859A95A4876C8
:20AB0000D3D6409A4876CAD048769AD401521261A2924876CAD048769AD401520B61A1CC84
:20AB2000FF004876CAD048769AD401520361487607D7BE86BE8B06002276458F32D2058FA8
:20AB400032D2C518FEFFC41A02001A764876B5C22276058F08D2C4CDFCFF0151C4971A76A3
:20AB6000058F2ED2C440066C015204612576C440FC6D69FF06002276A9BF3C7C0002A9BD7D
:20AB80003C7CA6BF7C7CA9BD7C7CA6BFBC7CA9BDBC7CA6BFFC7CA9BDFC7CA6BF3C7DA9BDC8
:20ABA0003C7DA6BF7C7DA9BD7C7D1A76487668D60600060022766DBEA928060D088FEDD884
:20ABC00009B5A600A980029CA95D029CC7A8C5A8007700770077A980887638D9488F2ED94F
:20ABE000C7A8A6BD240DA5BD260D1A7606000052ABA8A4C50761A98881DE855C877C0E002F
:20AC0000FEFFA988A60F0F6100530D61FF9DA85CBF76FEFF859287960E00FEFF85928796DB
:20AC20000C00F8FFA4A90600A980A888012903900356A9035AFFA79203520466008F8679C4
:20AC4000036F008F88792276AB2DFF023B5655FFC4C0CCC1A60E3B56C498CC991A760600EF
:20AC6000A42DA98A0531AC0E1C09A92D01023B56A71EAB2D1F023B56A7A3ABCAAACB55FF7A
:20AC8000A61EA9A811FF8500A983008D0A01A606C5CECDCF941E060002FE159A487653D71C
:20ACA000CFE6010005F6007702E80009857600E700D501E802FC02E8030903D469FF03E2C1
:20ACC0004200A60602E800094876079D82FE0600058F08D00129C40647FF079006521360A3
:20ACE0002276A928FFFFA828FF7F08B620BE008F00FEA9BD8C7CA7BDCC7CA6BD0C7DA4BD0F
:20AD00004C7D1A7606001F764902BDAA201800FF00D20031000200D01F76930200D500D4AE
:20AD200000B600BE14AA1F76490228A92E1EBE86223A24A026A82AC32CC206004876FEC451
:20AD40001F7646023E2BBF563F01362B382B372B392B3A2B3B2B3C2B1F764802042B002B63
:20AD6000072BBF560601BF5605010C2B4876B0A30600408F0040008F0020A5BD127F050264
:20AD8000A4BD127F487628D8008F00400502A4BD147F487628D8008F00200502A4BD147FD1
:20ADA000487628D80600488F0000048F0000A5BD0A7F0502A4BD0A7F487628D8088F000034
:20ADC0000502A4BD0C7F487628D8048F00000502A4BD0C7F487628D80600408F0020008FFA
:20ADE0000040A5BD147F0502A4BD147F487628D8008F00200502A4BD127F487628D8008F70
:20AE000000400502A4BD127F487628D80600448F0000088F0000A5BD0C7F0502A4BD0C7FEB
:20AE2000487628D8048F00000502A4BD0A7F487628D8088F00000502A4BD0A7F487628D8CC
:20AE400006003A021F7692022C0F0465A928FFFF060000BE289204522CC20463A928FEFF1D
:20AE6000066F029A2893487677C1009A1F769202282B06003A021F769202320F0465A92814
:20AE8000FFFF060000BE2E92045232C20463A928FEFF066F039A2E93487677C1009A1F76B9
:20AEA00092022E2B0600A92D22760356AC01A9933F91A888058F22D3A9A8A60DA98A01022C
:20AEC0005AFFAC92C7FF1F90A9163B565AFFAB92C498CC991A76060022764876B8B84876A5
:20AEE00008BE487678BE4876E8BE4876BDD81F769302428F0000018F0000122BA5BD047F34
:20AF0000A4BD047F1A76060006FE8076A861408FD430008FD43042C220FF004744A000D52B
:20AF200046A800D44876CB85649A48765BD94876E1D886FE060001520961058F00DCC4411E
:20AF4000116D2276A828A5A50A6F2276019AA828A5A5058F00DCC41EC441FF6D009AC41EBC
:20AF60001A760600AD28000469FF1F5616561A5610E6000240291F76000002291B76487639
:20AF800086D9005203614876A0D34876F9D848764BD401520661003100B600BE0002076F28
:20AFA000AB280400AA2B04B604BE0402ABBD1039A7BD103BA6BD103DA9BD103F060028D0A0
:20AFC0000A8F0080A91A007D9483A81A005A01BE22D0D51E948A009AE4C248769BD7058F1F
:20AFE00000DCC441FF6C06002276A9BF4079A818FFE0A9BD4079A9BF42790150A9BD4279F3
:20B00000A9BF4279A9BD42791A7606001B76F0FF00E2BD0030E6000642291656A92800046F
:20B02000A9F4E10C80E2BE00F1FF177602761B76F0FF00E2BD0030E6000642291656A9288E
:20B040000004A9F4E10C80E2BE00F1FF1776027658FFBDB20B650119A98B26024076D1C05A
:20B0600081D900020119A10FF960BE8B0600487621D72A920B61299205520564008F00A179
:20B08000487644D21F7692022A2B060048763AD730920B612F9205520564008F00A34876EA
:20B0A00070D21F769202302B06001B76F0FF00E2BD0030E6000642291656257680E2BE00F7
:20B0C000303BF1FF177602761B76F0FF00E2BD0030E6000642291656257680E2BE00303BD8
:20B0E000F1FF177602761B76F0FF00E2BD0030E6000642291656257680E2BE00303BF1FF33
:20B10000177602761B76F0FF00E2BD0030E6000642291656257680E2BE00303BF1FF177675
:20B1200002761B76F0FF00E2BD0030E6000642291656257680E2BE00303BF1FF177602766A
:20B140001B76F0FF00E2BD0030E6000642291656257680E2BE00303BF1FF1776027622762A
:20B1600048767BD94876F4D7487641C4009A4876C9D748767BD91A7606002276088FDECAFA
:20B18000A4BD400D1A76208F0101A9A848765FCF06004876E5B51F769202008F001000025B
:20B1A000282BA4BD0C7F2C1E060048767BB61F769202008F002000022E2BA4BD0C7F321EA2
:20B1C0000600A9F54748C050A9F44748A9F54948A918FCFFA9F4494806001B76F0FF00E27F
:20B1E000BD0030E6000642291656A9F5E00C2576006F008F0000A9A80460009A00D4036FE7
:20B20000C49202DC487614CA0600227648760FB44876AFB44876EDB048768EB11A76060030
:20B22000015204612FFF0040036F2FFF0020A9BD027F0600015204612FFF0040036F2FFF75
:20B240000020A9BD047F0600015204612FFF0040036F2FFF0020A9BD067F06001B76F0FF88
:20B2600000E2BD0030E60006422916562576006F1B76F0FF00E2BD0030E600064229165620
:20B280002576006F1F76930218A806001F76930216A806000600A5C4A483CD06A68A03DD4D
:20B2A0004876F7D506001F562276C0B9292868001A764800B2D7A92D1935A9F46B47A9F44E
:20B2C0006D47060058FFA4C404610119867DFE600600009A4876C9D748767BD90600019A64
:20B2E0004876C9D748767FD90600CC06A58A00D5487662D906000202A9BD1A7F06000202F2
:10B30000A9BD1C7F0600257669FF0600019A06008C
:020000040013E7
:20000000BDB2A98BBDAABDA2A45B058F00F8A9A84A86A10F06610A8F88803F02487683D9B8
:20002000058F00FBA9A8A20F06610A8F88804002487683D9A3920F5206690A8F88804102E2
:20004000487683D9058F00F8A9A8A10F076120FF46010A8FAC80487683D9227620D091062D
:2000600020D000910350911E1A76058F00F8A9A8A10F076120FF6C010A8FAC80487683D90D
:20008000227624D0910624D00150911E1A76058F00F8A9A8A10F076120FFE5010A8FAC80FA
:2000A000487683D92276A9B217FF0300A98AC406A918FDFFC41E1A76058F00F8A9A8A10F61
:2000C000076120FFA9010A8FAC80487683D92276A9B217FF0300A98AC406A918FEFFC41E67
:2000E0001A76058F00F8A9A8A10F076120FF13010A8FAC80487683D9A3920F52076920FF44
:2001000018010A8FAC80487683D922760129C1A30356A308AB18FFF0AACBABCAC11E1A76B2
:20012000058F00F8A9A8A10F076120FFC7010A8FAC80487683D92276A9B217FF0300A98AC5
:200140000202C498CC991A76058F00F8A9A8A10F076120FF8B010A8FAC80487683D9227633
:20016000A9B217FF0300A98B0102C198C9991A76058F00FBA9A8A20F076120FF03020A8FD3
:20018000AC80487683D92276C206A918F8FF0A50C21E1A7607F6007769FFBE82BE86BE8B8E
:0A01A00006000119C356FFFF060018
:020000040014E6
:20000000000041783C00C07B010081783C00407B0100207F0000A07F0000A07F0000A07FC2
:2000200014008179248AF0740000A07F0000A07F00004078F100C07A64008E79188AD0742E
:200040000000A07F0000A07F2889D073AE89C0730700007F004082773400007C00400078DD
:200060003300007C1C00007C004000783300007C2889200B0B00007FB089D07300408577B4
:20008000188A504E004005783700007C2D00007C004005782889E073188AD00D1C8AE074CD
:2000A000B289700700408F771A8AF0740B00007F3A00007C00400A781C8AE00E2E00007C00
:2000C00000400A781A8AE00E2E00007C933F4378333383780C00407D933F4378333383787D
:2000E000000000790D00407D933F437800000179333383780E00407D00000279188AE07419
:20010000B614C0740000A07F0000A07F0000A07F3689F0731C8AF0743489F0731E8AF0742C
:200120000000A07F0000A07F1C8AF0731E8AB0070F00007C2F00407C1A8AF074028AF074AB
:200140001C8AF0731E8AC0031A8A2004188A401C003F8077048A9052FC89E074188AE074F0
:200160005D3F4278D7B382781A8A600600BF8B773600207C0A00207C1D00407CCA89C01462
:20018000C889D0730400407C0000C0780000A07F0000A07FFE89E07410008279008AF074C1
:2001A0000000A07F0000A07F0A008E790000A07F0000A07F4CBC40784C3C4078CDCC807821
:2001C0001A8AC0749E89C0730000A07F0000A07F0000A07F0E0083790000A07F0000A07F48
:2001E0000000A07F1A8AC073F000807A1A8AC074188AC073188AD0730800207D0900407D22
:200200000C00207D0D00407D1A8A101400BF8077188A10140500207C0000C1780000A07F2E
:200220000000A07F0000A07F36008279188AC0740A00207C0F00207C7FBF4078EE7C8078D0
:200240000100007D0000A07F0000A07F0000A07F0C0083790000A07F0000A07F0000A07F5E
:200260007FBF4178EE7C817843454078803FC577005080781100007C0500A07D208AD07404
:200280000000417830008E791A8AD0740000A07F0000A07F7F3F4078EE7C80780100007DF2
:2002A0000000A07F0000A07F0000A07F0C0085790000A07F0000A07F0000A07F7F3F417803
:2002C000EE7C817843454078005080781100007C0500A07D1A8AD07400004178350C8178A9
:2002E000208AD0740000C2780000A07F0000A07F0000A07F360082790000A07F0000A07F0A
:200300000000A07F7FBF4178EE7C81780600007D0000A07F0000A07F0000A07F0C0083797C
:200320000000A07F0000A07F0000A07F7FBF4278EE7C827843454078803FC977005080787D
:200340001100007C0500A07D228AD0740000417830008E791C8AD0740000A07F0000A07FE6
:200360007F3F4178EE7C81780600007D0000A07F0000A07F0000A07F0C0085790000A07F9A
:200380000000A07F0000A07F7F3F4278EE7C827843454178005081782500007C0500A07DF6
:2003A0001C8AD07400004178350C8178228AD0740000C3780000A07F0000A07F0000A07FD8
:2003C0004E0082790000A07F0000A07F0000A07F7FBF4178EE7C81780700007D0000A07F7A
:2003E0000000A07F0000A07F0C0083790000A07F0000A07F0000A07F7FBF4378EE7C8378FC
:20040000803FCD77434543780000407800508378010080781D00007C000043781E8AF0743A
:200420000415B0753F00C07B3F00407B0C00207F0000A07F0000A07F0000A07F48008179C0
:200440000000A07F0000A07F0500A07D9E008E790000A07F0000A07F0000A07F7F3F4178C3
:20046000EE7C81780700007D0000A07F0000A07F0000A07F0C0085790000A07F0000A07FF0
:200480000000A07F7F3F4378EE7C8378434541780000407800508178010080783500007C73
:2004A0000415B0753F00C07B3F00407B0C00207F0000A07F0000A07F0500A07D6600807920
:2004C0001E8AD07400004178350C8178188AE0730000A07F0000A07F0000A07F30008279C0
:2004E0000000A07F0000A07F0000A07F7FBF4378EE7C83780E00007D0000A07F0000A07F78
:200500000000A07F0E0083790000A07F0000A07F0000A07F7FBF4278EE7C8278188AE07403
:2005200043454378803FCA77005083782E008E792E00007C000043780A00A07D7F3F4378F3
:20054000EE7C83780E00007D0000A07F0000A07F0000A07F0E0085790000A07F0000A07F04
:200560000000A07F7F3F4278EE7C8278188AE07443454378005083782E00007C0B00A07D2A
:2005800000004278350C82781A8AC0736B40C075208AC0736B41C0751C8AC0736B42C07536
:2005A000228AC0736B43C0751E8AC0736B44C0756B45D0750000A07F0000417801008178F3
:2005C000041580753C00C07B3C00407B0100207F0000A07F0000A07F0000A07F0C0080799D
:2005E0000000A07F0000A07F0000A07F6B46F0756D46E075248AF0730000AF790000A07F28
:200600000000A07F0000A07F1C8A40770000A07F0000A07FD80D9F79620B9075000080789A
:200620002C15E073004080771215D0730400007C1289C0740000A07F0000A07FC40D9F790F
:20064000420B9075000080782E15E073004080771415D0730400007C1489C0740000A07FA7
:200660000000A07FB00D9F79220B9075000080783015E073004080771615D0730400007C9F
:200680001689C0740000A07F0000A07F9C0D9F79630B9075000080783215E073004080774C
:2006A0001815D0730400007C1889C0740000A07F0000A07F880D9F79430B9075000080783F
:2006C0003415E073004080771A15D0730400007C1A89C0740000A07F0000A07F740D9F79A7
:2006E000230B9075000080783615E073004080771C15D0730400007C1C89C0740000A07F0E
:200700000000A07F600D9F79600B9075000080780615E073004080770089C0740000A07F4C
:200720000000A07F500D9F79400B9075000080780815E073004080770289C0740000A07F58
:200740000000A07F400D9F79200B9075000080780A15E073004080770489C0740000A07F64
:200760000000A07F0000A07F0489C0730089D0730400407CAA3E4178AAAA81780400007C81
:200780000689C0740000A07F0000A07F0000A07F0089C0730289D0730400407CAA3E41784E
:2007A000AAAA81780400007C0889C0740000A07F0000A07F0000A07F0289C0730489D073BC
:2007C0000400407CAA3E4178AAAA81780400007C0A89C0740000A07F0000A07FF40C9F79CE
:2007E000610B9075000080780C15E073004080770C89C0740000A07F0000A07FE40C9F79D6
:20080000410B9075000080780E15E073004080770E89C0740000A07F0000A07FD40C9F79E1
:20082000210B9075000080781015E073004080771089C0740000A07F0000A07FC40C9F79ED
:20084000640B9075803F4278010080781E15D0730400007C2089C0740000A07F0000A07FA1
:20086000B20C9F79010B9075803F4278010080782015D0730400007C2289C0740000A07F29
:200880000000A07FA00C9F79000B9075000080782415E0731E89C0740000A07F0000A07FC8
:2008A000920C9F79440B9075000080782A15E0732215D0730400007C2489C0740000A07FAA
:2008C0000000A07F800C9F79020B9075000080783815E0732815D0730400007C2689C074C8
:2008E0005E0A9F790000A07F000081782489C073CC89C074540A9F790000A07F0200817867
:200900002089C073C889C0744A0A9F790000A07F030081782289C073CA89C074400A9F7928
:200920000000A07F010081781E89C073C489C0740000A07F0000A07F0000A07F1289C07318
:200940009214C0740000A07F0000A07F0000A07F1489C0739414C0740000A07F0000A07F76
:200960000000A07F1689C0739614C0740000A07F0000A07F0000A07F1889C0739814C07497
:200980000000A07F0000A07F0000A07F1A89C0739A14C0740000A07F0000A07F0000A07FE5
:2009A0001C89C0739C14C0740000A07F0000A07F0000A07F0C89C0738C14C0740000A07F63
:2009C0000000A07F0000A07F0E89C0738E14C0740000A07F0000A07F0000A07F1089C07310
:2009E0009014C0740000A07F0000A07F0000A07F0689C0738614C0740000A07F0000A07FF4
:200A00000000A07F0889C0738814C0740000A07F0000A07F0000A07F0A89C0738A14C0742E
:200A20000000A07F0000A07F0000A07F0089C0738014C0740000A07F0000A07F0000A07F78
:200A40000289C0738214C0740000A07F0000A07F0000A07F0489C0738414C0740000A07F06
:200A60000000A07F0000A07FC889C0739E14C0740000A07F0000A07F0000A07FCA89C073EB
:200A8000A014C0740000A07F0000A07F0000A07FC889C073CA89D0731000207CC689C074C8
:200AA0000000A07F0000A07F0000A07FC689C073A214C0740000A07F0000A07F0000A07F10
:200AC000CC89C073A414C0740000A07F0000A07F0000A07F2689C073A814C0740000A07F54
:200AE0000000A07F0000A07FC489C073A614C0740000A07F1B4441788F928178C689C07377
:200B00000400007C2889C0740000A07F0000A07F1A444178CC89C0731C8A00770068817815
:200B20000400007C2A89C0740000AF790000A07F0000A07F0000A07F3C89C0735489D073B1
:200B40000400407C6689C0740000A07F0000A07F0000A07F6689C073B489D0736C891001AD
:200B60001000207C6E89C0740000A07F0000A07F0000A07F6E89C073D489D07300000578FA
:200B8000A0408677D489D073A04085770400407D0800207D6E89C0740000A07F0000A07F2D
:200BA0000000A07F6689C073B689D0736C8940011000207C6C89C0740000A07F0000A07F29
:200BC0000000A07F6C89C073D489D07300000578A0408677D489D073A04085770400407D97
:200BE0000800207D6C89C0740000A07F49404178DB0F81783E89C073004080770400007C32
:200C0000C9374178484280779C5381786E8910010400407C9089C0740000A07F0000A07F5F
:200C20000000A07F3E89C073000000786889C0740000A07F0000A07F0000A07F6889C0737D
:200C4000B489D073708910011000207C7289C0740000A07F0000A07F0000A07F7289C073A4
:200C6000D489D0730000057880408677D489D073804085770400407D0800207D7289C074A9
:200C80000000A07F0000A07F0000A07F6889C073B689D073708940011000207C7089C0743E
:200CA0000000A07F0000A07F0000A07F7089C073D489D0730000057800408677D489D073B1
:200CC000004085770400407D0800207D7089C0740000A07F49404178DB0F81783C89C07309
:200CE000004080770400007CC9374178484280779C538178728940011000207C9289C074E4
:200D00000000A07F0000A07F0000A07F4889C073000000787889C0740000A07F0000A07F87
:200D20000000A07F7889C073B489D0737C8910011000207C7E89C0740000A07F0000A07FA5
:200D40000000A07F7E89C073D489D0730000057880408677D489D073804085770400407D43
:200D60000800207D7E89C0740000A07F0000A07F0000A07F7889C073B689D0737C8940013A
:200D80001000207C7C89C0740000A07F0000A07F0000A07F7C89C073D489D07300000578BC
:200DA00000408677D489D073004085770400407D0800207D7C89C0740000A07F494041781A
:200DC000DB0F81784A89C073004080770400007CC9374178484280779C5381787E89100139
:200DE0000400407C9489C0740000A07F0000A07F0000A07F4A89C073000000787A89C074D0
:200E00000000A07F0000A07F0000A07F7A89C073B489D073808910011000207C8289C074BA
:200E20000000A07F0000A07F0000A07F8289C073D489D0730000057880408677D489D0739D
:200E4000804085770400407D0800207D8289C0740000A07F0000A07F0000A07F7A89C0739E
:200E6000B689D073808940011000207C8089C0740000A07F0000A07F0000A07F8089C07324
:200E8000D489D0730000057800408677D489D073004085770400407D0800207D8089C07479
:200EA0000000A07F49404178DB0F81784889C073004080770400007CC937417848428077F9
:200EC0009C538178828940011000207C9689C0740000A07F0000A07F0000A07F9289C07334
:200EE0003689D073908910013489E0731900007C0400407C188AC0749089C0733689D0733D
:200F0000928910013489E0731C8A70469489C0113489D073968910013689E0731900007C74
:200F20001000207C1A8AC0749489C073F000807A3689D073968910013489E0731900007C1C
:200F4000188A10141A8A801C34894011368930013B00007C3000207C9889C0740000A07F96
:200F60000000A07F0000A07F9889C073D489F07300000F78188AF0740000A07FD489F073B3
:200F80000C00407D188AF0730C00207D9889C0740000A07F0000A07FF500807A3689C07366
:200FA000348910041900007C1000207C9A89C0740000A07F0000A07F0000A07F9A89C07315
:200FC000D489D07300000678D489D0730400407D0800207D9A89C074000040789C89C07485
:200FE0000000A07F0000A07F0000A07F9889C0739E89C0740000A07F0000A07F0000A07F88
:201000009A89C073A089C0740000A07F0000A07F1C8AF0739C89C073A289C0740000AF79F7
:201020000000A07F0000A07F0000A07F9A434178EC89C073006881780400007C4E89C07429
:201040009A434178EE89C073006881780400007C5089C0749A434178F089C07300688178BF
:201060000400007C9A4341785289C07400688178F689C0730400007C9A4341784289C07423
:2010800000688178F889C0730400007C9A434178006881784489C074FA89C0730400007C8D
:2010A000384441780C5681784689C074128AC0730400007C384441780C5681783C89C074C5
:2010C000148AC0730400007C384441780C5681783E89C074168AC0730400007C38444178AC
:2010E0000C5681784089C0740C8AC0730400007C384441780C5681784889C0740E8AC073EF
:201100000400007C384441780C5681784A89C074108AC0730400007C4C89C0740000A07F43
:20112000233C41780AD78178621500750400007CBC89C0740000A07F233C41780AD78178C7
:20114000631500750400007CBE89C0740000A07F033841786F128178BE89C0730400007C20
:20116000BE89C0740000A07F233C41780AD78178641500750400007CB889C0740000A07FE1
:20118000233C41780AD78178651500750400007CBA89C0740000A07F033841786F128178EA
:2011A000BA89C0730400007CBA89C0740000A07FB53F4178F30481785E15C0730400007CE0
:2011C000D089C0740000A07FB53F4178F30481785C15C0730400007CCE89C0740000A07FF8
:2011E0000000A07F0000A07F6015C073D289C0740000A07F993F41789A998178D089C07312
:201200000400007CD489C0740000A07F993F41789A998178CE89C0730400007CD889C07442
:201220000000A07F993F41789A998178D289C0730400007CD689C0740000A07F0000A07FF3
:201240000000A07F3C89C073AE14C0740000A07F0000A07F0000A07F3E89C073B014C07432
:201260000000A07F0000A07F0000A07F4E89C073B214C0740000A07F0000A07F0000A07FB0
:201280005089C073B414C0740000A07F0000A07F0000A07F4289C073AA14C0740000A07FDA
:2012A0000000A07F0000A07F4489C073AC14C0740000A07FB53F4178F30481783C15C073BC
:2012C0000400007C5489C0740000A07F0000A07F0000A07F3E15C0737A4480776089C074C8
:2012E0000000A07F0000A07F0000A07F4015C0737A4480776289C0740000A07FB53F417869
:20130000F30481784615C0730400007C6489C0740000A07F0000A07F0000A07F4215C073C7
:201320005689C0740000A07F0000A07F0000A07F4415C0735889C0740000AF790000A07F55
:201340000000A07F0000A07F01158075000041783C00C07B3C00407B0100207F0000A07F5E
:201360000000A07F0000A07F14008079208AF0740000A07F0000A07F4A15C0733489C07453
:2013800014008E790000A07F0000A07F4815C0734E15C0733489C0740000A07F0000A07F9F
:2013A0000000A07F4C15C0733689C0740000A07F0000A07F0000A07F1289C0731A8AC07484
:2013C0000000A07F0000A07F1489E0731A8AF0731689D0733689C0731C8AC0743489C0733A
:2013E0001E8A0059003F80770C00407C2A3F4378ABAA83780C00007CE889C074133F437840
:201400003ACD8378188A00661A8AC0032000207C1000207C133F41783ACD81780400007C68
:20142000F089C0741E8AD073188AC0731C8A40013000007C1000207CEC89C0741C8AD0736E
:20144000188AC073F000807A1E8A40013000007C1000207CEE89C0741889C0731A8AC07435
:201460000000A07FEA89F0741A89E0731A8AF0731C89D0733689C0731C8AC0743489C073D5
:201480001E8A0059003F80770C00407C2A3F4378ABAA83780C00007CF289C074133F437895
:2014A0003ACD8378188A00661A8AC0032000207C1000207C133F41783ACD81780400007CC8
:2014C000FA89C0741E8AD073188AC0731C8A40013000007C1000207CF689C0741C8AD073BA
:2014E000188AC073F000807A1E8A40013000007C1000207CF889C0740689C073188AC0749F
:20150000F489F0740889D0730A89C073188AB014003F8A772E00407C2A3F4378ABAA83784C
:201520002E00007C068AE074133F43783ACD83781A8AA0612E00007C088AE0741C8AE074DF
:20154000188AE0732500207C1000207C133F41783ACD81781C8A30010A8AC074188AC074A9
:201560003689E0731A8AC0733489D00E0400007C3000207C128AC0741A8AC073F000807A0A
:201580001C8A20022500007C36893014148AC074188AC073168AC0743489E0731C8AC0737B
:2015A0001A8A40030800007C1000407C0C8AC0741C8AD0731A8A40060C00007C1000207C23
:2015C0000E8AC074208AF073188AC073108AC0740000AF790000A07F0000A07F0000A07F0A
:2015E000B8148075010081783C00C07B3C00407B0400C07CB814C0750000A07F00004178A9
:20160000007D8178B81480753C00C07B3C00407B0100207F0000A07F0000A07F0000A07F28
:20162000120083790000A07F0000A07F0000A07F00004078B814C0750000A07F0000A07F48
:201640000000A07FB9148075010081783C00C07B3C00407B0400C07CB914C0750000A07FE0
:2016600000004178C8008178B91480753C00C07B3C00407B1000E07CBA14C0740000A07F33
:2016800000004178007D8178B91480753C00C07B3C00407B0100207F0000A07F0000A07F0D
:2016A0000000A07F0C0083790000A07F0000A07F0000A07F00004078B914C075A6F79F7937
:2016C0000000A07F0000A07F0000A07F3EFE9F790000A07F0000A07F0000A07FA8FC9F7940
:2016E0000000A07F0000A07F0000A07F00004178001580753C00C07B3C00407B0100207FBC
:201700000000A07F0000A07F0000A07F8E0081790000A07F0000A07F0000A07F031580757A
:20172000000041783C00C07B3C00407B0100207F0000A07F0000A07F0000A07F6200817929
:201740000000A07F0000A07F0000A07F01158075000041783C00C07B3C00407B0100207F5A
:201760000000A07F0000A07F0000A07F320081790000A07F0000A07F0000A07F0115807578
:20178000000041783C00C07B010081783C00407B0100207F0000A07F0000A07F0000A07F2B
:2017A0003C0080790000A07F0000A07F0000A07F3C029F790000A07F0000A07F0000A07FE4
:2017C0002C008E790000A07F0000A07F0000A07FB4F99F790000A07F0000A07F0000A07F57
:2017E00044009F790000A07F0000A07F0000A07F14008E790000A07F0000A07F0000A07FB8
:201800005489C073AE89C07400004078B089C07400004078B289C07412008E790000A07FC9
:201820000000A07F0100807806059F790000A07F0000A07F0000A07F00004078E389C075B7
:201840000000A07F0000A07FDCF39F79E38980753C00C07B3C00407B0000A07F0000A07F56
:201860000000A07F0000807F9E89C073D489D07300000678D489D0730400407D0800207DCC
:201880009E89C0740000A07F0000A07F0000A07F4289C0739E89D0730400407CA489C07407
:2018A0000000A07F0000A07F0000A07FA489C073B889D073848910011000207C8689C074DA
:2018C0000000A07F0000A07F0000A07FA489C073BA89D073848940011000207C8489C0748A
:2018E0000000A07F0000A07F0000A07F8489C073D889D07300000678D889D0730400407DC4
:201900000800207D8489C0740000A07F49404178DB0F81784489C073004080770400007CE6
:20192000513941784842807718B78178868910013C89E0732500207C0400407CAE89C074F7
:201940000000A07F0000A07F0000A07FAE89C073D889D07300000678D889D0730400407D39
:201960000800207DAE89C0740000A07F0000A07F0000A07FA089C073D489D0730000067880
:20198000D489D0730400407D0800207DA089C0740000A07F0000A07F0000A07F4489C07387
:2019A000A089D0730400407CA689C0740000A07F0000A07F0000A07FA689C073B889D07355
:2019C000888910011000207C8A89C0740000A07F0000A07F0000A07FA689C073BA89D073AD
:2019E000888940011000207C8889C0740000A07F0000A07F0000A07F8889C073D889D0735F
:201A000000000678D889D0730400407D0800207D8889C0740000A07F49404278DB0F8278B3
:201A20008A89C0733E89D07342891014004085771900007C513942784842857718B7827803
:201A40001900007C1000207CB089C0740000A07F0000A07F0000A07FB089C073D889D0736B
:201A600000000678D889D0730400407D0800207DB089C07400004078B289C0740000AF7922
:201A80000000A07F0000A07F0000A07F00004078B814C07500004078B914C07500004078BE
:201AA000E389C07500004078FC89C07400004078FE89C07400004078008AC0740000407873
:201AC000028AC07400004078048AC07400004078E889C07400004078EA89C0740000407858
:201AE000EC89C07400004078EE89C07400004078F089C07400004078F289C0740000407856
:201B0000F489C07400004078F689C07400004078F889C07400004078FA89C0740000407815
:201B2000068AC07400004078088AC074000040780A8AC07400004078128AC07400004078A3
:201B4000148AC07400004078168AC074000040780C8AC074000040780E8AC0740000407869
:201B6000108AC074403F4078B489C074A33940780BD78078B689C074403F4078BC89C0745E
:201B8000A33940780BD78078BE89C07400404078C089C074A33940780BD78078C289C074FA
:201BA000883F4078A4888078B889C0745A3B407813748078BA89C074000040786C89C074E9
:201BC000000040787089C074000040787489C074000040787C89C074000040788089C07451
:201BE000000040788489C074000040788889C074000040788C89C07400004078AA89C074CF
:201C000000004078AC89C07400004078DA89C07400004078DC89C0740000AF790000A07FBC
:201C20000000A07F0000A07F188A407702158075000041783C00C07B3C00407B0100207F3A
:201C40000000A07F0000A07F0000A07F880081790000A07F0000A07F0000A07F021580753C
:201C6000000041783C00C07B010081783C00407B0100207F0000A07F0000A07F0000A07F46
:201C80005C0081790000A07F0000A07F0000A07F02158075000041783C00C07B020081785A
:201CA0003C00407B0100207F0000A07F0000A07F0000A07F320081790000A07F0000A07FC6
:201CC0000000A07F02158075000041783C00C07B030081783C00407B0100207F0000A07FF7
:201CE0000000A07F0000A07F420080790000A07F0000A07F0000A07F08019F790000A07FCE
:201D00000000A07F0000A07F32008E790000A07F0000A07F0000A07F80019F790000A07F37
:201D20000000A07F0000A07F22008E790000A07F0000A07F0000A07F6489C0739E89C07464
:201D400000004078A089C0740000407810008E79A289C0740000A07F0000A07FE6019F7903
:201D60000000A07F0000A07F0000A07F7EFD9F790000A07F0000A07F0000A07F188A0077FD
:201D80000000A07F0000A07F0000A07F0000AF790000A07F0000A07F0000A07F188AD0757A
:201DA0001A8AF074F300C07A00004278188AC0733C00C07B3C00807B0200207F0000A07FF1
:201DC0000000A07F0000A07F180080790000A07F0000A07F0000A07FB73D4078693F41784A
:201DE0005E168078341D8178DA89200C2600007C2000207CDA89C074188AE07300004178FB
:201E00003E00C07B010081783E00807B0900207F0000A07F0000A07F0000A07F1800807900
:201E20000000A07F0000A07F0000A07FB73D4078693F41785E168078341D8178DC89200CF1
:201E40002600007C2000207CDC89C074188AE073000041783E00C07B020081783E00807B30
:201E60000900207F0000A07F0000A07F0000A07F180080790000A07F0000A07F0000A07FEF
:201E8000B73D4078693F41785E168078341D8178DE89200C2600007C2000207CDE89C074F3
:201EA000188AD073000042783D00C07B030082783D00807B0600207F0000A07F0000A07FF3
:201EC0000000A07F180080790000A07F0000A07F0000A07FB73D4078693F42785E168078FB
:201EE000341D8278E089100C1900007C1000207CE089C0741A8AF0730000AF790000A07FE6
:201F00000000A07F0000A07F2A89C0735889D0730400407C6689C0740000A07F0000A07F58
:201F20000000A07F6689C073C089D0736C8910011000207C6E89C0740000A07F0000A07FB9
:201F40000000A07F6E89C073D489D07300000678D489D0730400407D0800207D6E89C074E9
:201F60000000A07F0000A07F0000A07F6689C073C289D0736C8940011000207C6C89C07449
:201F80000000A07F0000A07F0000A07F6C89C073D489D07300000678D489D0730400407D3D
:201FA0000800207D6C89C0740000A07F0000A07F0000A07F6E89C0739889C07400004078BF
:201FC0009A89C074000040789C89C0740000A07F0000A07F0000A07F9889C0739E89C0748D
:201FE0000000A07F0000A07F0000A07F9A89C073A089C0740000A07F0000A07F0000A07F74
:202000009C89C073A289C0740000AF790000A07F0000A07F0000A07F5689C0732889D0737E
:202020000400407C6689C0740000A07F0000A07F0000A07F6689C073BC89D0736C891001B0
:202040001000207C6E89C0740000A07F0000A07F0000A07F6E89C073D489D0730000067804
:20206000D489D0730400407D0800207D6E89C0740000A07F0000A07F0000A07F6689C073B0
:20208000BE89D0736C8940011000207C6C89C0740000A07F0000A07F0000A07F6C89C07326
:2020A000D489D07300000678D489D0730400407D0800207D6C89C0740000A07F0000A07F95
:2020C0000000A07F6E89C0739889C074000040789A89C074000040789C89C0740000A07F23
:2020E0000000A07F0000A07F9889C0739E89C0740000A07F0000A07F0000A07F9A89C07340
:20210000A089C0740000A07F0000A07F0000A07F9C89C073A289C0740000AF790000A07F07
:202120000000A07F0000A07F3C89C0733C89D0733E8910013E89E0731900007C1A8A3054B2
:202140000300007F2A3F41783200007CABAA817800400A783B00007C0E00007C00400A781A
:202160006289C00E3E899007608910013C89F0731D00007C0400407C0800007C9E89C074EE
:202180000000A07F0000A07F0000A07F6289C0733C89D073608910013E89F0731D00007CFF
:2021A0000400407C1A8A3002A089C07400004078A289C0740000AF790000A07F0000A07FAF
:2021C0000000A07F188AF074F700C07AF100C07A3F00C07B3D00C07B3F00807B3D00407B5A
:2021E0000C00E07E3D00C07B000043783D00407B0700207F0000A07F0000A07F0000A07F47
:20220000100080790000A07F0000A07F803780772615D073003F85771900007C1000407CAF
:20222000188AF0730000AF790000A07F0000A07F0000A07F000040786C89C074000040787B
:202240007089C074000040787489C074000040787C89C074000040788089C07400004078CA
:202260008489C074000040788889C074000040788C89C07400004078AA89C0740000407848
:20228000AC89C074000040785489C0740000AF790000A07F0000A07F0000A07FF8FB9F797C
:2022A0000000A07F0000A07F0000A07F0000A07F0000A07F0000A07F0000807F0000A07F46
:2022C0000000A07F0000A07F0000807F0000A07F0000A07F0000A07F0000807F0000A07F46
:2022E0000000A07F0000A07F0000807F0000A07F0000A07F0000A07F0000807F0000A07F26
:1C2300000000A07F0000A07F0000807F0000A07F0000A07F0000A07F0000807F28
:202320000100A50C00000F00EE0300080F006E00FF472F000100074CFF001500124D4AD907
:2023400008001000914DF0FF75D908008BD108004BD90800000000007E0100000000000033
:20236000F800000000000000BE0000000000000030000000000000000E0000000000000069
:20238000E800000090110A0000A00000AA110A0000900000AE110A0080910000B2110A000E
:1C23A00080920000B6110A00E8890000BA110A00188A0000BE110A0000890000F4
:020000040015E5
:2000000000CE050010CE050018CE050020CE05000D0184000E0185000F01860010018700F8
:200020000000000000000000000000000000000000A0030000B003000200000000A00300C5
:2000400000B0030040CE050050CE050058CE050060CE0500090BD0000A0BD1000B0BD200A7
:200060000C0BD3000D0BD4000E0BD5000F0BD600100BD700009003000080030001000000C3
:20008000009103000080030000CE050018CE050010CE050020CE05000D0184000E0185008F
:2000A0000F018600100187000000000000000000000000000000000000B0030000A00300BC
:2000C0000200000000B0030000A0030040CE050050CE050058CE050060CE0500090BD00050
:2000E0000A0BD1000B0BD2000C0BD3000D0BD4000E0BD5000F0BD600100BD70000900300F9
:20010000008003000100000000910300008003002E002E002F0044007200690076006500BF
:2001200072002F006400650076006900630065002F006400720069007600650072006C0087
:20014000690062002F0066006C006100730068002E006300000000002E002E005C0044000A
:20016000720069007600650072005C006400650076006900630065005C00640072006900F0
:200180007600650072006C00690062005C0066006C006100730068002E00680000000000DB
:2001A0002E002E002F004400720069007600650072002F00640065007600690063006500A9
:2001C0002F006400720069007600650072006C00690062002F0073007900730063007400C8
:2001E0006C002E00630000002E002E005C004400720069007600650072005C0064006500B9
:2002000076006900630065005C006400720069007600650072006C00690062005C00640058
:20022000630063002E006800000000002E002E002F004400720069007600650072002F003C
:200240006400650076006900630065002F006400720069007600650072006C00690062003C
:200260002F006700700069006F002E00630000002E002E005C00440072006900760065005D
:2002800072005C006400650076006900630065005C006400720069007600650072006C00CC
:2002A000690062005C0078006200610072002E006800000043003A002F00740069002F001C
:2002C000630032003000300030002F004300320030003000300057006100720065005F00D7
:2002E00035005F00300031005F00300030005F00300030002F006400720069007600650042
:2003000072006C00690062002F006600320038003300380078002F0064007200690076006E
:20032000650072006C00690062002F006500700077006D002E006800000000002E002E00D5
:200340002F004400720069007600650072002F006400650076006900630065002F006400D0
:20036000720069007600650072006C00690062002F0063006C0062002E006300000000002D
:200380002E002E005C004400720069007600650072005C006400650076006900630065006D
:2003A0005C006400720069007600650072006C00690062005C0063006C0062002E006800FB
:2003C000000000002E002E002F004400720069007600650072002F0064006500760069004F
:2003E000630065002F006400720069007600650072006C00690062002F00640063006300EA
:200400002E006300000000002E002E005C004400720069007600650072005C006400650002
:2004200076006900630065005C006400720069007600650072006C00690062005C00640036
:20044000630063002E006800000000002E002E002F004400720069007600650072002F001A
:200460006400650076006900630065002F006400720069007600650072006C00690062001A
:200480002F007300630069002E006300000000002E002E005C0044007200690076006500AB
:2004A00072005C006400650076006900630065005C006400720069007600650072006C00AA
:2004C000690062005C007300630069002E0068000000000043003A002F00740069002F0068
:2004E000630032003000300030002F004300320030003000300057006100720065005F00B5
:2005000035005F00300031005F00300030005F00300030002F00640072006900760065001F
:2005200072006C00690062002F006600320038003300380078002F0064007200690076004C
:20054000650072006C00690062002F0063006C0062002E00680000002E002E002F004400C8
:20056000720069007600650072002F006400650076006900630065002F0064007200690046
:200580007600650072006C00690062002F0069006E007400650072007200750070007400BB
:2005A0002E006300000000002E002E002F004400720069007600650072002F0064006500BB
:2005C00076006900630065002F006400720069007600650072006C00690062002F006D00E6
:2005E00065006D006300660067002E00630000002E002E002F0044007200690076006500E3
:2006000072002F006400650076006900630065002F006400720069007600650072006C00A2
:20062000690062002F006100640063002E006300000000002E002E002F004400720069005D
:200640007600650072002F006400650076006900630065002F006400720069007600650065
:1606600072006C00690062002F006900700063002E0063000000DF
:200678001872313FD95BDE3E0000FE42FFFFFF3F0000803F000000000000803F000000BF5F
:20069800DB3D1F37D2C37F3F4DB8F0BEB7DF94383B1D7F3FA7C4E2BEFD4D6B39831E7E3FFF
:2006B800BFFED5BE07D5023AEAD67C3F8845CABEE827703A37537B3F5A7CBFBE0151C33A4B
:2006D800239E793F488AB5BE9B31123BB7C0773F8B59ACBE09044E3B8FC2753F0AD7A3BED3
:2006F8009AA58A3B1CAA733FFDF19BBE6305B43BCF7C713F939B94BEF713E33B463F6F3FF2
:20071800AEC68DBE28DC0B3C6CF56C3FAB6787BE5AE8283C93A26A3F2E7481BE819A483C50
:200738008F49683FEEC577BE43DC6A3CC3EC653F7F576DBEDACA873C398E633F398E63BE69
:20075800F5569B3CA92F613FC35C5ABEB905B03C89D25E3F17B751BE51CAC53C14785C3FEE
:200778005B9249BEF897DC3C53215A3FBCE441BE0D62F43C27CF573F52A53ABE148E063D1B
:200798004882553F07CC33BE175D133D533B533F7F512DBE2D98203DC7FA503F052F27BEF5
:2007B800A2392E3D0BC14E3F795E21BEF63B3C3D758E4C3F41DA1BBEDB994A3D48634A3F71
:2007D8003C9D16BE364E593DB73F483FB4A211BE2454683DEA23463F57E60CBEF5A6773D93
:2007F800FC0F443F2A6408BE16A1833D0004423F831804BEC0908B3D0000403F000000BE51
:00000001FF
