:020000040010EA
:040000004800EFDFE6
:020000040011E9
:2000000003E2BD0403E2BD0503E2BD0603E2BD0716FE1F76520006061F76410200BE001E87
:200020001F76520012061F764102021EAFE2000095E6000003E22800AFE2020095E60000A2
:2000400003E22A00AFE20600AFE2000194E6010014ADB256A60101022D7E01562E00AFE2B9
:200060001C00AFE2280110E74000007703E21C00AFE22800AFE2280100E70900AFE21E00E9
:2000800010E74000007703E21E00AFE20C00AFE2280120E70900AFE23E0000E70900AFE2F8
:2000A0000C0710E7C801007703E20C00AFE22A00AFE22A0100E70900AFE2200010E74000B6
:2000C000007703E22000AFE20200AFE2000100E70900AFE2240010E74000007703E2240023
:2000E0001A2B2D922C54E1FFC4002D920152E0FFC0002E06300F0D623C921E5202633C0A5C
:2001000000022E1E32062E0FE3FFB600EFFFB700BF561A0188E22E00007701E801FC74E264
:200120000800007700770077007703E23400AFE2340077E20000007700770077007703E2E3
:200140003600AFE21C00AFE2340100E70800007703E20A00AFE21E0077E2010000770077AA
:200160000077AFE2360000E70800007703E20800AFE2200077E20100007700770077AFE2ED
:20018000360000E70800007703E21200AFE22400AFE2340100E70900AFE23A0010E740005F
:2001A000007703E23A00AFE20800AFE2120100E70900AFE2260010E74000007703E226000C
:2001C000AFE20400AFE2340100E70800007703E20E00AFE22200AFE20E0110E7400000776A
:2001E00003E22200380A389264523364382B01E819E101E818E1AFE23A0293E50EE851B833
:2002000000E789000EE850B803E2140103E23A03AFE2260100E7400097E503E2160003E219
:200220002607AFE21600AFE2140174E209000077007701E81EE10EE856B803E21801AFE27C
:20024000220100E7700095E503E2100003E2220500023C2B93E592E591E590E52E1E03E235
:200260001C0303E21E0203E2200103E2240032062E0F04643C9214522D6590E592E591E546
:2002800097E503E2080093E596E595E594E503E20A02000203E20C0103E20E0703E2120336
:2002A00003E2140603E2160503E218041A2B03E21C0703E21E0603E2200503E2240403E2EC
:2002C000260303E23A0703E2100203E222012E1E3C2B2D9202E8D01C02E8C7212C9602E80A
:2002E000C62102E8D41C01E81DD4AFE212010BE800400AE867B00AE866B00BE8044008E854
:200300007D9302E3080A00E7B800AFE2140303E2520007E3168700BE01E3183202E8C42116
:200320000DE0466A0AE864B002E8D61CAFE210020BE806401F7652000FE3521F08061F7675
:20034000420207E346A6001E1F76520014061F764202021EAFE2000095E6000003E2280052
:20036000AFE2020095E6000003E22A0001E818D41F76440208E8789303E2360203E20007AC
:2003800008E012191F76420203E24A03AFE24A04AFE206071F76440203E23C0603E21E05B8
:2003A0001F764202AFE200061F76440203E22A041F76420294E63E0014ADB256A6010102DB
:2003C0002D7E01562E00AFE21C00AFE2280310E7C000007703E21C00AFE22800AFE22803E0
:2003E00000E71B00AFE21E0010E7C000007703E21E00AFE20C00AFE2280320E71B00AFE20F
:200400003E0000E71B00AFE20C0710E7D801007703E20C00AFE22A00AFE22A0300E71B0045
:20042000AFE2200010E7C000007703E22000AFE20200AFE2000300E71B00AFE2240010E703
:20044000C00003E24E0503E224001A2B2D922C54E1FFC4002D920152E0FFC0002E06300F4F
:200460000D623C921E5202633C0A00022E1E32062E0FE3FFB600EFFFB700BF561A0188E28A
:200480002E00007701E803FC74E21800007700770077007703E23400AFE2340077E200004E
:2004A000007700770077007703E23600AFE21C00AFE2340300E71800007703E20A00AFE2DA
:2004C0001E0077E20300007700770077AFE2360000E71800007703E20800AFE2200077E209
:2004E0000300007700770077AFE2360000E71800007703E21200AFE22400AFE2340300E7FC
:200500001B00AFE23A0010E7C000007703E23A00AFE20800AFE2120300E71B00AFE22600B0
:2005200010E7C000007703E22600AFE20400AFE2340300E71800007703E20E00AFE2220009
:20054000AFE20E0310E7C000007703E22200380A389264523364382B01E81BE101E818E141
:20056000AFE23A0495E50EE853B800E71B010EE850B803E2140303E23A05AFE2260300E76F
:20058000C00097E503E2160003E22607AFE21600AFE2140374E21B000077007701E81EE17C
:2005A0000EE856B803E21803AFE2220300E7F00094E503E2100003E2220400023C2B95E54E
:2005C00094E593E590E52E1E03E21C0503E21E0403E2200303E2240032062E0F04643C92A0
:2005E00014522B6590E594E593E597E503E2080095E596E503E20A04000203E20C0303E273
:200600000E0703E2120503E2140603E2160703E218001A2B03E21C0603E21E0403E220076C
:2006200003E2240603E2260503E23A0403E2100703E222032E1E3C2B2D9202E8D01C02E840
:20064000C7212C9602E8C62102E8D51CAFE212030BE800400AE867B00AE866B00BE8054022
:2006600000E7C000AFE2080307E054C0AFE2140409E0508000BE01E3167E02E8C5210AE8E2
:2006800065B0AFE218030DE0446302E8D51C0BE8054009E310731F76520001E81CD401E8DA
:2006A0001DD408E87C930A0600E7E4011F76430208E87D9303E24C04001E1F765200AFE2C9
:2006C0005007AFE2440416061F764302021EAFE2000095E6000003E22800AFE2020095E6AD
:2006E000000003E22A001F7644020DE038431F764302AFE2540603E24800AFE206051F7685
:20070000440203E2140603E2020703E23E041F764302AFE24C07AFE24804AFE200061F76B8
:20072000440203E2200703E22C041F76430294E62E0014ADB256A60101022D7E01562E002D
:20074000AFE21C00AFE2280410E70001007703E21C00AFE22800AFE2280400E72400AFE2AD
:200760001E0010E70001007703E21E00AFE20C00AFE2280420E72400AFE23E0000E724008A
:20078000AFE20C0710E7E001007703E20C00AFE22A00AFE22A0400E72400AFE2200010E748
:2007A0000001007703E22000AFE20200AFE2000400E72400AFE2240010E70001007703E280
:2007C00024001A2B2D922C54E1FFC4002D920152E0FFC0002E06300F0D623C921E52026397
:2007E0003C0A00022E1E32062E0FE3FFB600EFFFB700BF561A0188E22E00007701E804FC8B
:2008000074E22000007700770077007703E23400AFE2340077E20000007700770077007773
:2008200003E23600AFE21C00AFE2340400E72000007703E20A00AFE21E0077E20400007737
:2008400000770077AFE2360000E72000007703E20800AFE2200077E2040000770077007705
:20086000AFE2360000E72000007703E21200AFE22400AFE2340400E72400AFE23A0010E7F1
:200880000001007703E23A00AFE20800AFE2120400E72400AFE2260010E70001007703E26B
:2008A0002600AFE20400AFE2340400E72000007703E20E00AFE22200AFE20E0410E70001F5
:2008C000007703E22200380A389264523364382B01E81CE101E818E1AFE23A0596E50EE8D5
:2008E00054B800E764010EE850B803E2140403E23A06AFE2260400E7000197E503E2160066
:2009000003E22607AFE21600AFE2140474E224000077007701E81DE10EE855B803E2180422
:20092000AFE2220400E72801007703E2100003E2220600023C2B96E595E594E590E52E1EDF
:2009400003E21C0603E21E0503E2200403E2240032062E0F04643C9214522A6590E595E5E7
:2009600094E597E503E2080096E503E20A05000203E20C0403E20E0703E2120603E214053A
:2009800003E2160703E218001A2B03E21C0703E21E0503E2200403E2240703E2260603E2F4
:2009A0003A0503E2100403E222072E1E3C2B2D9202E8D01C50E809482C96AFE25407AFE2E1
:2009C00012040BE800408CE609001F76460213E2090108E352061F76440250E8394803E2BB
:2009E00016001F76430202E8C7218CE6090050E80048AFE208040AE867B01F7646028CE645
:200A0000000013E20A0113E20B0050E8314809E350C502E8C6218CE6090050E8044813E25F
:200A20000001AFE24E071F7644020AE866B08CE6240050E8294803E204001F7646028CE675
:200A4000090003E2560413E201011F76430250E8394802E8D71CAFE214058CE609001F762D
:200A600046020BE8074013E20F010BE34CA001E81ED450E8014808E87E938CE6090000E756
:200A80003C0113E2100109E34A851F76440250E8294803E22200AFE2480650E804481F76D5
:200AA000460202E8C5218CE609008CE6270013E215010AE865B050E831481F7643028CE6FB
:200AC0000900AFE216061F76460213E216010DE3466013E2110702E8D61C50E801B201E824
:200AE0001DD4AFE256000BE806408CE6090008E87D9313E2020013E21E0109E344A71F76F3
:200B0000440250E839B200E728018CE6090003E22E001F76460250E8044813E21F011F76C3
:200B200043028CE62600AFE218071F76450203E2000750E838B21F76460213E217068CE6DD
:200B400005001F76430250E816B2AFE210018CE630001F76460250E80FB213E220051F76ED
:200B6000440250E81DB203E23A018CE63C001F7646028CE62A0013E21D0413E21B0013E2C6
:200B80001C0296FEAFE2BE07AFE2BE06AFE2BE05AFE2BE040600BDB2BDAABDA204FEA982E9
:200BA00020FF004052C4427D417C508B4E86A30F44C21D6120FF0041A30F196120FF004272
:200BC000A30F156120FF0043A30F116120FF0044A30F0D6120FF0045A30F096120FF0046FF
:200BE000A30F056120FF0047A30F0360019A076020FFEA060A8F5A81487618E0C3187FE0ED
:200C000020FF0040A30F1D6120FF0041A30F196120FF0042A30F156120FF0043A30F1161AA
:200C200020FF0044A30F0D6120FF0045A30F096120FF0046A30F056120FF0047A30F0360B9
:200C4000019A076020FF7C090A8F5A81487618E063D020FF0040937AA30F1D6120FF004195
:200C6000A30F196120FF0042A30F156120FF0043A30F116120FF0044A30F0D6120FF004552
:200C8000A30F096120FF0046A30F056120FF0047A30F0360019A076020FF9C060A8F5A8109
:200CA000487618E020FF0040E32BA30F1D6120FF0041A30F196120FF0042A30F156120FFAD
:200CC0000043A30F116120FF0044A30F0D6120FF0045A30F096120FF0046A30F056120FF0E
:200CE0000047A30F0360019A076020FF2F080A8F5A81487618E0C3CCFEFF0250C39620FFC0
:200D00000040A30F1D6120FF0041A30F196120FF0042A30F156120FF0043A30F116120FFA9
:200D20000044A30F0D6120FF0045A30F096120FF0046A30F056120FF0047A30F0360019A3C
:200D4000076020FF5A090A8F5A81487618E060D0930660D00091931E20FF0040A30F1D61B6
:200D600020FF0041A30F196120FF0042A30F156120FF0043A30F116120FF0044A30F0D6155
:200D800020FF0045A30F096120FF0046A30F056120FF0047A30F0360019A076020FFF707BC
:200DA0000A8F5A81487618E0C31A04004292576120FF0040A30F1D6120FF0041A30F196181
:200DC00020FF0042A30F156120FF0043A30F116120FF0044A30F0D6120FF0045A30F096101
:200DE00020FF0046A30F056120FF0047A30F0360019A076020FF32070A8F5A81487618E077
:200E0000DBCCE0FF0150DB9620FF0040A30F1D6120FF0041A30F196120FF0042A30F1561E6
:200E200020FF0043A30F116120FF0044A30F0D6120FF0045A30F096120FF0046A30F0561AC
:200E400020FF0047A30F0360019A076020FFBA060A8F5A81487618E0C31A002020FF0040B0
:200E6000A30F1D6120FF0041A30F196120FF0042A30F156120FF0043A30F116120FF004444
:200E8000A30F0D6120FF0045A30F096120FF0046A30F056120FF0047A30F0360019A0760B8
:200EA00020FF7D0A0A8F5A81487618E06BD020FF00409379A30F1D6120FF0041A30F196100
:200EC00020FF0042A30F156120FF0043A30F116120FF0044A30F0D6120FF0045A30F096100
:200EE00020FF0046A30F056120FF0047A30F0360019A076020FF7D0A0A8F5A81487618E028
:200F00006DD04492939620FF0040A30F1D6120FF0041A30F196120FF0042A30F156120FFD2
:200F20000043A30F116120FF0044A30F0D6120FF0045A30F096120FF0046A30F056120FFAB
:200F40000047A30F0360019A076020FF0A0A0A8F5A81487618E0A38B08D093CCEEF302503E
:200F600008D9C19620FF0040A30F1D6120FF0041A30F196120FF0042A30F156120FF004333
:200F8000A30F116120FF0044A30F0D6120FF0045A30F096120FF0046A30F056120FF004747
:200FA000A30F0360019A076020FF0A0A0A8F5A81487618E0C1CCBBCF0850C19620FF004098
:200FC000A30F1D6120FF0041A30F196120FF0042A30F156120FF0043A30F116120FF0044E3
:200FE000A30F0D6120FF0045A30F096120FF0046A30F056120FF0047A30F0360019A076057
:2010000020FFDD0B0A8F5A81487618E040D093CCDFFF40D01050939620FF0040A30F1D612A
:2010200020FF0041A30F196120FF0042A30F156120FF0043A30F116120FF0044A30F0D6192
:2010400020FF0045A30F096120FF0046A30F056120FF0047A30F0360019A076020FFDD0B0F
:201060000A8F5A81487618E040D093CCBFFF40D08050939620FF0040A30F1D6120FF004121
:20108000A30F196120FF0042A30F156120FF0043A30F116120FF0044A30F0D6120FF00452E
:2010A000A30F096120FF0046A30F056120FF0047A30F0360019A076020FFDD0B0A8F5A819F
:2010C000487618E042D093CCFFFD42D0A91A0001939620FF0040A30F1D6120FF0041A30F4D
:2010E000196120FF0042A30F156120FF0043A30F116120FF0044A30F0D6120FF0045A30FCE
:20110000096120FF0046A30F056120FF0047A30F0360019A076020FFDD0B0A8F5A81487632
:2011200018E042D093CCFFFB42D0A91A000893964192E1FF970120FF0040A30F1D6120FF4D
:201140000041A30F196120FF0042A30F156120FF0043A30F116120FF0044A30F0D6120FF71
:201160000045A30F096120FF0046A30F056120FF0047A30F0360019A076020FF320F0A8F1B
:201180005A81487618E00CD00CD193CCFF7F9B9620FF0040A30F1D6120FF0041A30F1961DC
:2011A00020FF0042A30F156120FF0043A30F116120FF0044A30F0D6120FF0045A30F09611D
:2011C00020FF0046A30F056120FF0047A30F0360019A076020FF4F0F0A8F5A81487618E06E
:2011E00051D020FF0040BF5693FAA30F1D6120FF0041A30F196120FF0042A30F156120FF69
:201200000043A30F116120FF0044A30F0D6120FF0045A30F096120FF0046A30F056120FFC8
:201220000047A30F0360019A076020FF6B0F0A8F5A81487618E053D020FF0040BF5693FA69
:20124000A30F1D6120FF0041A30F196120FF0042A30F156120FF0043A30F116120FF004460
:20126000A30F0D6120FF0045A30F096120FF0046A30F056120FF0047A30F0360019A0760D4
:2012800020FFC20D0A8F5A81487618E00CD093920CD00250939620FF0040A30F1D6120FF30
:2012A0000041A30F196120FF0042A30F156120FF0043A30F116120FF0044A30F0D6120FF10
:2012C0000045A30F096120FF0046A30F056120FF0047A30F0360019A076020FFC20D0A8F2C
:2012E0005A81487618E00CD093920CD00150939620FF0040A30F1D6120FF0041A30F1961EB
:2013000020FF0042A30F156120FF0043A30F116120FF0044A30F0D6120FF0045A30F0961BB
:2013200020FF0046A30F056120FF0047A30F0360019A076020FF180E0A8F5A81487618E044
:201340000CD00CD193CCEFFF9B9620FF0040A30F1D6120FF0041A30F196120FF0042A30F28
:20136000156120FF0043A30F116120FF0044A30F0D6120FF0045A30F096120FF0046A30F57
:20138000056120FF0047A30F0360019A076020FF3E0E0A8F5A81487618E0A38A0CD00CD1EF
:2013A0000CDCC418FFBF93CCDFFF9B9620FF0040A30F1D6120FF0041A30F196120FF0042C1
:2013C000A30F156120FF0043A30F116120FF0044A30F0D6120FF0045A30F096120FF0046F7
:2013E000A30F056120FF0047A30F0360019A076020FFF50D0A8F5A81487618E00CD00CD154
:2014000093CCFBFF9B9620FF0040A30F1D6120FF0041A30F196120FF0042A30F156120FF7F
:201420000043A30F116120FF0044A30F0D6120FF0045A30F096120FF0046A30F056120FFA6
:201440000047A30F0360019A076020FFF50D0A8F5A81487618E00CD093920CD00850939685
:2014600020FF0040A30F1D6120FF0041A30F196120FF0042A30F156120FF0043A30F116142
:2014800020FF0044A30F0D6120FF0045A30F096120FF0046A30F056120FF0047A30F036051
:2014A000019A076020FFD80C0A8F5A81487618E047D0939247D0C050939620FF0040A30F60
:2014C0001D6120FF0041A30F196120FF0042A30F156120FF0043A30F116120FF0044A30FDE
:2014E0000D6120FF0045A30F096120FF0046A30F056120FF0047A30F0360019A076020FFE5
:20150000010D0A8F5A81487618E049D049D193CCFCFF9B9620FF0040A30F1D6120FF0041E6
:20152000A30F196120FF0042A30F156120FF0043A30F116120FF0044A30F0D6120FF004589
:20154000A30F096120FF0046A30F056120FF0047A30F0360019A076020FF010D0A8F5A81D4
:20156000487618E049D049D193CCF3FF9B9620FF0040A30F1D6120FF0041A30F196120FFC6
:201580000042A30F156120FF0043A30F116120FF0044A30F0D6120FF0045A30F096120FF39
:2015A0000046A30F056120FF0047A30F0360019A076020FFA10F0A8F5A81487618E014DB68
:2015C000C318FEFF84FEBE82BE86BE8B0600BDB2BDAABDA20CFEA98220FF0030A30F1D61F5
:2015E00020FF0032A30F196120FF0034A30F156120FF0036A30F116120FF0038A30F0D6103
:2016000020FF003AA30F096120FF003CA30F056120FF003EA30F0360019A076020FFDF066A
:201620000A8FAE82487618E02276A9A218FF0100A98AC418EFFF1A76A928581F449B421E1C
:2016400000D4A9A24876A2D4000201D4421EA9A24876A2D4A928591F449B02D4421EA9A2D8
:201660004876A2D4000203D4421EA9A24876A2D4000204D4421EA9A24876A2D4000205D4EA
:20168000421EA9A24876A2D4000206D4421EA9A24876A2D4000207D4421EA9A24876A2D4F4
:2016A000A9A200D448768BD501D4A9A248768BD502D4A9A248768BD503D4A9A248768BD530
:2016C00004D4A9A248768BD505D4A9A248768BD506D4A9A248768BD507D4A9A248768BD500
:2016E00020FF0030A30F1D6120FF0032A30F196120FF0034A30F156120FF0036A30F1161FA
:2017000020FF0038A30F0D6120FF003AA30F096120FF003CA30F056120FF003EA30F0360F8
:20172000019A076020FF76050A8FAE82487618E0227612D0180200BE16D1931E14D01B02A3
:20174000931E18D000029BC2931E1A7620FF0030A30F1D6120FF0032A30F196120FF003401
:20176000A30F156120FF0036A30F116120FF0038A30F0D6120FF003AA30F096120FF003C81
:20178000A30F056120FF003EA30F0360019A076020FF92050A8FAE82487618E0227620D1FF
:2017A000008F777722D000029BA8931E1A7620FF0030A30F1D6120FF0032A30F196120FF19
:2017C0000034A30F156120FF0036A30F116120FF0038A30F0D6120FF003AA30F096120FF29
:2017E000003CA30F056120FF003EA30F0360019A076020FFB2050A8FAE82487618E0227634
:201800000CD0000200BE0AD1931E0ED0931E10D09BC2931E1A7620FF0030A30F1D6120FFF5
:201820000032A30F196120FF0034A30F156120FF0036A30F116120FF0038A30F0D6120FFC0
:20184000003AA30F096120FF003CA30F056120FF003EA30F0360019A076020FFEB050A8FA3
:20186000AE82487618E0227624D0000200BE26D1931E28D09BC2931E1A7620FF0030A30FF7
:201880001D6120FF0032A30F196120FF0034A30F156120FF0036A30F116120FF0038A30F50
:2018A0000D6120FF003AA30F096120FF003CA30F056120FF003EA30F0360019A076020FF3F
:2018C000CE050A8FAE82487618E0227600BE1CD11ED000029BC2931E1A7620FF0030A30FE4
:2018E0001D6120FF0032A30F196120FF0034A30F156120FF0036A30F116120FF0038A30FF0
:201900000D6120FF003AA30F096120FF003CA30F056120FF003EA30F0360019A076020FFDE
:201920000B060A8FAE82487618E02276003108D000B600BE0002D3A993C3F3C2E31E1A76E8
:2019400020FF0030A30F1D6120FF0032A30F196120FF0034A30F156120FF0036A30F116197
:2019600020FF0038A30F0D6120FF003AA30F096120FF003CA30F056120FF003EA30F036096
:20198000019A076020FF26060A8FAE82487618E022762AD00002931E1A7600B600BE00D45E
:2019A00042C344C2461EA9A24876979F00B600BE000201D442C344C2461EA9A24876979F80
:2019C00000B600BE000202D442C344C2461EA9A24876979F20FF0030A30F1D6120FF00323D
:2019E000A30F196120FF0034A30F156120FF0036A30F116120FF0038A30F0D6120FF003AF7
:201A0000A30F096120FF003CA30F056120FF003EA30F0360019A076020FF89030A8FAE824F
:201A2000487618E022763ED00002931E1A7620FF0030A30F1D6120FF0032A30F196120FFEC
:201A40000034A30F156120FF0036A30F116120FF0038A30F0D6120FF003AA30F096120FFA6
:201A6000003CA30F056120FF003EA30F0360019A076020FF56060A8FAE82487618E022760C
:201A80003CD00002931E1A7620FF0030A30F1D6120FF0032A30F196120FF0034A30F156180
:201AA00020FF0036A30F116120FF0038A30F0D6120FF003AA30F096120FF003CA30F05614E
:201AC00020FF003EA30F0360019A076020FF91060A8FAE82487618E020FF0030A30F1D61DE
:201AE00020FF0032A30F196120FF0034A30F156120FF0036A30F116120FF0038A30F0D61FE
:201B000020FF003AA30F096120FF003CA30F056120FF003EA30F0360019A076020FFD30374
:201B20000A8FAE82487618E02276A9A20CBE408D020100B6008D040118FF0100A98A9BC2B9
:201B4000010293C3C498CC991A7620FF0030A30F1D6120FF0032A30F196120FF0034A30FDA
:201B6000156120FF0036A30F116120FF0038A30F0D6120FF003AA30F096120FF003CA30F7D
:201B8000056120FF003EA30F0360019A076020FFD3030A8FAE82487618E02276A9A20DBE49
:201BA00000B6008D040118FF0100A98A9BC2010293C3C498CC991A7620FF0030A30F1D610C
:201BC00020FF0032A30F196120FF0034A30F156120FF0036A30F116120FF0038A30F0D611D
:201BE00020FF003AA30F096120FF003CA30F056120FF003EA30F0360019A076020FFD30394
:201C00000A8FAE82487618E02276A9A20EBE00B6008D040118FF0100A98A9BC2010293C34D
:201C2000C498CC991A7620FF0030A30F1D6120FF0032A30F196120FF0034A30F156120FFBD
:201C40000036A30F116120FF0038A30F0D6120FF003AA30F096120FF003CA30F056120FFAC
:201C6000003EA30F0360019A076020FFD3030A8FAE82487618E02276A9A20FBE00B6008DA8
:201C8000040118FF0100A98A9BC2010293C3C498CC991A76472B008F00A44AA847884A83BA
:201CA00020FF0030A30FA659C55A1D6120FF0032A30F196120FF0034A30F156120FF00363A
:201CC000A30F116120FF0038A30F0D6120FF003AA30F096120FF003CA30F056120FF003E24
:201CE000A30F0360019A076020FF73060A8FAE82487618E020FF003020D9A30F4CB21D6140
:201D000020FF0032A30F196120FF0034A30F156120FF0036A30F116120FF0038A30F0D61DB
:201D200020FF003AA30F096120FF003CA30F056120FF003EA30F0360019A076020FFD30352
:201D40000A8FAE82487618E02276A9A2408D02014CC4008D040118FF0100A98A9BC293AACA
:201D60000102C498CC991A76470A4A0601094A1E47921F5294698CFEBE82BE86BE8B060058
:201D8000BDB2BDAABDA20CFEA98220FF0030A30F1D6120FF0032A30F196120FF0034A30FD8
:201DA000156120FF0036A30F116120FF0038A30F0D6120FF003AA30F096120FF003CA30F3B
:201DC000056120FF003EA30F0360019A076020FFDF060A8FAE82487618E02276A9A218FFAC
:201DE0000100A98AC418EFFF1A76A928581F449B421E00D4A9A24876A2D4000201D4421E44
:201E0000A9A24876A2D4A928591F449B02D4421EA9A24876A2D4000203D4421EA9A2487624
:201E2000A2D4000204D4421EA9A24876A2D4000205D4421EA9A24876A2D4000206D4421E7D
:201E4000A9A24876A2D4000207D4421EA9A24876A2D4A9A200D448768BD501D4A9A248762C
:201E60008BD502D4A9A248768BD503D4A9A248768BD504D4A9A248768BD505D4A9A2487660
:201E80008BD506D4A9A248768BD507D4A9A248768BD520FF0030A30F1D6120FF0032A30FD9
:201EA000196120FF0034A30F156120FF0036A30F116120FF0038A30F0D6120FF003AA30F32
:201EC000096120FF003CA30F056120FF003EA30F0360019A076020FF76050A8FAE82487690
:201EE00018E0227612D0190200BE16D1931E14D01B02931E18D000029BC2931E1A7620FFA6
:201F00000030A30F1D6120FF0032A30F196120FF0034A30F156120FF0036A30F116120FFD1
:201F20000038A30F0D6120FF003AA30F096120FF003CA30F056120FF003EA30F0360019A54
:201F4000076020FF92050A8FAE82487618E0227620D1008F777722D000029BA8931E1A7667
:201F600020FF0030A30F1D6120FF0032A30F196120FF0034A30F156120FF0036A30F116171
:201F800020FF0038A30F0D6120FF003AA30F096120FF003CA30F056120FF003EA30F036070
:201FA000019A076020FFB2050A8FAE82487618E022760CD0000200BE0AD1931E0ED0931E7B
:201FC00010D09BC2931E1A7620FF0030A30F1D6120FF0032A30F196120FF0034A30F15610C
:201FE00020FF0036A30F116120FF0038A30F0D6120FF003AA30F096120FF003CA30F056109
:2020000020FF003EA30F0360019A076020FFEB050A8FAE82487618E0227624D0000200BE72
:2020200026D1931E28D09BC2931E1A7620FF0030A30F1D6120FF0032A30F196120FF003413
:20204000A30F156120FF0036A30F116120FF0038A30F0D6120FF003AA30F096120FF003C98
:20206000A30F056120FF003EA30F0360019A076020FFCE050A8FAE82487618E0227600BE0D
:202080001CD11ED000029BC2931E1A7620FF0030A30F1D6120FF0032A30F196120FF003476
:2020A000A30F156120FF0036A30F116120FF0038A30F0D6120FF003AA30F096120FF003C38
:2020C000A30F056120FF003EA30F0360019A076020FF0B060A8FAE82487618E022760031FC
:2020E00008D000B600BE0002D3A993C3F3C2E31E1A7620FF0030A30F1D6120FF0032A30FF8
:20210000196120FF0034A30F156120FF0036A30F116120FF0038A30F0D6120FF003AA30FCF
:20212000096120FF003CA30F056120FF003EA30F0360019A076020FF26060A8FAE8248767C
:2021400018E022762AD00002931E1A7600B600BE00D442C344C2461EA9A24876979F00B606
:2021600000BE000201D442C344C2461EA9A24876979F00B600BE000202D442C344C2461E61
:20218000A9A24876979F20FF0030A30F1D6120FF0032A30F196120FF0034A30F156120FF6A
:2021A0000036A30F116120FF0038A30F0D6120FF003AA30F096120FF003CA30F056120FF47
:2021C000003EA30F0360019A076020FF89030A8FAE82487618E022763ED00002931E1A7697
:2021E00020FF0030A30F1D6120FF0032A30F196120FF0034A30F156120FF0036A30F1161EF
:2022000020FF0038A30F0D6120FF003AA30F096120FF003CA30F056120FF003EA30F0360ED
:20222000019A076020FF56060A8FAE82487618E022763CD00002931E1A7620FF0030A30FBA
:202240001D6120FF0032A30F196120FF0034A30F156120FF0036A30F116120FF0038A30F86
:202260000D6120FF003AA30F096120FF003CA30F056120FF003EA30F0360019A076020FF75
:2022800091060A8FAE82487618E020FF0030A30F1D6120FF0032A30F196120FF0034A30F27
:2022A000156120FF0036A30F116120FF0038A30F0D6120FF003AA30F096120FF003CA30F36
:2022C000056120FF003EA30F0360019A076020FFD3030A8FAE82487618E02276A9A20CBE03
:2022E000408D020100B6008D040118FF0100A98A9BC2010293C3C498CC991A7620FF003025
:20230000A30F1D6120FF0032A30F196120FF0034A30F156120FF0036A30F116120FF0038C5
:20232000A30F0D6120FF003AA30F096120FF003CA30F056120FF003EA30F0360019A076021
:2023400020FFD3030A8FAE82487618E02276A9A20DBE00B6008D040118FF0100A98A9BC26B
:20236000010293C3C498CC991A7620FF0030A30F1D6120FF0032A30F196120FF0034A30FB2
:20238000156120FF0036A30F116120FF0038A30F0D6120FF003AA30F096120FF003CA30F55
:2023A000056120FF003EA30F0360019A076020FFD3030A8FAE82487618E02276A9A20EBE20
:2023C00000B6008D040118FF0100A98A9BC2010293C3C498CC991A7620FF0030A30F1D61E4
:2023E00020FF0032A30F196120FF0034A30F156120FF0036A30F116120FF0038A30F0D61F5
:2024000020FF003AA30F096120FF003CA30F056120FF003EA30F0360019A076020FFD3036B
:202420000A8FAE82487618E02276A9A20FBE00B6008D040118FF0100A98A9BC2010293C324
:20244000C498CC991A76472B008F20A44AA847884A8320FF0030A30FA659C55A1D6120FF1C
:202460000032A30F196120FF0034A30F156120FF0036A30F116120FF0038A30F0D6120FF74
:20248000003AA30F096120FF003CA30F056120FF003EA30F0360019A076020FF73060A8FCE
:2024A000AE82487618E020FF003020D9A30F4CB21D6120FF0032A30F196120FF0034A30F3E
:2024C000156120FF0036A30F116120FF0038A30F0D6120FF003AA30F096120FF003CA30F14
:2024E000056120FF003EA30F0360019A076020FFD3030A8FAE82487618E02276A9A2408DDE
:2025000002014CC4008D040118FF0100A98A9BC293AA0102C498CC991A76470A4A06010932
:202520004A1E47921F5294698CFEBE82BE86BE8B0600BDB2BDAABDA20CFEA98220FF0030D6
:20254000A30F1D6120FF0032A30F196120FF0034A30F156120FF0036A30F116120FF003883
:20256000A30F0D6120FF003AA30F096120FF003CA30F056120FF003EA30F0360019A0760DF
:2025800020FFDF060A8FAE82487618E02276A9A218FF0100A98AC418EFFF1A76A928581FE8
:2025A000449B421E00D4A9A24876A2D4000201D4421EA9A24876A2D4A928591F449B02D4D5
:2025C000421EA9A24876A2D4000203D4421EA9A24876A2D4000204D4421EA9A24876A2D4AB
:2025E000000205D4421EA9A24876A2D4000206D4421EA9A24876A2D4000207D4421EA9A2DE
:202600004876A2D4A9A200D448768BD501D4A9A248768BD502D4A9A248768BD503D4A9A2AA
:2026200048768BD504D4A9A248768BD505D4A9A248768BD506D4A9A248768BD507D4A9A290
:2026400048768BD520FF0030A30F1D6120FF0032A30F196120FF0034A30F156120FF003690
:20266000A30F116120FF0038A30F0D6120FF003AA30F096120FF003CA30F056120FF003E7A
:20268000A30F0360019A076020FF76050A8FAE82487618E0227612D0180200BE16D1931E20
:2026A00014D01B02931E18D000029BC2931E1A7620FF0030A30F1D6120FF0032A30F1961E4
:2026C00020FF0034A30F156120FF0036A30F116120FF0038A30F0D6120FF003AA30F09611A
:2026E00020FF003CA30F056120FF003EA30F0360019A076020FF92050A8FAE82487618E0BE
:20270000227620D1008F777722D000029BA8931E1A7620FF0030A30F1D6120FF0032A30FB9
:20272000196120FF0034A30F156120FF0036A30F116120FF0038A30F0D6120FF003AA30FA9
:20274000096120FF003CA30F056120FF003EA30F0360019A076020FFB2050A8FAE824876CB
:2027600018E022760CD0000200BE0AD1931E0ED0931E10D09BC2931E1A7620FF0030A30F93
:202780001D6120FF0032A30F196120FF0034A30F156120FF0036A30F116120FF0038A30F41
:2027A0000D6120FF003AA30F096120FF003CA30F056120FF003EA30F0360019A076020FF30
:2027C000EB050A8FAE82487618E0227624D0000200BE26D1931E28D09BC2931E1A7620FFE1
:2027E0000030A30F1D6120FF0032A30F196120FF0034A30F156120FF0036A30F116120FFE9
:202800000038A30F0D6120FF003AA30F096120FF003CA30F056120FF003EA30F0360019A6B
:20282000076020FFCE050A8FAE82487618E0227600BE1CD11ED000029BC2931E1A7620FFD0
:202840000030A30F1D6120FF0032A30F196120FF0034A30F156120FF0036A30F116120FF88
:202860000038A30F0D6120FF003AA30F096120FF003CA30F056120FF003EA30F0360019A0B
:20288000076020FF0B060A8FAE82487618E02276003108D000B600BE0002D3A993C3F3C284
:2028A000E31E1A7620FF0030A30F1D6120FF0032A30F196120FF0034A30F156120FF0036BB
:2028C000A30F116120FF0038A30F0D6120FF003AA30F096120FF003CA30F056120FF003E18
:2028E000A30F0360019A076020FF26060A8FAE82487618E022762AD00002931E1A7600B66C
:2029000000BE00D442C344C2461EA9A24876979F00B600BE000201D442C344C2461EA9A272
:202920004876979F00B600BE000202D442C344C2461EA9A24876979F20FF0030A30F1D612A
:2029400020FF0032A30F196120FF0034A30F156120FF0036A30F116120FF0038A30F0D618F
:2029600020FF003AA30F096120FF003CA30F056120FF003EA30F0360019A076020FF890350
:202980000A8FAE82487618E022763ED00002931E1A7620FF0030A30F1D6120FF0032A30F4D
:2029A000196120FF0034A30F156120FF0036A30F116120FF0038A30F0D6120FF003AA30F27
:2029C000096120FF003CA30F056120FF003EA30F0360019A076020FF56060A8FAE824876A4
:2029E00018E022763CD00002931E1A7620FF0030A30F1D6120FF0032A30F196120FF0034A9
:202A0000A30F156120FF0036A30F116120FF0038A30F0D6120FF003AA30F096120FF003CCE
:202A2000A30F056120FF003EA30F0360019A076020FF91060A8FAE82487618E020FF003086
:202A4000A30F1D6120FF0032A30F196120FF0034A30F156120FF0036A30F116120FF00387E
:202A6000A30F0D6120FF003AA30F096120FF003CA30F056120FF003EA30F0360019A0760DA
:202A800020FFD3030A8FAE82487618E02276A9A20CBE408D020100B6008D040118FF0100E5
:202AA000A98A9BC2010293C3C498CC991A7620FF0030A30F1D6120FF0032A30F196120FFC1
:202AC0000034A30F156120FF0036A30F116120FF0038A30F0D6120FF003AA30F096120FF16
:202AE000003CA30F056120FF003EA30F0360019A076020FFD3030A8FAE82487618E0227602
:202B0000A9A20DBE00B6008D040118FF0100A98A9BC2010293C3C498CC991A7620FF0030B6
:202B2000A30F1D6120FF0032A30F196120FF0034A30F156120FF0036A30F116120FF00389D
:202B4000A30F0D6120FF003AA30F096120FF003CA30F056120FF003EA30F0360019A0760F9
:202B600020FFD3030A8FAE82487618E02276A9A20EBE00B6008D040118FF0100A98A9BC242
:202B8000010293C3C498CC991A7620FF0030A30F1D6120FF0032A30F196120FF0034A30F8A
:202BA000156120FF0036A30F116120FF0038A30F0D6120FF003AA30F096120FF003CA30F2D
:202BC000056120FF003EA30F0360019A076020FFD3030A8FAE82487618E02276A9A20FBEF7
:202BE00000B6008D040118FF0100A98A9BC2010293C3C498CC991A76472B008F40A44AA864
:202C000047884A8320FF0030A30FA659C55A1D6120FF0032A30F196120FF0034A30F156183
:202C200020FF0036A30F116120FF0038A30F0D6120FF003AA30F096120FF003CA30F0561BC
:202C400020FF003EA30F0360019A076020FF73060A8FAE82487618E020FF003020D9A30FEF
:202C60004CB21D6120FF0032A30F196120FF0034A30F156120FF0036A30F116120FF003810
:202C8000A30F0D6120FF003AA30F096120FF003CA30F056120FF003EA30F0360019A0760B8
:202CA00020FFD3030A8FAE82487618E02276A9A2408D02014CC4008D040118FF0100A98A00
:202CC0009BC293AA0102C498CC991A76470A4A0601094A1E47921F5294698CFEBE82BE869E
:202CE000BE8B0600BDB2BDAABDA20CFEA98220FF0030A30F1D6120FF0032A30F196120FF00
:202D00000034A30F156120FF0036A30F116120FF0038A30F0D6120FF003AA30F096120FFD3
:202D2000003CA30F056120FF003EA30F0360019A076020FFDF060A8FAE82487618E02276B0
:202D4000A9A218FF0100A98AC418EFFF1A76A928581F449B421E00D4A9A24876A2D40002A7
:202D600001D4421EA9A24876A2D4A928591F449B02D4421EA9A24876A2D4000203D4421E89
:202D8000A9A24876A2D4000204D4421EA9A24876A2D4000205D4421EA9A24876A2D400023F
:202DA00006D4421EA9A24876A2D4000207D4421EA9A24876A2D4A9A200D448768BD501D48C
:202DC000A9A248768BD502D4A9A248768BD503D4A9A248768BD504D4A9A248768BD505D4F1
:202DE000A9A248768BD506D4A9A248768BD507D4A9A248768BD520FF0030A30F1D6120FF45
:202E00000032A30F196120FF0034A30F156120FF0036A30F116120FF0038A30F0D6120FFCA
:202E2000003AA30F096120FF003CA30F056120FF003EA30F0360019A076020FF76050A8F22
:202E4000AE82487618E0227612D0190200BE16D1931E14D01B02931E18D000029BC2931EF7
:202E60001A7620FF0030A30F1D6120FF0032A30F196120FF0034A30F156120FF0036A30F44
:202E8000116120FF0038A30F0D6120FF003AA30F096120FF003CA30F056120FF003EA30F52
:202EA0000360019A076020FF92050A8FAE82487618E0227620D1008F777722D000029BA83B
:202EC000931E1A7620FF0030A30F1D6120FF0032A30F196120FF0034A30F156120FF0036E5
:202EE000A30F116120FF0038A30F0D6120FF003AA30F096120FF003CA30F056120FF003EF2
:202F0000A30F0360019A076020FFB2050A8FAE82487618E022760CD0000200BE0AD1931E85
:202F20000ED0931E10D09BC2931E1A7620FF0030A30F1D6120FF0032A30F196120FF003435
:202F4000A30F156120FF0036A30F116120FF0038A30F0D6120FF003AA30F096120FF003C89
:202F6000A30F056120FF003EA30F0360019A076020FFEB050A8FAE82487618E0227624D0AB
:202F8000000200BE26D1931E28D09BC2931E1A7620FF0030A30F1D6120FF0032A30F196137
:202FA00020FF0034A30F156120FF0036A30F116120FF0038A30F0D6120FF003AA30F096131
:202FC00020FF003CA30F056120FF003EA30F0360019A076020FFCE050A8FAE82487618E099
:202FE000227600BE1CD11ED000029BC2931E1A7620FF0030A30F1D6120FF0032A30F196104
:2030000020FF0034A30F156120FF0036A30F116120FF0038A30F0D6120FF003AA30F0961D0
:2030200020FF003CA30F056120FF003EA30F0360019A076020FF0B060A8FAE82487618E0FA
:203040002276003108D000B600BE0002D3A993C3F3C2E31E1A7620FF0030A30F1D6120FFA3
:203060000032A30F196120FF0034A30F156120FF0036A30F116120FF0038A30F0D6120FF68
:20308000003AA30F096120FF003CA30F056120FF003EA30F0360019A076020FF26060A8F0F
:2030A000AE82487618E022762AD00002931E1A7600B600BE00D442C344C2461EA9A2487695
:2030C000979F00B600BE000201D442C344C2461EA9A24876979F00B600BE000202D442C370
:2030E00044C2461EA9A24876979F20FF0030A30F1D6120FF0032A30F196120FF0034A30F26
:20310000156120FF0036A30F116120FF0038A30F0D6120FF003AA30F096120FF003CA30FC7
:20312000056120FF003EA30F0360019A076020FF89030A8FAE82487618E022763ED00002E3
:20314000931E1A7620FF0030A30F1D6120FF0032A30F196120FF0034A30F156120FF003662
:20316000A30F116120FF0038A30F0D6120FF003AA30F096120FF003CA30F056120FF003E6F
:20318000A30F0360019A076020FF56060A8FAE82487618E022763CD00002931E1A7620FF18
:2031A0000030A30F1D6120FF0032A30F196120FF0034A30F156120FF0036A30F116120FF1F
:2031C0000038A30F0D6120FF003AA30F096120FF003CA30F056120FF003EA30F0360019AA2
:2031E000076020FF91060A8FAE82487618E020FF0030A30F1D6120FF0032A30F196120FF18
:203200000034A30F156120FF0036A30F116120FF0038A30F0D6120FF003AA30F096120FFCE
:20322000003CA30F056120FF003EA30F0360019A076020FFD3030A8FAE82487618E02276BA
:20324000A9A20CBE408D020100B6008D040118FF0100A98A9BC2010293C3C498CC991A76EF
:2032600020FF0030A30F1D6120FF0032A30F196120FF0034A30F156120FF0036A30F11615E
:2032800020FF0038A30F0D6120FF003AA30F096120FF003CA30F056120FF003EA30F03605D
:2032A000019A076020FFD3030A8FAE82487618E02276A9A20DBE00B6008D040118FF01008A
:2032C000A98A9BC2010293C3C498CC991A7620FF0030A30F1D6120FF0032A30F196120FF99
:2032E0000034A30F156120FF0036A30F116120FF0038A30F0D6120FF003AA30F096120FFEE
:20330000003CA30F056120FF003EA30F0360019A076020FFD3030A8FAE82487618E02276D9
:20332000A9A20EBE00B6008D040118FF0100A98A9BC2010293C3C498CC991A7620FF00308D
:20334000A30F1D6120FF0032A30F196120FF0034A30F156120FF0036A30F116120FF003875
:20336000A30F0D6120FF003AA30F096120FF003CA30F056120FF003EA30F0360019A0760D1
:2033800020FFD3030A8FAE82487618E02276A9A20FBE00B6008D040118FF0100A98A9BC219
:2033A000010293C3C498CC991A76472B008F60A44AA847884A8320FF0030A30FA659C55AB1
:2033C0001D6120FF0032A30F196120FF0034A30F156120FF0036A30F116120FF0038A30FF5
:2033E0000D6120FF003AA30F096120FF003CA30F056120FF003EA30F0360019A076020FFE4
:2034000073060A8FAE82487618E020FF003020D9A30F4CB21D6120FF0032A30F196120FFA2
:203420000034A30F156120FF0036A30F116120FF0038A30F0D6120FF003AA30F096120FFAC
:20344000003CA30F056120FF003EA30F0360019A076020FFD3030A8FAE82487618E0227698
:20346000A9A2408D02014CC4008D040118FF0100A98A9BC293AA0102C498CC991A76470A05
:203480004A0601094A1E47921F5294698CFEBE82BE86BE8B060003E2BD0403E2BD0503E294
:2034A000BD0603E2BD071CFE1F765200AFE2000000E3022A04E304A11F76400202E3045063
:2034C0001F76480207921F7640021AE30603000A17E05600AFE2080112E05480015203E2A8
:2034E00052000A611F765200AFE21801AFE21A0002E31C69096F1F765200AFE21201AFE2D5
:20350000140002E316691F76400200E3101C02E3144F1BE312221F76520016E046941EE31B
:203520000C4103E244021F76400203E24200AFE20A071F764C0202E334561F7640021EE349
:20354000028D1F76520003E250010DE30E941F76400200921AE30C8B1F76520009E310103D
:20356000A0521F76400216E04889AFE20E0703E24E0100E31A131F7652001EE31E8E1F76A8
:203580004002AFE2180503E24C011F765200AFE220001F764002AFE216041F7652001BE30A
:2035A000268F10E324DE19E328D01F76400200E31C2C1DE31E271FE04A49356303E21E01F8
:2035C000AFE24406AFE2480703E21C0403E21602AFE24A01AFE24605AFE2420003E21206A6
:2035E00003E20207AFE25404AFE2560203E2180103E2100503E21A03AFE24C06AFE2500746
:2036000003E21400AFE2520103E2060403E20402AFE24E0503E20E0603E20A0703E2080132
:20362000EFFFE9011F764402AFE220050BE32C7700E7FD01007720E7AD010077007777E238
:203640002D00007700770077AFE2220050E82FB203E2260500E32E3500E76D01007720E7E3
:20366000AD010077007777E22D00007700770077007703E2280550E82EB2AFE21E050BE380
:203680002A4500E76D01007720E72D000077007777E22D00007700778CE638008CE6370006
:2036A00003E2240501E866DE1F76460213E2140750E82DB213E213000EE86E668CE62D005A
:2036C00002E8DF2813E212050AE8372B1F764A02AFE20C0050E805B21F7646028CE62D00B0
:2036E00001E860DE13E231050EE8686600E7B5001F7645020BE34AEE02E8DF2050E82A4883
:203700000CE87F940CE0022D01E866DE02E8D8200EE86E6600E77D010CE8789407E0589A70
:2037200001E867DE02E8D62050E82A480EE86F6606E05A120BE8064050E8134801E860DEC1
:2037400009E05CDB0EE8686607E00A92AFE2520750E814480EE004120077007777E2120027
:203760000077007702E8C7210AE867B005E008DD01E866DE50E81A480EE86E668CE61200A1
:20378000AFE2500001E04A9201E865DE1F76440277E2120001E867DE0EE86F6602E8C02155
:2037A0000AE860B004E00A13AFE24E0650E813480DE00CD20EE86D668CE61B0077E2120002
:2037C00002E8C62101E867DE0AE866B00EE86F6605E34C9003E050CB50E8134801E00E5281
:2037E00077E2090002E86E1E77E212000FE806008CE61B0002E8C0210AE860B004E04E13EA
:2038000001E860DE03E0108A50E813480EE868661F7645028CE61F0050E80A48AFE24603DC
:2038200006E00C09007701E865DE77E209000EE86D6602E8D61C0BE806401F76440203E3E9
:2038400044888CE6130050E80A4801E018490077007777E2090002E8D01C01E865DE0BE806
:2038600000400EE86D6602E3420800E728008CE6160003E21A0177E2000050E80A4802E8AC
:20388000D11C8CE615000BE8014000E70800AFE2580203E21C0050E801481F7646028CE6D5
:2038A0001000AFE25A0213E221008CE61000AFE25C0213E224008CE6100001E862DE13E2CB
:2038C00025000EE86A668CE62000AFE2560413E2220000E710010077007777E202000077B1
:2038E0001F76440202E8C4210AE864B000E7A00001E864DE03E206001F76460250E800481E
:203900000EE86C668CE60000AFE2540213E2030000E7A0000077007777E2020000778CE6D5
:20392000090002E8C4210AE864B000E7A0001F76440203E208001F764002C8E2000450E89D
:2039400000481F764602AFE248028CE6000013E2020713E2260313E20C0613E20D0513E2D6
:20396000040074E2100113E20E0197E593E51F764A0277E2000096E591E595E594E503E2E1
:203980000E0050E802B21F764002002B8CE610001F76460213E232001F76400292E503E272
:2039A000060703E2120703E2080303E2140303E20A0603E2160603E2040403E20E0103E254
:2039C000020203E2100403E2180503E21A0103E21C0203E21E04AFE24A07AFE25003AFE287
:2039E0004E061F76460213E2050713E2000313E201061F7640029CFE03E20C05AFE2BE07E4
:203A0000AFE2BE06AFE2BE05AFE2BE040600BDB2BDAABDA203E2BD0403E2BD0503E2BD067A
:203A200003E2BD070AFEA982CFE61E00CFE60C00CFE60500437C058F00E7447DAFE25C076D
:203A400003E24602A9A8A30F0B61058F40E7A9A8A30F0661058F80E7A9A8A30F0360019AA9
:203A600006600A8FE2814502487618E094E6250014AD106274E2600174E2390100770077E0
:203A8000007710E7000010E74900007710E70B000C6F74E23801007700770077007710E722
:203AA0000000007790E8030001E819E1AFE2460090E81B400EE851B800E7080000770077AB
:203AC00074E2180001E81FE10EE857B800E7B901007700E74200007741E7293600778AE664
:203AE0001A00058F00E774E20901A9BF1A0F30FF20E7C000A9868AE609008AE60000A9A8E1
:203B000003E24801A30FA1BF120F0B61058F40E7A9A8A30F0661058F80E7A9A8A30F036052
:203B2000019A076020FF18020A8F0482487618E02276A38A14DCC41A01001A76058F00E7D6
:203B4000A9A8A30F0B61058F40E7A9A8A30F0661058F80E7A9A8A30F0360019A076020FF4F
:203B600035020A8F0482487618E02276A38A14DCC41A02001A76058F00E7A9A8A30F0B612A
:203B8000058F40E7A9A8A30F0661058F80E7A9A8A30F0360019A06600A8F0482F7024876C8
:203BA00018E02276C3CCF0FF0550C3961A76058F00E7A9A8A30F0B61058F40E7A9A8A30F11
:203BC0000661058F80E7A9A8A30F0360019A076020FF53010A8F0482487618E02276C3CCAC
:203BE0001FFF5050C3961A76058F00E7A9A8A30F0B61058F40E7A9A8A30F0661058F80E714
:203C0000A9A8A30F0360019A076020FF72010A8F0482487618E02276C3CCFF0FA91A00508D
:203C2000C3961A76058F00E7A9A8A30F0B61058F40E7A9A8A30F0661058F80E7A9A8A30F8E
:203C40000360019A076020FFCC020A8F0482487618E0227628D093CCE00F44CA28D0A91A96
:203C600000A093961A76058F00E7A9A8A30F0B61058F40E7A9A8A30F0661058F80E7A9A890
:203C8000A30F0360019A076020FFA8020A8F0482487618E0227624D093CCE00F43CA24D094
:203CA000A91A00A093961A76058F00E74AB2A9A8A30F0B61058F40E7A9A8A30F0661058F49
:203CC00080E7A9A8A30F0360019A076020FF2F030A8F0482487618E00402A20F076920FFA9
:203CE00030030A8F0482487618E04A06076020FF31030A8F0482487618E04806076020FF09
:203D000032030A8F0482487618E0012920FFFFFFA20F076720FF33030A8F0482487618E009
:203D20004AC40F8FFFFFA9A8A60F076720FF34030A8F0482487618E048C40F8FFFFFA9A841
:203D4000A60F076720FF35030A8F0482487618E0227608D14A920AD09B9693CCF0FFA9883D
:203D600010D10AD04A060F914892A6CB93970CD0937A12D09B9693CCF0FFA98812D0480678
:203D80000F91A6CB93971A76058F00E7A9A8A30F0B61058F40E7A9A8A30F0661058F80E74E
:203DA000A9A8A30F0360019A076020FF97010A8F0482487618E02276C3CCFFF8A91A000A24
:203DC000C3961A76058F00E7A9A8A30F0B61058F40E7A9A8A30F0661058F80E7A9A8A30FED
:203DE0000360019A076020FF15010A8F0482487618E02276C3CC8FFFA050C3961A76058F32
:203E000000E7A9A8A30F0B61058F40E7A9A8A30F0661058F80E7A9A8A30F0360019A0760C4
:203E200020FF34010A8F0482487618E02276C3CCFF0FA91A00A0C3961A76058F00E7A9A80C
:203E4000A30F0B61058F40E7A9A8A30F0661058F80E7A9A8A30F0360019A06600A8F04829E
:203E6000D902487618E02276C3CCF8FF0A50C3961A76058F00E7A9A8A30F0B61058F40E7AB
:203E8000A9A8A30F0661058F80E7A9A8A30F0360019A076020FFFE010A8F0482487618E062
:203EA00014D093411B6D058F00E7A9A8A30F0B61058F40E7A9A8A30F0661058F80E7A9A867
:203EC000A30F0360019A076020FFE3010A8F0482487618E014D09340CD6C058F00E7A9A837
:203EE000A30F0B61058F40E7A9A8A30F0661058F80E7A9A8A30F0360019A076020FFFE01FE
:203F00000A8F0482487618E014D09341BC56A900BD56A9018AFEAFE2BE07AFE2BE06AFE2D8
:203F2000BE05AFE2BE04BE82BE86BE8B0600BDB2BDAABDA204FE52C4A98220FF003044C2CB
:203F400050C4A30F4E86A45942C21D6120FF0032A30F196120FF0034A30F156120FF0036FB
:203F6000A30F116120FF0038A30F0D6120FF003AA30F096120FF003CA30F056120FF003E61
:203F8000A30F0360019A06600A8F9E813302487618E02276A192E1FF3E010152E1FFA000AB
:203FA0000252E0FFDE0120FF0030A30F1D6120FF0032A30F196120FF0034A30F156120FF59
:203FC0000036A30F116120FF0038A30F0D6120FF003AA30F096120FF003CA30F056120FF09
:203FE000003EA30F0360019A076020FFD3030A8FC081487618E02276A9A202BE408D020174
:20400000008D040118FF0100A98A9BC293AA0102C498CC991A7620FF0030A30F1D6120FF37
:204020000032A30F196120FF0034A30F156120FF0036A30F116120FF0038A30F0D6120FF98
:20404000003AA30F096120FF003CA30F056120FF003EA30F0360019A076020FFD3030A8F95
:20406000C081487618E0227606BEA9A218FF01009BC242C4A98A008D0401010293C2C498AE
:20408000CC991A7620FF0030A30F1D6120FF0032A30F196120FF0034A30F156120FF00365F
:2040A000A30F116120FF0038A30F0D6120FF003AA30F096120FF003CA30F056120FF003E20
:2040C000A30F0360019A076020FFD3030A8FC081487618E022760ABEEFFF360120FF003070
:2040E000A30F1D6120FF0032A30F196120FF0034A30F156120FF0036A30F116120FF0038C8
:20410000A30F0D6120FF003AA30F096120FF003CA30F056120FF003EA30F0360019A076023
:2041200020FFD3030A8FC081487618E02276A9A201BE408D0201008D040118FF0100A98AAB
:204140009BC293AA0102C498CC991A7620FF0030A30F1D6120FF0032A30F196120FF003422
:20416000A30F156120FF0036A30F116120FF0038A30F0D6120FF003AA30F096120FF003C57
:20418000A30F056120FF003EA30F0360019A076020FFD3030A8FC081487618E0227605BEB3
:2041A000A9A218FF01009BC242C4A98A008D0401010293C2C498CC991A7620FF0030A30FCA
:2041C0001D6120FF0032A30F196120FF0034A30F156120FF0036A30F116120FF0038A30FE7
:2041E0000D6120FF003AA30F096120FF003CA30F056120FF003EA30F0360019A076020FFD6
:20420000D3030A8FC081487618E0227609BEEFFF9B0020FF0030A30F1D6120FF0032A30FCE
:20422000196120FF0034A30F156120FF0036A30F116120FF0038A30F0D6120FF003AA30F8E
:20424000096120FF003CA30F056120FF003EA30F0360019A076020FFD3030A8FC081487680
:2042600018E02276A9A200BE408D0201008D040118FF0100A98A9BC293AA0102C498CC999A
:204280001A7620FF0030A30F1D6120FF0032A30F196120FF0034A30F156120FF0036A30F10
:2042A000116120FF0038A30F0D6120FF003AA30F096120FF003CA30F056120FF003EA30F1E
:2042C0000360019A076020FFD3030A8FC081487618E0227604BEA9A218FF01009BC242C4D4
:2042E000A98A008D0401010293C2C498CC991A7620FF0030A30F1D6120FF0032A30F196154
:2043000020FF0034A30F156120FF0036A30F116120FF0038A30F0D6120FF003AA30F0961BD
:2043200020FF003CA30F056120FF003EA30F0360019A076020FFD3030A8FC081487618E011
:20434000227608BE9BC2A9A244C418FF0100A98A008D0401010293C2C498CC991A761A7639
:2043600084FEBE82BE86BE8B0600BDB202FE068F0100A959A9A84876FFD70002421E4876DC
:20438000CBCD01D40002487642D900D4000248762FD8068F0102A9A84876FFD70002421E5B
:2043A00001024876CBCD01D40102487642D900D4010248762FD848761BE00052076020FFC6
:2043C000EA060A8F2682487618E0A9F50040A9187FE0A9F4004048761BE00052076020FF8A
:2043E0007C090A8F2682487618E0A928350CA9F4634048761BE00052076020FF9C060A8F23
:204400002682487618E0009AA9F4044048761BE00052076020FF2F080A8F2682487618E004
:20442000A9F50040A9CCFEFF0250A9F4004048761BE00052076020FF5A090A8F268248760A
:2044400018E0A9BF60400091A9BD604048761BE00052076020FF10080A8F2682487618E025
:20446000A9F50040A918FBFFA9F4004048761BE00052076020FFBA060A8F2682487618E07E
:20448000A9F50040A91A0020A9F4004048761BE00052076020FF0A0A0A8F2682487618E0E2
:2044A000A9F50840A9CCEEF30250A9F4084048761BE00052076020FF0A0A0A8F26824876E5
:2044C00018E0A9F50840A9CCBBCF0850A9F4084048761BE00052076020FF7D0A0A8F268269
:2044E000487618E0A1F46B4048761BE00052076020FF7D0A0A8F2682487618E0A1F46D4075
:2045000048761BE00052076020FFAE0C0A8F2682487618E0009AA9F4414048761BE0005296
:20452000076020FFAE0C0A8F2682487618E0009A1F769202A9F4434005921D6048761BE094
:204540000052076020FF5A0C0A8F2682487618E0909AA9F4404048761BE00052076020FF4E
:204560005A0C0A8F2682487618E0A9280009A9F442405B6F48761BE00052076020FF5A0C24
:204580000A8F2682487618E0069AA9F4404048761BE00052076020FF5A0C0A8F2682487671
:2045A00018E0069AA9F4424048761BE00052076020FF340D0A8F2682487618E0A9F5474056
:2045C000A9CCFEFF0250A9F4474048761BE00052076020FF340D0A8F2682487618E0A9F58C
:2045E0004740A9CCF7FF1050A9F4474048761BE00052076020FF5E0D0A8F2682487618E052
:20460000A9F547400450A9F4474048761BE00052076020FF5E0D0A8F2682487618E0A9F56C
:2046200047402050A9F4474048761BE00052076020FFD80C0A8F2682487618E0A9F54740CE
:20464000C050A9F4474048761BE00052076020FF010D0A8F2682487618E0A9F54940A918A8
:20466000FCFFA9F4494048761BE00052076020FF010D0A8F2682487618E0A9F54940A9189B
:20468000F3FFA9F4494048761BE00052076020FFC20D0A8F2682487618E0A9F50C40A91800
:2046A000FDFFA9F40C4048761BE00052076020FFC20D0A8F2682487618E0A9F50C40A91813
:2046C000FEFFA9F40C4048761BE00052076020FF8F0D0A8F2682487618E0A9F50C40A91825
:2046E000FFDFA9F40C4048761BE00052076020FF8F0D0A8F2682487618E0A9F50C40A91824
:20470000FFEFA9F40C4048761BE00052076020FFA10F0A8F2682487618E0A9F51440A918D7
:20472000FEFFA9F4144048761BE00052076020FF66100A8F2682487618E02276A9F5804097
:20474000009AA9F480401A7648761BE00052076020FFB6120A8F2682487618E02276A9F54C
:2047600097407F50A9F497401A7648761BE00052076020FFDE120A8F2682487618E022767F
:20478000A9F59840FF50A9F498401A7682FEBE8B0600BDB203E2BD0403E2BD0503E2BD061C
:2047A00003E2BD070CFE1F76520001E898F8AFE20603AFE2080210E7D400AFE20A0110E753
:2047C00064000EE8D06900E700011F764A0203E21A0014E0444020E756004FE800C001E8C9
:2047E00051F920E718000DE8595500E70D00AFE2080703E21605AFE20A001F764C020BE3AD
:2048000020E10AE308131F764A0200E75B00AFE62D0001E899F80EE8D16900E78E0100E7A3
:204820007D010CE018061F764C0210E72D000DE30ACE03E24605AFE2220500E77501AFE24B
:2048400046061DE3087EAFE2060500E77501008F009320E77D01AFE20A0603E2E405AFE2E6
:20486000040500E7750120E75600007720E7F30014D01AE048DEAFE21C0503E2D403AFE201
:20488000020307E3067318E30A0507E3205CAFE2080503E24A03AFE2040307E30A5D00E7A0
:2048A0002C0122D120E70401040627E31E1DAFE21C0403E2F403AFE2060307E3942300E7CE
:2048C000EB0016D020E7F300AFE2140503E2940328D0AFE2160310E75B01941E32D0AFE2AD
:2048E000280503E24C03AFE23C0307E3946B2AD01AE33ADDAFE2940600E7750114E31C4FA6
:204900001AE322DA30D003E2940334D0AFE23603AFE230051AE31EDEAFE2380503E294034B
:2049200010D0AFE2340307E3945D0BE304AE0DE308F700E7BA000CD020E78A002BE34AAF50
:204940002EE39496AFE21C0703E2C402AFE2000205E31EFA00E792010ED020E7BA00AFE280
:204960000C0603E2940212D00E06AFE20E020C1E03E2940528061CE3109620D0AFE2120500
:204980002A1E12061DE0946A24D0101E03E2940518D0AFE21E05AFE2940200E7AA001AD0DE
:2049A00025E34C16AFE2180403E294022ED0AFE21A0215E09C2602E84A0608E8D27E1F76F4
:2049C0004A0206E3949A2CD003E2240016E01C91AFE2440303E2940203E2200326D0AFE2EA
:2049E0004402AFE2480303E2260203E2220303E29404AFE2460303E21E0302E84B061F7651
:204A00004C0216C51AC408E8D37E3006AFE22C05321E14C318C294E61D0014AD0C6502E8A2
:204A20004B06AFE22C0408E8D37E20E7E300007703E22C032CD02ED194069C1EAFE22E059B
:204A4000AFE22E03AFE22E04AFE22E060AD071E22D0008D117E32E271F764A0210E7F601BB
:204A600078E22D0071E23B0071E2360071E2240079E2370003E2080578E2260079E21D00A5
:204A800003E29C07AFE20E0403E2940603E20A0512E8041114AD5A631F764402AFE2360346
:204AA00012E8030514AD5263AFE2380312E8030514AD4C63AFE23A0312E8030514AD466306
:204AC00020D093E596E503E2940395E594E597E51F764C0222D030D103E2940624D003E2DA
:204AE000940626D003E2C40503E2D40403E2E40703E2F40503E2340503E22C0403E29C0752
:204B000003E22E0603E294030CD003E294030ED003E2940510D003E2940412D003E294078D
:204B200014D003E2940516D003E2940418D003E294071AD003E2940528D003E294042AD071
:204B400003E2940732D003E294061F76550003E21001AFE24407AFE24806AFE2460103E2FC
:204B600012018CFE03E2140703E21606AFE2BE0703E21800AFE2BE06AFE2BE0503E21A029A
:204B8000AFE2BE04BE8B060003E2BD0403E2BD0503E2BD0603E2BD0724FE1F76480204923E
:204BA00001520B601F7646023E92075206601F765400BF560001046F1F765400002B1F76B0
:204BC00048020A920152036048763DCB1F76480201E888C601E88DC601E88FC601E88CC6A8
:204BE000C8E23801C8E22003C8E239060DE8B8B80DE8BDB80DE8BFB80DE8BCB800E742004F
:204C0000059200E7E80000E7B901C8E22107C8E2220501E88EC60DE8BEB80FE0420001E828
:204C20008FC6C8E223040DE8BFB80BE0448001E88EC6C8E224050DE8BEB809E046C001E8E0
:204C40008FC6C8E225040DE8BFB80BE0488001E88EC6C8E226050DE8BEB81F76540009E0BE
:204C60004AC005961F76480201E88FC60892C8E227040DE8BFB80BE04C8001E88EC6C8E2F9
:204C800028051F7654000DE8BEB8039609E04EC01F76480201E88FC60192C8E229040DE887
:204CA000BFB80BE0508001E88EC6C8E22A051F7654000DE8BEB8019609E052C01F764802E7
:204CC00001E88FC60292C8E22B040DE8BFB80BE0548001E88EC6C8E22C051F7654000DE808
:204CE000BEB809E056C002961F76480201E88FC60992C8E22D040DE8BFB80BE0588001E8FC
:204D00008EC6C8E22E051F7654000DE8BEB809E05AC004961F76480201E88FC6C8E22F0477
:204D20000DE8BFB80BE05C800692C8E2300501E88EC61F76450202C40DE8BEB81F764802A0
:204D400009E05EC001E88FC6C8E231040DE8BFB8C8E235030BE0608001E88EC6C8E23205F8
:204D60000DE8BEB809E062C001E88CC60BE064B8C8E233000DE8BCB800E7260001E88CC6ED
:204D8000C8E234000DE8BCB800E7250001E888C60DE8B8B800E7C40001E888C6C8E236035F
:204DA0000DE8B8B81F76540006E3420303E20603AFE2440303E20803AFE2460303E20A03F5
:204DC000AFE2480303E20C03AFE24A0303E20E03AFE24C0303E21003AFE24E0303E212037B
:204DE000AFE2500303E21403AFE2520303E21603AFE2540303E21803AFE2560303E21A031B
:204E0000AFE2580303E21C03AFE25A0303E21E03AFE25C0303E22003AFE25E0303E22203BA
:204E2000AFE2600303E22403AFE2620303E22603AFE2640303E228031F764802C8E23703A3
:204E40001F76540003E22A071F764802C8E217071F76540003E22C061F764802C8E2180605
:204E60001F76540003E22E051F764802C8E219051F76540003E2300401E864EE0EE86C6685
:204E800003E2320001E888C60DE8B8B800E7C00001E863EE0EE86B6603E2340001E860EE67
:204EA0000EE868660FE036220CE038D91F7655000AE01C0403E21E0303E220001F76540002
:204EC0003AC243601F76480201E860EE01E862EE01E866EEC8E21301C8E20E05C8E210036F
:204EE0000EE86866C8E211040EE86A660EE86E6600E7470000E7520101E865EE00E7F00024
:204F0000C8E20F030EE86D661F76550003E202001F764802C8E20D001F76540001E03C7728
:204F200001E865EE01E867EE03E23E060EE86D660EE86F661F76550000E7390107E0004206
:204F400003E2060103E204001F765200AFE23600A4FE51E8801E1F764602AFE2BE07AFE291
:204F6000BE068CE60000AFE2BE0513E23300AFE2BE040600BDB2BDAABDA208FE52C4A98E9E
:204F800054A3A6060F61418F0000A9A0A60F0861438F0000A9A0A60FB056A701046000B62F
:204FA000026F02B600BEA492B156A601A93A0B612FFF0020A00F0460858D40E7066F858DB6
:204FC00080E7036F858D00E7A9A9AC2817002256009B1F90AC281200A9BD120FA9A92256C9
:204FE000009B1F90A9BD160F8BE60000A9A9009BFF90A9BD1E0F8BE609008FE800E08FE814
:205000000AE0007700E710008BE619000077007774E20A0000770077007774E20B0011E8A1
:2050200002FC14AD1E6374E24000007700770077007710E70000007790E80148007750E8E0
:2050400008B2007720E742008AE609008AE612000077A9BF160FA4BF1A0F30FFA982066F7C
:2050600002E8B024008FA40418D3458F00E700E71800A9A08AE60000A20F03E244000C6196
:20508000458F40E7A9A0A20F046122760402066F22760202036F22760102458F4CD3C598AA
:2050A000CD991A762276A28314DDC51A0100A28328D014DDC51A0200C2CCF0FF0550C29653
:2050C000C2CC1FFF5050C296C2CCFF0FA91A0050C29692CCE00FA7CA28D0A91A00A09296E4
:2050E00024D092CCE00FA6CA24D0A91A00A092961A7644C4040246A848C2A30F076920FFA9
:2051000030030A8FF480487618E04606076020FF31030A8FF480487618E04806076020FFFC
:2051200032030A8FF480487618E0012920FFFFFFA30F076720FF33030A8FF480487618E0F8
:2051400046C40F8FFFFFA9A8A60F076720FF34030A8FF480487618E048C40F8FFFFFA9A823
:20516000A60F076720FF35030A8FF480487618E0227608D146920AD09A9692CCF0FFA98821
:2051800010D10AD046060F914892A6CB92970CD0927B12D09A9692CCF0FFA98812D048064B
:2051A0000F91A6CB9297C2CCFFF8A91A000AC296C2CCF8FF0A50C2961A7614D0448A92926E
:2051C00003903960A9A8376114D092920390336081DCA9A8306114D0929203902C6081DCC9
:2051E000A9A8296114D092920390256081DCA9A8226114D0929203901E6081DCA9A81B6140
:2052000014D092920390176081DCA9A8146114D092920390106081DCA9A80D6114D092922A
:205220000390096081DCA9A8066114D0929281DC0390C96114D0009A929303910253B156A8
:20524000A90188FEBE82BE86BE8B0600009A4876CDDDA92800024876CDDDA928000348767C
:20526000CDDDA92800044876CDDDA92800054876CDDDA928000D4876CDDDA928000E487626
:20528000CDDDA92800104876CDDDA92800124876CDDDA92800184876CDDD019A4876CDDD7C
:2052A000A92801014876CDDD029A4876CDDDA92802014876CDDDA92802024876CDDDA92865
:2052C00002034876CDDDA92802044876CDDDA92802054876CDDDA92802064876CDDDA928D0
:2052E00002074876CDDDA92802084876CDDDA92802094876CDDDA928020A4876CDDDA928A0
:20530000020B4876CDDDA928020C4876CDDDA928020D4876CDDDA928020E4876CDDDA9286F
:20532000020F4876CDDD039A4876CDDDA92803014876CDDDA92803024876CDDDA92803039D
:205340004876CDDDA92803044876CDDDA92803054876CDDDA92803064876CDDD049A4876C6
:20536000CDDDA92804014876CDDDA92804024876CDDD069A4876CDDDA92806014876CDDDBE
:20538000079A4876CDDDA92807014876CDDDA92807024876CDDDA92807034876CDDD089A9C
:2053A0004876CDDDA92808014876CDDDA92808024876CDDDA92808034876CDDD099A48765B
:2053C000CDDDA92809014876CDDD0A9A4876CDDDA9280A014876CDDD0B9A4876CDDDA928B2
:2053E0000B014876CDDDA9280B104876CDDD0D9A4876CDDDA9280D014876CDDDA9280D02AF
:205400004876CDDDA9280D034876CDDD0E9A4876CDDDA9280E014876CDDDA9280E024876E4
:20542000CDDDA9280E034876CDDDA9280E044876CDDDA9280E054876CDDDA9280E0648763E
:20544000CDDDA9280E074876CDDDA92810104876CDDDA92810114876CDDDA92810124876F0
:20546000CDDD119A4876CDDDA92811014876CDDDA92811024876CDDDA92811034876CDDD8B
:20548000A92811044876CDDDA92811054876CDDDA92811064876CDDDA92811074876CDDDCE
:2054A000129A4876CDDDA92812014876CDDDA92812104876CDDDA92812114876CDDDA92804
:2054C00012124876CDDDA92812134876CDDDA92812144876CDDDA92812154876CDDDA92852
:2054E00012164876CDDDA92812174876CDDD149A4876CDDD159A4876CDDDA92815014876E8
:20550000CDDDA92815024876CDDD179A4876CDDDA9280A044876CDDD060090E51F764002DF
:2055200003E2BD0403E2040003E2060003E2080003E20A0003E20C0003E20E0003E202004A
:2055400003E2160003E2180003E21A0003E21C0003E21E0003E2BD051F76440203E2BD0626
:2055600003E2000003E2020003E2040003E2060003E2080003E20A0003E2120003E21400BF
:2055800003E216001F764502000203E20C001F76440203E2BD0703E20C0003E20E0003E2F4
:2055A000100003E21E0003E2200003E2220003E2240003E2260003E2280003E22A0003E2B7
:2055C0002C0003E22E001F76450203E202001F76430203E2080003E20A0003E20C0003E23D
:2055E0000E0003E2120094E593E592E591E595E596E503E2140097E503E2160003E2180066
:205600001A2B03E21C0003E21E0003E2200003E2240003E2260003E2280003E22A002C2BB5
:205620002D2B2E1E301E321EB10203E2340003E2360003E23A0003E2220003E210003C2BBF
:2056400003E23E0002E8D02F03E2040001E860EA0EE8686603E2060001E818CC08E87893AB
:20566000321E9102301E000203E23E0090E51F76410203E2080003E20A0003E20C0003E2D5
:205680000E0003E2120003E2140003E2160003E218001A2B03E21C0003E21E0003E22000C6
:2056A00003E2240003E2260003E2280003E22A002C2B2D2B2E1E301E321EB10203E2340055
:2056C00003E2360003E23A0003E2220003E210003C2B03E23E0002E8D02F03E2040001E84F
:2056E00060EA0EE8686603E2060001E818CC08E87893321E9102301E000203E23E0090E51E
:205700001F76420203E2080003E20A0003E20C0003E20E0003E2120003E2140003E2160005
:2057200003E218001A2B03E21C0003E21E0003E2200003E2240003E2260003E2280003E218
:205740002A002C2B2D2B2E1E301E321EB10203E2340003E2360003E23A0003E2220003E294
:2057600010003C2B03E23E0002E8D02F03E2040001E860EA0EE8686603E2060001E818CC0E
:2057800008E87893321E91021F764002002B1F76450203E2080703E20A0603E204051F76E1
:2057A000440203E2300403E2320303E234021F76450203E206011F764202AFE2BE07AFE2CD
:2057C000BE06AFE2BE05AFE2BE04301E03E23E000600BDB2BDAABDA203E2BD0403E2BD0565
:2057E00008FE1F7692024596010201561000A6BF0452A9BF0052A603A61EA92800E1A828D1
:20580000F505AC1E4256A600A7A9A92800C2A7BD160F00B6A828EB0B0556A600ABBD120F14
:20582000A7BD1E0FA9BD260F007792E594E520FFE80365E565E565E565E565E565E565E5C5
:2058400065E565E565E565E565E565E565E565E565E565E565E565E565E565E565E565E5A8
:2058600065E565E565E565E565E565E565E565E565E5A60FA1BF120FE8FFDF0048761BE0D9
:205880000052076020FF95090A8F2682487618E0A9F563404696E1FFD000A1BD160F00BE8D
:2058A00001290356A901A9BD1E0FA6BD220FA9BD120F00770077007792E564E564E564E556
:2058C00064E564E564E564E564E5CFE61500CFE62100A6BF260FCFE6030068E564E564E58A
:2058E00064E564E564E564E564E564E56AE5481EA9BF1A0FAFE24803A607A9BD160F4876DA
:205900001BE092E54693A85A64E564E564E564E564E564E564E564E50052A1BF1A0F0760B0
:2059200020FFB9080A8F2682487618E0A9AAA3F5044030FFA98648761BE00052076020FF72
:205940003D090A8F2682487618E0A9F50540A940046DA9AAA301026FA30EA9BD160FA2BDCA
:205960001E0F00770077007792E564E564E564E564E564E564E564E564E548C4A7BF1A0F3B
:205980000129A60640FFA7A35D56A100AB0F076454FFAB0F06655756A600036F5D56A60099
:2059A0001F769202A9A968FF12A932FFAC10141E45923C616402AB0F116400026419AB0FE9
:2059C0000D6200020119160F04690102015616000302160FB9560801346F089201522060E8
:2059E0000A02AB0F036400020A19A7A34156AB00ABBD160F007700770077AFE2480368E5AE
:205A000064E564E564E564E564E564E564E564E56AE50077A9BF1A0F0463A607026FA9B207
:205A2000468869FF42C2487637BC1F7692020002082B161E066F01021F76920201561800D9
:205A400088FEAFE2BE0569FFAFE2BE04BE82BE86BE8B0600BDB2BDAABDA206FEA9860090E6
:205A6000A81800C0A98200D1009AA8280080A30F0D61A8280040A30F0961A9A2076120FFA2
:205A80004C010A8FD080487618E0058F2ED2C440BD56A900EDFF04012276058F0ED2C418ED
:205AA000FDFF1A7617024076D1C0058F08D2C4CC0300A988058F32D2C4CC0200A980A9AA22
:205AC000A80E5AFFAB920390A927A792A6CAA988AA2BA9A9A60F12612276058F0ED2C41806
:205AE000FEFF1A760C024076D1C0A9AA00900391487666D40B024076D1C02276058F22D2E1
:205B0000C4CCC0FFC4961A76A8280080009AA30F1061A8280040A30F0C61A9A2E0FF8E0058
:205B20002276058F0ED2C418FEFF1A76EFFF8B00A9AA46AA00907C91012935FF5AFF058F4C
:205B400014D24692FF904696452B4606ABCAAACB461EA9AA46FF5AFFAB180000AA181F007D
:205B60004606ABCAAACB461EC406009BFF90C4A3468BAB180000AA18001FABCAAACBC4A36A
:205B8000AB180000AA181F00ABCAAACB058F0ED2A61EC4CC0100A980A9B2A60F0460A792D8
:205BA000015250612276C418FEFF1A760C024076D1C022760129458F14D2A9AAABAA058FD3
:205BC0000ED2C5B247FFAB180000AA180300A918007C0091458F16D2C41A01001AFF01001D
:205BE000A61EC5CC010001521961058F16D2A6061561C440136D81DEA6061061C4400E6D65
:205C000081DEA6060B61C440096D81DEA6060661C4CC010081DE0152EB601A76A9AA42A9C5
:205C2000FF90A818FC0F01D4441EA9AA0090A81800304876BAA7A959A19201520461257659
:205C40002E6F01D1A292C7FF3F90A95A22763F520660058F22D2C4923F50086F058F22D20E
:205C6000019AC4CDC0FFA294A8CAC4961A76A8280080009AA30F07602276058F0ED2C41ABA
:205C800002001A7628024076D1C02276058F22D2C4CCC0FFA2CAC4961A76A19286FE69FF1D
:205CA000BE82BE86BE8B0600BDB202FE1F7649022041ECFF20011F7648020792E0FF1B01E2
:205CC0001F7646023F9205611F76480200920E601F76540000921F7693020D2B0E2B1F7626
:205CE0004602B1563E01E1FFD7001F7646023E920452106204524F610052E1FFDB00015284
:205D0000E1FFCA000252E1FFA20003526961EFFFEF0005522B61065206610752E1FFE1004B
:205D2000EFFFE6001F7693020D0A0D1BE8031F764602BF563901E5FFDE001F7648020192DB
:205D40001F76930201520D2B0B601F76540002921F7646020252B1563E03E1FFCC001F76EC
:205D60004602BF563E07EFFFC6001F7693020D0A1F764602BF563801392B1F7693020E2B9A
:205D80000D1BB80BE5FFB7001F764602BF563E06EFFFAE001F7693020D0A0D1BE8031F76C2
:205DA0004602BF563601BF563701E5FFA4001F76480201921F76930201520D2B0B601F7653
:205DC000540002921F7646020252B1563E07E1FF92001F764602BF563E05EFFF8C001F76A8
:205DE0004502AFE20800AFE20A01AFE2020236D1408F809137D01F76930210E740000D0A2C
:205E0000BF569D0120E71000952B95E6000012E8000714AD10640D1BA8610E2B6B653ED0FF
:205E2000A58A1F764802BF569501002B46DCC41A20005D6F0E0A0E1BDC050D2B5B650E2B3F
:205E40001F764602BF563E04556F1F7693020D0A0D921F764602362B382B372B392B0252AF
:205E60001F7693020E2B46651F76480201921F76930201520D2B0A601F76540002921F7671
:205E800046020252B1563E0535611F764602BF563E03306F1F76480200921F764602015213
:205EA000362B372B392BB0563E01B1563E021E6F1F76490217921F764602362B382B372B16
:205EC000392B0C601F7693020D0A0D1BD00712651F764602BF563E010A6F3E2B086FBF569C
:205EE0003601BF563701BF563901382B1F7693020D2B82FEBE8B060003E2BD0403E2BD05EE
:205F000004FEA9881F769302010201560200A7BF04521F764902ABBF00521F93E1FF0101DC
:205F20005D56A700A5A920FFE803A50FE8FFF300A7F56340A793E1FFEE0001290356A701AF
:205F4000A98AA92800E1A828F505AC1E4256A500A0A90556A500A0BD160F00D5A92800C258
:205F6000A828EB0BABBD120FA5BD1E0FA9BD260F0077007792E594E565E565E565E565E5A2
:205F800065E565E565E565E565E565E565E565E565E565E565E565E565E565E565E565E561
:205FA00065E565E565E565E565E565E565E565E565E565E565E565E50031A9BF120FA9BD49
:205FC000160FA4BD1E0FABBD220FA4BD120F00770077007792E564E564E564E564E564E5AA
:205FE00064E564E564E5CFE62100CFE60300CFE6150068E564E564E564E564E564E564E56B
:2060000064E564E56AE5ABBF260FA9BF1A0FAB07A9BD160FA4BD1E0FA5F5044092E5A9F5B1
:206020000540ABA864E564E564E564E564E564E564E564E5A940A0BF1A0F046DA9A9A501A6
:20604000026FA50EA9BD160FABBD1E0F007792E5A9A8A48364E564E564E564E564E564E5E0
:2060600064E564E540FFACBF1A0FABAB5D56A000AB0F076454FFAB0F06655756A500036FB1
:206080005D56A5001F769302A9A968FF04A932FFAC10061EA69244616402AB0F1164000293
:2060A0006419AB0F0D6200020119080F04690102015608000302080FB9560001366F0092D5
:2060C000015221600A02AB0F036400020A19ABAB4156AB00ABBD160FA4BD1E0F00770077F9
:2060E0000077007768E564E564E564E564E564E564E564E564E56AE50077A9BF1A0F04635F
:20610000A407026FA93AA78869FF42C24876E0CA076F01021F76930201560A00066F1F766F
:2061200093020002002B081E84FE69FFAFE2BE05AFE2BE040600BDB203E2BD0403E2BD0524
:2061400003E2BD0603E2BD0708FE1F764A02AFE21200AFE2100100E70900AFE2140010E736
:206160004000007703E21400AFE2140011E800FC14AD0865AFE21400AFE800E0007703E22F
:2061800014001F764B02008FC09202E84F02AFE2120002E8350402E83300AFE2D4011F760F
:2061A0004A0208E8DF7E00E3144608E895540DE048C008E8935450E8040008D020E76101E7
:2061C00020E7E00071E2270071E2090071E2000078E2090078E2020078E23E0001E89FF8D8
:2061E0000EE8D76920E7530010E78D0000E7FB004FE828C010E7970120E7340001E856F988
:206200000DE85E5510E7CA0109E306AF01E89EF8CFE62C000EE8D66900E77801AFE62400C5
:2062200005E0288D03E2440003E2300107E304F21F764B0202E8490603E2460608E314A0BA
:2062400006E346B51BE3F42208E8D17E01E0C43CC4C410E7BD00AFE2480011E30A6A02C2E5
:2062600003E2E4050406AFE2040532E8451A061E03E20405AFE2040715E310E802E84A065B
:2062800003E2940508E8D27E0ED0AFE208051F764A020AE02A3B03E22E040EE394B80CD064
:2062A0001F764B0210E73D00AFE2440203E2940515E30C821F764A0203E22C0094E60A0077
:2062C00014AD0E651F764B0202E84806AFE20C0108E8D07E20E70800007703E20C000CD041
:2062E0000ED11F764B0294069C1EAFE20E01AFE20E00080671E2090071E200001F764A02AC
:2063000088FE78E2090079E20000AFE2BE070C1E03E2040103E20600AFE2BE06AFE2BE053B
:20632000AFE2BE04BE8B0600BDB2BDAABDA208FEA9860090A81800C0A98B452B009AA82833
:206340000080A10F0D61A8280040A10F0961A9B2076120FF6E020A8FD080487618E02276EC
:20636000058F18D21702C418FDFF4076D1C01A76058F0AD2C4CC0300A988058F32D2C4CC7B
:206380000200A980A9AAA80E5AFFAB920390A927A792A6CAA988AA2BA9A9A60F126122760F
:2063A000058F18D2C418FEFF1A760C024076D1C0A9AA0090039148768ACF0B024076D1C0BF
:2063C000009AA8280080A10F0E61A8280040A10F0A61A9B2E0FF8F002276058F18D2C418CE
:2063E000FEFF466FA9AA48AA00907C91012935FF5AFF058F1ED24892FF904896472B4806C7
:20640000ABCAAACB481EA9AA46FF5AFFAB180000AA181F004806ABCAAACB481EC406009B94
:20642000FF90C4A34882AB180000AA18001FABCAAACBC4A3AB180000AA181F00ABCAAACB19
:20644000058F18D2A61EC4CC0100A980A9A2A60F1160A79201520E60009AA8280080A10F3B
:2064600049602276C41A020003024076D1C01A76416F2276C418FEFF0C024076D1C0458FD5
:206480001ED2058F18D2C5A2C41A01001A76A9AA058F20D200900391C440FF6C421EABAA97
:2064A000A9AAAB18FF00AA18FC0F00D40090A818003044A94876BAA7005203602576036FD8
:2064C00045280100009AA8280080A10F0B602276058F18D2030269FFC41A02004076D1C09F
:2064E0001A76459207602276058F1ED2C42B1A7625762276A292058F24D2C7FF3F90C49653
:206500001A7688FE69FFBE82BE86BE8B060002FE068F0100A9A84876FFD70002421E48768F
:20652000CBCD01D40002487642D900D4000248762FD8068F0102A9A84876FFD70002421E99
:2065400001024876CBCD010201D4487642D900D4010248762FD8068F0104A9A84876FFD716
:206560000002421E02024876CBCD00D4020248762FD8068F0106A9A84876FFD70002421EDF
:2065800003024876CBCD00D4030248762FD8068F0108A9A84876FFD70002421E0402487659
:2065A000CBCD00D4040248762FD8068F010AA9A84876FFD70002421E05024876CBCD050259
:2065C00000D448762FD8A928010EA82808014876FFD70002421E97024876CBCD00D4970217
:2065E00048762FD8A9280110A82808014876FFD70002421E98024876CBCD00D49802487609
:206600002FD8068F0110A9A84876FFD70002421E08024876CBCD00D4080248762FD8068FEE
:206620000112A9A84876FFD70002421E09024876CBCD00D4090248762FD8068F0114A9A800
:206640004876FFD70002421E0A024876CBCD00D40A0248762FD8068F0116A9A84876FFD7AC
:206660000002421E0B024876CBCD00D40B0248762FD8068F0118A9A84876FFD70002421EBA
:206680000C024876CBCD00D40C0248762FD8068F011AA9A84876FFD70002421E0D0248762B
:2066A000CBCD0D0200D448762FD8068F011CA9A84876FFD70002421E0E024876CBCD00D467
:2066C0000E0248762FD829FF01634876FFD70002421E61024876CBCD01D46102487642D999
:2066E00000D4610248762FD80202A9BD1A7F82FE060002FE4876D0C12276058F38D2458FBC
:2067000038D2C4CC0FFFC596C41A30001A760302487670DE487636DC487687B248767EC400
:206720004876E5D048762FD2487665DB4876C7C5A9280B1E469B4876FFD72F0201D44876AC
:2067400042D90002421E2F024876CBCD03D42F0248762FD8487660C04876FDDC2276058FC7
:2067600026D7C41A0100058F2ED7C41A08001A7620FF1E4E4076D1C0078F0002C4C41F76A7
:206780004702A606017E00974876EED1487654DC48765BD04876A0D048763DB44876EFD23E
:2067A000487679DF487685DF2276058F22D3C406A818FBFFC41E1A76487685DE4876FEDDD0
:2067C0002276058F22D3C4060451C41E1A764876E6DD487618DD4876B5DF20FF003848766C
:2067E000E78A20FF003A4876C08E20FF003C4876999220FF003E487672962276A9F50039ED
:206800000250A9F40039A9F5003B0250A9F4003BA9F5003D0250A9F4003DA9F5003F025017
:20682000A9F4003F1A76009A48765ADE48763DDB48766ED92276A9F52270A918FCFFA9F460
:2068400022701A761029202969FF48768DAA2276559BAA9AA8F42570A9F42570A9F52970D1
:206860002F50A9F42970A9F52970A9CCBFFF2850A9F429701A7682FE060002FEA928001252
:20688000A82808014876FFD70002421E99024876CBCD01D49902487642D9088F000EA9A8F9
:2068A0004876FFD70002421E17024876CBCD01D41702487642D9088F000CA9A84876FFD724
:2068C0000002421E16024876CBCD01D41602487642D9088F000AA9A84876FFD70002421E3A
:2068E00015024876CBCD01D41502487642D9088F0008A9A84876FFD70002421E14024876AC
:20690000CBCD01D41402487642D9088F0006A9A84876FFD70002421E13024876CBCD01D4F7
:206920001302487642D9088F0004A9A84876FFD70002421E12024876CBCD01D41202487676
:2069400042D9088F0002A9A84876FFD70002421E11024876CBCD01D41102487642D9088F7B
:206960000000A9A84876FFD70002421E10024876CBCD01D41002487642D92FFF0004A9BD10
:20698000227F608F0000108F0000C8760000009A809B84760000A9BD027F409BA9BD027F32
:2069A000A5BD027FA4BD027F2FFF0004428F0000018F0000A7BD027FA6BD027F82FEA5BDD4
:2069C000047FA4BD047FA9BD247F06001F7693020C92196101521061025203610C2B196FC4
:2069E00048763ACC049A4B9B48769DC61F769302BF560C030E6F487600801F769302BF56E6
:206A00000C02076F48764B9A1F769302BF560C0148769BB04876C9A31F764C0202E878206B
:206A2000AFE22E011F764B020AE80080AFE20E021F76930220E751000C9200E740001F76C5
:206A400046028CE60000035213E235003A601F7648020B9236611F765200068302E8D820FE
:206A600002E82B1308D0008F4E9108A30AC512C40CE878940AE86B661406941ED4A9C4A0E8
:206A80000AD0E4C3F4C21606941EAFE222010ED02A06941E1F764B020CD002E30E011F7636
:206AA000520003E2940012D000E758002C0603E2940010D0941EA92801300A9B48769DC6E5
:206AC0001F764A02048A06A308C50AC41F7646023E921F765500075208A80AA90CC30EC211
:206AE00006601F765400009201520B611F76920200921F764A02002B0D6048766DDF0A6F3F
:206B00001F764A020092C8520464487654DF026F000A487612BB06001F7693023C0620BE39
:206B20001F764902220F485622082203A60F0B671F7693023C061F7649022018FDFF240F7D
:206B40000D680D6F1F7693023CC43C061F764902201A0200240F22C20267241EA0BE240375
:206B6000A60F0B671F7693023C061F7649022018FBFF260F0D680D6F1F7693023CC43C06DE
:206B80001F764902201A0400260F24C20267261E2603008F4001A40F0B671F7693023C0685
:206BA0001F7649022018F7FF280F0D680D6F1F7693023CC43C061F764902201A0800280FDA
:206BC00026C20267281E2803008F4006A40F0B671F7693023C061F7649022018EFFF2A0F4E
:206BE0000D680D6F1F7693023CC43C061F764902201A10002A0F28C202672A1E2A03008F7E
:206C0000800CA40F076705022018DFFF2C0F1266176F1F7693023CC401021F764902201A2A
:206C200020002AC201562C0001562E0005022C0F07690A022018BFFF2E0F09660B6F00BEA8
:206C40000A02201A40002E0F2CC2046920187FFF06000002201A80002E1E0600A9BF123D95
:206C60000550A9BD123D2276A9F5503C0250A9F4503C1A7600D420FF003C4876AADCA9BF62
:206C8000143DA91880FF205001D4A9BD143DA9F5083DA918FEFFA9F4083DA9F5073D0150B1
:206CA000A9F4073DA9F5063DA918FCFFA9F4063DA9BF063DA818FFFEA9BD063D20FF003C0A
:206CC0004876AADCA9BF143DA9187FC0A91A001102D4A9BD143DA9F5083DA918FDFFA9F419
:206CE000083DA9F5073D0250A9F4073DA9F5063DA918F3FFA9F4063DA9BF063DA818FFFD5F
:206D0000A9BD063D20FF003C4876AADCA9BF143DA918FF3FA818E0FF03D4A9BD143DA9F5A8
:206D2000083D0450A9F4083DA9F5063DA918CFFFA9F4063DA9BF063DA818FFFBA9BD063D7A
:206D400020FF003C4876AADCA9BF143DA8181FF000BEA81A4006A9BD143DA9F5083DA918EB
:206D6000F7FFA9F4083DA9F5073D0850A9F4073DA9F5063DA9183FFFA9F4063DA9BF063DB5
:206D8000A818FFF7A9BD063DA6BD103D2276A9F5003DA918FDFFA9F4003D1A760600A9BFDC
:206DA000123F0550A9BD123F2276A9F5503E0250A9F4503E1A7600D420FF003E4876AADC30
:206DC000A9BF143FA91880FF305001D4A9BD143FA9F5083FA918FEFFA9F4083FA9F5073F3F
:206DE0000150A9F4073FA9F5063FA918FCFFA9F4063FA9BF063FA818FFFEA9BD063F20FFAA
:206E0000003E4876AADCA9BF143FA9187FC0A91A001902D4A9BD143FA9F5083FA918FDFF28
:206E2000A9F4083FA9F5073F0250A9F4073FA9F5063FA918F3FFA9F4063FA9BF063FA81870
:206E4000FFFDA9BD063F20FF003E4876AADCA9BF143FA918FF3FA818E0FF03D4A9BD143F01
:206E6000A9F5083F0450A9F4083FA9F5063FA918CFFFA9F4063FA9BF063FA818FFFBA9BDD4
:206E8000063F20FF003E4876AADCA9BF143FA8181FF000BEA81A0004A9BD143FA9F5083F60
:206EA000A918F7FFA9F4083FA9F5073F0850A9F4073FA9F5063FA9183FFFA9F4063FA9BFEC
:206EC000063FA818FFF7A9BD063FA6BD103F2276A9F5003FA918FDFFA9F4003F1A760600B6
:206EE00003E2BD040CD090E5408FC09203E2BD051F764B0201E804DA05E8F3FB01E81AC08C
:206F000003E2BD0602E8311D008F009306E8351D02E8361D03E295000ED003E2080003E2C8
:206F200095000CD003E2C50003E2D50003E2E50003E2F5000BE8CC9F0BE8C3F80EE835B2EF
:206F400008E87A930FE8613A0FE8663A03E294000ED003E2940010D003E2940012D003E21B
:206F6000940014D003E2940016D003E2940018D003E294001AD003E2940028D003E294008C
:206F80002AD003E2940030D003E2940032D003E294002CD003E2940002E8401203E20A00EA
:206FA0002ED01F764C0290E503E2000003E2020003E2040003E2060003E2200003E22200CF
:206FC00003E2240003E2260003E2340002E8401203E2360001E818C01F764B0208E878938F
:206FE00003E2100003E2140603E2120506E8301D1F764C020EE830B203E21C0403E23A0087
:2070000003E21E0303E2380203E23C0190E503E29400AFE2BE06AFE2BE05AFE2BE04060039
:20702000A9BF12390550A9BD12392276A9F550380250A9F450381A7600D420FF00384876E9
:20704000AADCA9BF1439A91880FF01D4A9BD1439A9F50839A918FEFFA9F40839A9F50739D4
:207060000150A9F40739A9F50639A918FCFFA9F40639A9BF0639A818FFFEA9BD063920FF45
:2070800000384876AADCA9BF1439A9187FC0A91A000102D4A9BD1439A9F50839A918FDFFD6
:2070A000A9F40839A9F507390250A9F40739A9F50639A918F3FFA9F40639A9BF0639A81812
:2070C000FFFDA9BD063920FF00384876AADCA9BF1439A918FF3FA818E0FF03D4A9BD143997
:2070E000A9F508390450A9F40839A9F50639A918CFFFA9F40639A9BF0639A818FFFBA9BD70
:20710000063920FF00384876AADCA9BF1439A8181FF000BEA81A4002A9BD1439A9F50839BD
:20712000A918F7FFA9F40839A9F507390850A9F40739A9F50639A9183FFFA9F40639A9BF87
:207140000639A818FFF7A9BD0639A6BD10392276A9F50039A918FDFFA9F400391A76060051
:20716000A9BF123B0550A9BD123B2276A9F5503A0250A9F4503A1A7600D420FF003A48769E
:20718000AADCA9BF143BA91880FF105001D4A9BD143BA9F5083BA918FEFFA9F4083BA9F56B
:2071A000073B0150A9F4073BA9F5063BA918FCFFA9F4063BA9BF063BA818FFFEA9BD063BD7
:2071C00020FF003A4876AADCA9BF143BA9187FC0A91A000902D4A9BD143BA9F5083BA91862
:2071E000FDFFA9F4083BA9F5073B0250A9F4073BA9F5063BA918F3FFA9F4063BA9BF063B89
:20720000A818FFFDA9BD063B20FF003A4876AADCA9BF143BA918FF3FA818E0FF03D4A9BDDC
:20722000143BA9F5083B0450A9F4083BA9F5063BA918CFFFA9F4063BA9BF063BA818FFFB3B
:20724000A9BD063B20FF003A4876AADCA9BF143BA8181FF000BEA9BD143BA9F5083BA9184F
:20726000F7FFA9F4083BA9F5073B0850A9F4073BA9F5063BA9183FFFA9F4063BA9BF063BBC
:20728000A818FFF7A9BD063BA6BD103B2276A9F5003BA918FDFFA9F4003B1A76060006FE43
:2072A000FF02421E20FF107248768DCCA9F51B72A91A0040A9F41B72A6F51A72A618FF7FFA
:2072C000A828FA02A92880F0A6F41A72A7F51A7207BE008F8025421EA71A008044A820FFAE
:2072E000107246C2A7F41A724876C8BCA9F511722350A9F41172A9F51A72A918FF7FA9F4E1
:207300001A72A9F51A72A91A0080A9F41A72A9F51A72A91A0080A9F41A72A9F51A72A91AC8
:207320000060A9F41A72A9F51B72A91A0020A9F41B722276088F24CAA4BDC40D1A7610029B
:20734000421E20FF1072487669D60102421E20FF10724876FCD5A9F51A72A918E0FFA9F435
:207360001A72A9F51B72629BA9CCE0FF0150A9F41B72A9F51172A918DFFFA9F41172A9F50C
:2073800011722050A9F41172A9F51A72A918FFDFA9F41A72A9F51A72A91A0020A9F41A72B2
:2073A000A9F51B72A918FFDFA9F41B72A9F51B72A91A0020A9F41B72A9280309487633D6FD
:2073C000A9280001A9F4E10C86FE060006FEFF02421E20FF207248768DCCA9F52B72A91A9C
:2073E0000040A9F42B72A6F52A72A618FF7FA828FA02A92880F0A6F42A72A7F52A7207BE60
:20740000008F0096421EA71A008044A820FF207246C2A7F42A724876C8BCA9F521722350E4
:20742000A9F42172A9F52A72A918FF7FA9F42A72A9F52A72A91A0080A9F42A72A9F52A727A
:20744000A91A0080A9F42A72A9F52A72A91A0060A9F42A72A9F52B72A91A0020A9F42B72C2
:207460002276088FEDC4A4BDB80D1A761002421E20FF2072487669D60102421E20FF207242
:207480004876FCD5A9F52A72A918E0FFA9F42A72A9F52B725C9BA9CCE0FF0150A9F42B7239
:2074A000A9F52172A918DFFFA9F42172A9F521722050A9F42172A9F52A72A918FFDFA9F485
:2074C0002A72A9F52A72A91A0020A9F42A72A9F52B72A918FFDFA9F42B72A9F52B72A91AA8
:2074E0000020A9F42B72A9280508487633D6809AA9F4E10C86FE060006FEFF02421E20FFDB
:20750000307248768DCCA9F53B72A91A0040A9F43B72A6F53A72A618FF7FA828FA02A928FA
:2075200080F0A6F43A72A7F53A7207BE008F0096421EA71A008044A820FF307246C2A7F472
:207540003A724876C8BCA9F531722350A9F43172A9F53A72A918FF7FA9F43A72A9F53A722D
:20756000A91A0080A9F43A72A9F53A72A91A0080A9F43A72A9F53A72A91A0060A9F43A72F3
:20758000A9F53B72A91A0020A9F43B722276088F5AC5A4BDBC0D1A761002421E20FF307238
:2075A000487669D60102421E20FF30724876FCD5A9F53A72A918E0FFA9F43A72A9F53B729D
:2075C0005E9BA9CCE0FF0150A9F43B72A9F53172A918DFFFA9F43172A9F531722050A9F455
:2075E0003172A9F53A72A918FFDFA9F43A72A9F53A72A91A0020A9F43A72A9F53B72A91834
:20760000FFDFA9F43B72A9F53B72A91A0020A9F43B72A9280708487633D6809AA9F4E10C7F
:2076200086FE06001F769202BDB20092BDAAE1FF8900010201560E001F76930202C402026A
:207640001F7692020AC20A0F796604926C600259A1920461A11B350C056802281A06408D67
:207660001A06227603924C60BF56060148761BE0A15A0052076020FF7D0A0A8F26824876E3
:2076800018E0A2F46B4048761BE00052076020FF7D0A0A8F2682487618E0A1F46D404876A2
:2076A0001BE00052076020FFD80C0A8F2682487618E0A9F54740C050A9F4474048761BE00A
:2076C0000052076020FF010D0A8F2682487618E0A9F54940A918FCFFA9F4494048761BE00B
:2076E0000052076020FF010D0A8F2682487618E0A9F54940A918F3FFA9F44940126F069294
:207700000560050E0788A60F0C61A1924876B5A11F76920205880102077E062B01560C0027
:207720001A76056FBF560601487618CE487654DF1F769202BF560102076FBF560101046F53
:20774000012BBF560601BE86BE8B06001F7649022044ECFF8D001F769402049203520A6210
:20776000035216610052206101521A6102521461216F0452076105521D601F7645023C9207
:20778000046F1F7645023A92487641CF126F1F76450239920C6F1F7645023892086F1F76AB
:2077A00045023792046F1F76450236924876F8CEA980013B1F7694028076B0A403560401E6
:2077C000A607A983008FE6A4A7850156C500A9A80481A98AC40AC49203524264049203525C
:2077E0000A6203521B61005231610152276102521D61336F04520A6105522F600AD01F7603
:207800004602960641FF2D96286F1F76920238061F76460241FF2C96206F1F7692023606B0
:207820001F76460241FF2A96186F1F76920234061F76460241FF2996106F1F7692023206C5
:207840001F76460241FF2896086F1F76920230061F76460241FF2B960002C42BC51E1F7630
:207860009402040A049204520264042B0600BDB203E2BD0403E2BD054AC5A61EA70630FF72
:20788000A98AA6BD160FA9BD1E0FA6BD220FA4BD120F00770077007792E564E564E564E5CD
:2078A00064E564E564E564E564E5CFE6150092E5CFE62100CFE6030064E564E564E564E568
:2078C00064E564E564E564E50077A6BF1A0FABBF260FA1A9A706A60F146748761BE0ABA8AD
:2078E0005D56A6000052A1A9076020FFBA060A8F2682487618E0A9F50040A918FFDF0F6F5B
:2079000048761BE00052076020FFBA060A8F2682487618E0A9F50040A91A0020A9F4004081
:2079200048761BE00052076020FF5A090A8F2682487618E00129ABBF6040A125AA180000A0
:20794000ABCAAACBA9BD604048761BE00052076020FFF7070A8F2682487618E0A9F50040D3
:207960000450A9F4004048761BE00052076020FF09070A8F2682487618E0A9F500404050D0
:20798000A9F40040AFE2BE05AFE2BE04BE8B0600BDB2BDAABDA202FEA98B20FF00724EC408
:2079A00050824C86A10F42C20D6120FF1072A10F096120FF2072A10F056120FF3072A10F0E
:2079C0000360019A06600A8F6A823902487618E0420606600A8F6A823A02487618E0420660
:2079E00033FFA20F06690A8F6A823B02487618E020FF0072A10F0D6120FF1072A10F096153
:207A000020FF2072A10F056120FF3072A10F0360019A076020FF23020A8F8C82487618E028
:207A20004206A2BD160F32FFA9BD1E0F0077007792E5A18A64E564E564E564E564E564E570
:207A400064E564E50ADCA6BF160FC418FFBF0129C918FCFF81DEA60647FFFF90D196A69205
:207A6000FF90D996C1CC18FFA39820FF0072C17BA10F0D6120FF1072A10F096120FF2072D2
:207A8000A10F056120FF3072A10F0360019A076020FF08020A8F8C82487618E0C91A23006E
:207AA00082FEBE82BE86BE8B0600BDB2A98BBDAA20FF0072BDA2A486A55BA10F0D6120FF12
:207AC0001072A10F096120FF2072A10F056120FF3072A10F0360019A06600A8F6A82670280
:207AE000487618E020FF0072A10F0D6120FF1072A10F096120FF2072A10F056120FF3072DE
:207B0000A10F0360019A076020FF11030A8F8C82487618E00AD0914E266DA3924C6181DB36
:207B200020FF0072A10F0D6120FF1072A10F096120FF2072A10F056120FF3072A10F036040
:207B4000019A076020FF99030A8F8C82487618E0E147E76CA2C509D087929196A7860B00D8
:207B6000E1FF296FA392276181DB20FF0072A10F0D6120FF1072A10F096120FF2072A10FA9
:207B8000056120FF3072A10F0360019A076020FFB6030A8F8C82487618E00AD091CC001F1E
:207BA000C7FF0F52E361A2C509D087929196A7860B00DDFFBE82BE86BE8B06002276A9F5BD
:207BC0000174A9CCF0FF0650A9F401741A7640D400D520FF0074487652D52276A9F50074C9
:207BE0000450A9F40074A9F500748050A9F400741A76012920FF3E9C4076D1C02276A9F5FD
:207C00000274529BA918FF7FA9F40274A9F50974A9CCE0FF0650A9F40974499AA9BD107403
:207C2000A9BF0A74A918FCFFA9BD0A74A9284980529BA9BD1274A9BF0A74A918F3FFA9BD4C
:207C40000A74499A519BA9BD1474A9BF0A74A918CFFFA9BD0A74A9284980509BA9BD16741B
:207C6000A9BF0A74A9183FFFA9BD0A74A9284980519BA9BD1874A9BF0A74A918FFFCA9BDBB
:207C80000A74499A529BA9BD1A74A9BF0A74A918FFF3A9BD0A74A9F50774A9CCF0FF055053
:207CA000A9F407741A76019AA9F404742276A9F50774A918BFFFA9F40774A9F5077420509B
:207CC000A9F407741A76060004FEA61E058F0AD2C406009B039058FF0560A9288096989BF2
:207CE000A61E058F18D203B6C406009B0390A70F3360058F1ED2C406009BFF90AC1EA6065A
:207D00004456A900A61EAC281800C4062256A6BD160F5AFFAA2BAB921F90A927A9A9010960
:207D20005AFFC406A80E009B1F900109AC1E0556AB00ABBD1E0F00770077007792E564E58C
:207D400064E564E564E564E564E564E564E50077A9BF160FA61E058F24D2C406009B0790D6
:207D6000A71E0402A70F1869A72D0102A6BD160F3B56A9BD1E0F00770077007792E564E559
:207D800064E564E564E564E564E564E564E50077A9BF160F196FA70F0767A606A9BD160FFD
:207DA000A7BD1E0FEC6FA928ABAAA828AAAAAC1E4756A600A7A9A6060556A900AC2821008B
:207DC000A7065B56A9A984FE06002276408FF0B2008F0014C47D408F5EB9008F0114C47DB3
:207DE000408F66B9008F0214C47D408F6EB9008F0314C47D408F76B9008F0414C47D408F1D
:207E00007EB9008F0514C47D408F86B9008F0614C47D408F4EB9008F0714C47D088FABDE69
:207E2000A9F510140450A9F41014A9F52514FF50A9F42514A4BDE00D088FFADEA4BDE20D62
:207E4000088F09DFA4BDE40D088F18DFA4BDE60D088F27DFA4BDE80D088F36DFA4BDEA0D78
:207E6000088F45DFA4BDEC0D088FBCDEA4BDEE0D1A76709BA928010B487633D6A928020B43
:207E8000719B487633D6A928030B729B487633D6A928040B739B487633D6A928050B749BB7
:207EA000487633D6A928060B759B487633D6A928070B769B487633D6A928080B779B4876D3
:207EC00033D623760004060005520C6205523461015262610252546103524661045238613B
:207EE000666F06521D6107520F6108526060005306601F76930232187FFF596F1F76930257
:207F0000321A8000546F005306601F7693023218BFFF4D6F1F769302321A4000486F00536B
:207F200006601F7693023218DFFF416F1F769302321A20003C6F005306601F76930232186B
:207F4000EFFF356F1F769302321A1000306F005306601F7693023218F7FF296F1F76930285
:207F6000321A0800246F005306601F7693023218FBFF1D6F1F769302321A0400186F005313
:207F800006601F7693023218FDFF116F1F769302321A02000C6F005306601F76930232186B
:207FA000FEFF056F1F769302321A01001F76930232923354066133963293029A4876D5DB65
:207FC000009A060005520C620552346101526261025254610352466104523861666F065219
:207FE0001D6107520F6108526060005306601F76930236187FFF596F1F769302361A8000AF
:20800000546F005306601F7693023618BFFF4D6F1F769302361A4000486F005306601F7633
:2080200093023618DFFF416F1F769302361A20003C6F005306601F7693023618EFFF356FC7
:208040001F769302361A1000306F005306601F7693023618F7FF296F1F769302361A0800B6
:20806000246F005306601F7693023618FBFF1D6F1F769302361A0400186F005306601F7663
:2080800093023618FDFF116F1F769302361A02000C6F005306601F7693023618FEFF056FE8
:2080A0001F769302361A01001F76930236923754066137963693029A4876F6DB009A060000
:2080C00002FE2276058F38D2458F38D2C4CC0FFFC596C41A30001A76C69BA9280E124876E5
:2080E000FFD7A9280E14C69B4876FFD7A9280E1AC69B4876FFD7A9280E1CC69B4876FFD7E4
:20810000A9280E12C89B4876FFD7A9280E14C89B4876FFD7A9280E16C89B4876FFD7A928D0
:208120000E18C89B4876FFD7A9280E0CC89B4876FFD7A9280E04C89B4876FFD7A9280E0681
:20814000C89B4876FFD7A9280E08C89B4876FFD7A9280E0AC89B4876FFD7A9280E02C89B26
:208160004876FFD70E9AC89B4876FFD7A9280E10C89B4876FFD7A9280E1EC69B4876FFD7F4
:2081800001D46C02487642D90102421E6C024876CBCD008F0010A4BD1A7F770201D44876F7
:2081A00042D90102421E77024876CBCD009A809BA9BD1A7F82FE06001B76F0FF0500BDAB4B
:2081C000BDA8BDA0BDC2BDC300E2BD0003E2BD0003E2BD0103E2BD0203E2BD0330E6000695
:2081E0000AFE69FF42291656AD5CAD5D1F76940201028ADC88DDA488AD5C022BBF56410173
:20820000A55D86DCA45CBF56420144C248769BDA46060DFF0100A61E0202A60F1D61030210
:20822000A60F0B610402A60F256048834A06008F0092487671DC1E6F48834A06008F00A3BC
:20824000487671DC1F7693024A92BF5622011F76930221960F6F48834A06008F00A148766D
:2082600071DC1F7693024A92BF561C011F7693021B961F76002A228A010280760004C41E54
:20828000A6F4E10C8AFEAFE2BE03AFE2BE02AFE2BE01AFE2BE0080E2BE00BEC5BEC4BE8327
:2082A000BE8ABE870300303BF1FF177602768052A9881C6280525D610852116208526561D0
:2082C000A680012920FF0080A70F3B61A692015265610252606104525B612D6F1052526134
:2082E00020524D6140524861266FA61B00081462A61B00083261A68020FF0001A70F366160
:20830000A68020FF0002A70F2E61A68820FF0004A60F2661106FA68020FF0010A70F1A613F
:20832000A68020FF0020A70F1261A68820FF0040A60F0A610A8FF0826E02487618E00600CB
:208340002F76FF7F06002F76FFBF06002F76FFDF06002F76FFEF06002F76FFF706002F7623
:20836000FFFB06002F76FFFD06002F76FFFE06002F767FFF06002F76BFFF06002F76DFFF99
:2083800006002F76EFFF06002F76F7FF06002F76FBFF06002F76FDFF06002F76FEFF0600A9
:2083A00002FE2276A9F529706850A9F429701A76498F0080A8280000008F00C0A928D50053
:2083C000487671DC058F00FB458F00F842A8A9A003D4407600C0066F012920FF3E9C407669
:2083E000D1C002E8400E4876C6DC0052F661209AA828879048762AAD2276058F2CD2C40681
:20840000A918F8FF0250C41E1A76289AA8288581487694B12276058F38D2458F38D2C4CCA1
:20842000F0FFC596C492C4961A76A8287D01A92840784876BCC2A61EA92800C2A828EB0B82
:20844000A60F0361487618E0A9284078A8287D014876B1DBA61EA92880F0A828FA02A60FA6
:208460000361487618E0A9284078A8287D01487664BEA61EA9284059A8287307A60F03619A
:20848000487618E0487626A9487636DC82FE0600BDB2A98B0090A81800FE58FF1861A9B227
:2084A0000090A81800FFA61E2FFF0004A60F0F612FFF0006A60F0B6100020119A10F0761C9
:2084C00020FF03030A8F1883487618E0A9B20090A81800FFA61E2FFF0002A60F0B64A60F16
:2084E0003A61013B2FFF00FEA60F0D61A60636612A6F2FFF0004A60F2B612FFF0006A60F1E
:208500002461216F0F02058F14F4C40F1C60FF9AA8280001058F34F4C40F1560A928FFFF0D
:20852000A8280002058F54F4C40F0D60A928E703A8280003058F74F4C40F0560A928FFFFBC
:20854000FF9B0F6F00020D6F058F74F4096F058F54F4066F058F34F4036F058F14F4C4062C
:20856000ABB2AACF00BEABCEAA18FF00AB0FB156A601BE8BA692060002FE058F2ED25AFF51
:20858000C440666D058F08D2C406009B0390A918FDFF58FF0560AB288096AA289800058F3E
:2085A0000ED203BEC406009B0390A60F3160058F14D2C406009BFF90AC1E0556AB00AC28CA
:2085C0001800C4062256ABBD160F421E42921F904296412B42060109421EC406A80E009BC0
:2085E0001F900109AC1E42064456A900A9BD1E0F00770077007792E564E564E564E564E5DA
:2086000064E564E564E564E50077ABBF160F058F22D2C406009B3F9058FF1E61C406ABBD6C
:20862000160F0356A9017F90A90EA9BD1E0F00770077007792E564E564E564E564E564E570
:2086400064E564E564E50077ABBF160F056FAB288096AA28980082FEA9A906002276A9F564
:208660008174A9CCF0FF0650A9F481741A7640D400D520FF8074487652D52276A9F580741E
:208680000450A9F48074A9F580748050A9F480741A76012920FF3E9C4076D1C02276A9F5D2
:2086A0008274519BA918FF7FA9F48274A9F58974A9CCE0FF0650A9F48974A9284980A9BD27
:2086C0009074A9BF8A74A918FCFFA9BD8A74A9284980509BA9BD9274A9BF8A74A918F3FF06
:2086E000A9BD8A74499A519BA9BD9474A9BF8A74A918CFFFA9BD8A74A9284980529BA9BD93
:208700009674A9BF8A74A9183FFFA9BD8A74499A529BA9BD9874A9BF8A74A918FFFCA9BDBC
:208720008A74A9284980519BA9BD9A74A9BF8A74A918FFF3A9BD8A741A7606002276A9F5F8
:208740000175A9CCF0FF0650A9F401751A7640D400D520FF0075487652D52276A9F5007539
:208760000450A9F40075A9F500758050A9F400751A76012920FF3E9C4076D1C02276A9F56E
:208780000275519BA918FF7FA9F40275A9F50975A9CCE0FF0650A9F40975A9284980A9BD42
:2087A0001075A9BF0A75A918FCFFA9BD0A75A9284980579BA9BD1275A9BF0A75A918F3FF99
:2087C000A9BD0A75499A519BA9BD1475A9BF0A75A918CFFFA9BD0A75A9284980529BA9BDAE
:2087E0001675A9BF0A75A9183FFFA9BD0A75499A529BA9BD1875A9BF0A75A918FFFCA9BD57
:208800000A75A9284980519BA9BD1A75A9BF0A75A918FFF3A9BD0A751A7606002276A9F513
:208820008175A9CCF0FF0650A9F481751A7640D400D520FF8075487652D52276A9F5807558
:208840000450A9F48075A9F580758050A9F480751A76012920FF3E9C4076D1C02276A9F50D
:208860008275519BA918FF7FA9F48275A9F58975A9CCE0FF0650A9F48975A9284980A9BD61
:208880009075A9BF8A75A918FCFFA9BD8A75A9284980509BA9BD9275A9BF8A75A918F3FF3F
:2088A000A9BD8A75499A519BA9BD9475A9BF8A75A918CFFFA9BD8A75A9284980529BA9BDCD
:2088C0009675A9BF8A75A9183FFFA9BD8A75499A509BA9BD9875A9BF8A75A918FFFCA9BDF8
:2088E0008A75A9284980519BA9BD9A75A9BF8A75A918FFF3A9BD8A751A76060002FEA92898
:208900000002A82808014876FFD70002421E91024876CBCD00D49102487642D92AFF0142F1
:208920004876FFD70002421E92024876CBCD00D49202487642D9A9280006A82808014876A8
:20894000FFD70002421E93024876CBCD930200D4487642D92AFF85214876FFD70002421EED
:208960004A024876CBCD00D44A02487642D92BFFC3104876FFD70002421E4C024876CBCDC5
:2089800000D44C02487642D92BFFC1104876FFD70002421E44024876CBCD00D44402487677
:2089A00042D929FF03434876FFD70002421E43024876CBCD00D44302487642D929FF05433B
:2089C0004876FFD70002421E45024876CBCD00D44502487642D982FE06001B76F0FF050005
:2089E000BDABBDA8BDA0BDC2BDC300E2BD0003E2BD0003E2BD0103E2BD0203E2BD0330E60B
:208A0000000602FE69FF4229165600021F7693021A1B00011E1E1A63A9F52B72C7FF1F9046
:208A20000760A9F52572A947F86C00BE056FA9F52772FF90A988008F00A0013B1F76930288
:208A4000A9A81A81A98A1A0AC47EA6F52B72A61A00401002421E20FF2072A6F42B72487641
:208A60008DCC20FF2072487664CEA9400C6C0102421E20FF207248768DCCA9F521722350CC
:208A8000A9F42172809AA9F4E10C82FEAFE2BE03AFE2BE02AFE2BE01AFE2BE0080E2BE0020
:208AA000BEC5BEC4BE83BE8ABE870300303BF1FF177602761B76F0FF0500BDABBDA8BDA0D1
:208AC000BDC2BDC300E2BD0003E2BD0003E2BD0103E2BD0203E2BD0330E6000602FE69FFE6
:208AE0004229165600021F769302201B0001241E1A63A9F53B72C7FF1F900760A9F535720C
:208B0000A947F86C00BE056FA9F53772FF90A988008F00A2013B1F769302A9A82081A98A0C
:208B2000200AC47EA6F53B72A61A00401002421E20FF3072A6F43B7248768DCC20FF30722F
:208B4000487664CEA9400C6C0102421E20FF307248768DCCA9F531722350A9F43172809A7B
:208B6000A9F4E10C82FEAFE2BE03AFE2BE02AFE2BE01AFE2BE0080E2BE00BEC5BEC4BE8343
:208B8000BE8ABE870300303BF1FF1776027602FE29FF05444876FFD70002421E5502487669
:208BA000CBCD00D45502487642D929FF0B444876FFD70002421E5B024876CBCD01D45B02C7
:208BC000487642D92AFF03424876FFD70002421E96024876CBCD960201D4487642D9A92853
:208BE000000AA82808014876FFD70002421E95024876CBCD01D49502487642D929FF0D44F1
:208C00004876FFD70002421E5D024876CBCD01D45D02487642D92BFF03114876FFD70002C8
:208C2000421E5C024876CBCD00D45C02487642D904D455024876CFD704D45B024876CFD7E9
:208C400004D496024876CFD704D495024876CFD704D45D024876CFD704D45C024876CFD738
:208C600082FE0600BDB2AB2BAA280001BDAAA459A9860090A81800FFAB0F076120FF5D01D5
:208C80000A8F1883487618E0A9AAFF91A98600D40102A20F3A610129A9AA40FFA98602DCEC
:208CA0000102A20F3261A9AA40FFA98602DC0102A20F2B61A9AA40FFA98602DC0102A20F3B
:208CC0002461A9AA40FFA98602DC0102A20F1D61A9AA40FFA98602DC0102A20F1661A9AA21
:208CE00040FFA98602DC0102A20F0F61A9AA40FFA98602DC0102A20F0861A9AA40FFA98687
:208D000002DC0102A20FC9602276A42D0302458F24F4A127AA2B3B56058F24F455FFC5CE7D
:208D2000CDCFA61EA9A93B565AFFA606ABCAAACBC41E1A76BE86BE8B0600BDB2BDAA06FE22
:208D40001F769402A95AA8590392086164024876CDDE1F7694020392FA60A21B0130BF56FA
:208D600003012961A29202521B6103520E6104522D60013B408F8091038F0090A185487698
:208D800071DC008F0410246F013B408F00A2038F0090A185487671DC008F0310196F013BEA
:208DA000408F00A0038F0090A185487671DC008F02100E6F013BA185408F4E91038F0090A1
:208DC00030FF487671DC008F0130A2921B6142A8013B038F0090A18501D544A8461E01D480
:208DE000010248768FD808021F76002A2207A98AC440086C08022207A98AC40601F0A940A4
:208E0000F36C86FE1F769402BE86032BBE8B06000652116206523561035208620352426113
:208E2000015250610252486106000452336105525561060007521E610852156109520C61BE
:208E40000A52506001530361009B026F019B039A487664BF060001530361009B026F019BC2
:208E6000029AF76F01530361009B026F019B019AF06F01530361009B026F019B059A076F21
:208E800001530361009B026F019B069A4876E2BF060001530461108F0000086F108F0000FF
:208EA0001F6F01530661208F0000A4BD047F0600208F0000156F01530361409B066F409BBA
:208EC000096F01530661809B009AA9BD047F0600809B009AA9BD027F0600088F0000A4BD21
:208EE000027F0600A9288E114A8F0000A8280000008F00A8487671DC049AA8280003487661
:208F000041C8049AA8280003487648C20052FA61029AA8280003487641C8029AA8280003BD
:208F2000487648C20052FA61209AA828000101D4487632C62276058F26F4C41A2000CC1A7C
:208F400000011A76409AA828000101D4487632C62276058F26F4C41A4000CC1A00011A766F
:208F6000809AA828000101D4487632C62276058F26F4C41A8000CC1A00011A76019AA828F5
:208F8000000101D4487632C62276058F26F4C418FEFFCC18FFFE1A76029AA828000101D473
:208FA000487632C62276058F26F4C418FDFFCC18FFFE1A76060020FFD0074076D1C000D059
:208FC000AC2B03BE00D5C57630D220FFFF01C70F0D67058F30D2C4A3AA1A0100C7A9C4A3E5
:208FE000AA18FEFFC4A9C70FF768058F30D2A828FF03C4553661268FA02501DDA9A8A50F9B
:209000002C68058F30D2A828FF03C4552A61268FA02501DDA9A8A50F2068058F30D2A82865
:20902000FF03C4551E61268FA02501DDA9A8A50F1468058F30D2A828FF03C4551261268F14
:20904000A02501DDA9A8A50F0868058F30D2A828FF03C455D160056FA09303530D60AC2B05
:20906000A09303530960058F30D2A828FF03C4550360AC28010001D800D50E00A8FFAC92A4
:209080000600BDB2A98B0090A81800FE58FF1861A9B20090A81800FFA61E2FFF0004A60FB4
:2090A0000F612FFF0006A60F0B6100020119A10F076120FFBB020A8F1883487618E0227659
:2090C000A9B20090A81800FFA61E2FFF0002A60F0B64A60F2F61013B2FFF00FEA60F0D61FE
:2090E000A6062B61306F2FFF0004A60F20612FFF0006A60F1961276F0F02058F12F4C49831
:20910000458F52F4CC99FF02058F32F4C498CC99058F72F4C506A91AFFFFC51EC406A91A5E
:20912000E703C41E106F058F72F4096F058F52F4066F058F32F4036F058F12F4A9B2C498A6
:20914000FF91CC991A76BE8B060003E2BD0402FE1F7649022043596C1F764402AFE202021D
:20916000AFE2000001E863EE1F764902C8E208040EE86B6620E7810000E71B0195E60900B8
:2091800094E6190014AD31621F764402AFE2040420E71201007795E6120094E61A0014AD01
:2091A000246220E72000007795E6000094E6180014AD1B62B0E81B48007794E6190014AD7A
:2091C000096494E61A0014AD056494E6180014AD0F631F7692021E920665FF9C64521E9656
:2091E0000C63136F1E2B116F1F7692021E0A1F7692021E92645209641F764702051A040067
:209200001F769202BF561E6482FEAFE2BE040600BDB2A98B20FF0074A10F0D6120FF80744E
:20922000A10F096120FF0075A10F056120FF8075A10F0360019A06600A8F3C8379024876B1
:2092400018E0C9CC4000078F3802A927A9285A5AC4543C6020FF8074A10F126120FF00759E
:20926000A10F0B6120FF8075A10F0461C7762801096FC7764C01066FC7764001036FC7769F
:209280003401227605BE00D509B5A600A9B2A50DA98A878770D002DD94AB00770077AB922E
:2092A0001460A18AA18370DC72DDC4060090C41EA18AC50678D9009076DCC51EC4060090AE
:2092C000C41EC1060090C11E1A76BE8B060006FE48763BD78076350C408F350C008F350CAC
:2092E00020FF004142C244A001D546A801D44876CB858076350C408F350C008F350C20FF49
:20930000004242C244A001D546A801D44876CB858076350C408F350C008F350C20FF004303
:2093200042C244A001D546A801D44876CB858076350C408F350C008F350C20FF004442C220
:2093400044A001D546A801D44876CB858076350C408F350C008F350C20FF004542C244A01F
:2093600001D546A801D44876CB85008F350C8076350C408F350C20FF004642A800D444C206
:2093800046A001D54876CB8586FE060022762F9AA9F40679088F6FD2A9F51252A9CC80FF2E
:2093A0000650A9F41252A4BD700DA9F51652A91801FFA9F41652A9F51552A918EFFFA9F45B
:2093C0001552A9F51552A918FFFDA9F41552A9F51552A918FEFFA9F41552A9F51552A918D3
:2093E000F9FFA9F41552A9F51452A918FEFFA9F41452A9F51452A918FDFFA9F41452A9F54A
:209400001452A91A0001A9F414521A76229B019AA8F41852A9F418522276A9F5165202503A
:20942000A9F41652A9F515521050A9F41552A9F515520850A9F415521A76388F0104A9A8B0
:20944000487633D61A7606001B76F0FF0500BDABBDA8BDA0BDC2BDC300E2BD0003E2BD00C0
:2094600003E2BD0103E2BD0203E2BD0330E6000602FE69FF4229165600021F7692023E1E1E
:20948000A9F51B72C7FF1F900660A9F51572A947F86C036FA9F51772A6F51B72A61A00408C
:2094A0001002421E20FF1072A6F41B7248768DCC20FF1072487664CEA9400C6C0102421E06
:2094C00020FF107248768DCCA9F511722350A9F41172A9280001A9F4E10C82FEAFE2BE03F2
:2094E000AFE2BE02AFE2BE01AFE2BE0080E2BE00BEC5BEC4BE83BE8ABE870300303BF1FF2B
:209500001776027622762F9AA9F40679088FAFD2A9F51252A9CC80FF0650A9F41252A4BD03
:20952000700DA9F51652A91801FFA9F41652A9F51552A918EFFFA9F41552A9F51552A91864
:20954000FFFDA9F41552A9F51552A918FEFFA9F41552A9F51552A918F9FFA9F41552A9F5E4
:209560001452A918FEFFA9F41452A9F51452A918FDFFA9F41452A9F51452A91A0001A9F49B
:2095800014521A76229B019AA8F41852A9F418522276A9F516520250A9F41652A9F5155276
:2095A0001050A9F41552A9F515520850A9F415521A76388F0104A9A8487633D61A760600DC
:2095C00003E2BD0403E2BD0548C5A61EA70630FFA98AA6BD160FA9BD1E0FA6BD220FA4BD4E
:2095E000120F00770077007792E564E564E564E564E564E564E564E564E5CFE6150092E5E5
:20960000CFE62100CFE6030064E564E564E564E564E564E564E564E50077A6BF1A0FABBF05
:20962000260FA706A60F0A67A7F50040A718FFDFA9A8A603A7F40040086FA6F50040A61AC2
:209640000020A9A9A6F400400129ABBF6040A925AA180000ABCAAACBA9BD6040A9F500402C
:209660000450A9F40040A9F500404050A9F40040AFE2BE05AFE2BE04060090E51F764C0269
:20968000BDB20CD0008F009303E2000003E2020003E2040003E2060003E2200003E22200B1
:2096A00003E2240003E2260003E2940091E52CD11F76470292E50ED0032B042B052B062BB9
:2096C000072B082B092B0A2B03E294001F764602BF563F0110D003E29C011F764C0203E2E7
:2096E000940012D003E2940014D003E2340203E2940016D003E2940018D003E294001AD059
:2097000003E2940028D003E294002AD003E2940030D003E2940032D003E294002ED003E215
:209720009400BE8B060002FE1F76490220434E6C1F76490201E860EEC8E206011F764402A6
:209740000EE8686600E74000AFE2060394E6030014AD2C64AFE2080194E6010014AD266456
:20976000AFE20A0194E6010014AD206490E80048AFE2000194E6010014AD0D62AFE20201FC
:2097800094E6010014AD0762AFE2040194E6010014AD0F651F7692021C920665FF9C64524B
:2097A0001C960C63136F1C2B116F1F7692021C0A1F7692021C92645209641F764702051AF9
:2097C00002001F769202BF561C6482FE0600BDB2A98B20FF0074A10F0D6120FF8074A10F2C
:2097E000096120FF0075A10F056120FF8075A10F0360019A06600A8F3C83C002487618E05D
:20980000C9CC4000A927C9CC8000A98020FF8074A10F0F6120FF0075A10F096120FF807570
:20982000A10FB056A600B156A603046F02BE026F01BE009BAB92078F38024052B156A801CF
:209840000356A802A672A9285A5AC4541260078F5801A9A8A60DA98AC493A7920460D7FFEE
:209860000460076FFF91056122763BD091971A76BE8B06001F76450203E2BD04AFE2040156
:20988000AFE202001F76440203E2BD05AFE2260203E2BD06AFE22C0300E31E60AFE220017F
:2098A000AFE22E0512E0BD07AFE222071EE3240114E3284E50E807B21CE32A4A16E03090C7
:2098C00001E81BD450E80EB28CE63F0008E87B931AE032918CE6360050E815B208E034DAAF
:2098E0001F76450250E81CB28CE62D0003E206031F7646028CE6240013E2180713E219065E
:2099000013E21A0513E22304AFE2BE07AFE2BE06AFE2BE05AFE2BE040600BDB2A98B20FFFD
:209920000072BDAA4886A10F0D6120FF1072A10F096120FF2072A10F056120FF3072A10F6F
:209940000360019A076020FF66010A8F6A82487618E0A292A940096DA941076DA945056D90
:20996000A946036DA9471D6C20FF0072A10F0D6120FF1072A10F096120FF2072A10F0561DE
:2099800020FF3072A10F0360019A076020FF22050A8F8C82487618E0C918DFFFC91A20008C
:2099A000A292A943056CA18A0ADCC41A4000A944046C0BD9C11A4000BE86BE8B06001F7663
:2099C00093023B0A3B1B010022603A9218610152116102520661428F0000A5BD027F056FE7
:2099E000428F0000A5BD047F018F0000A4BD027F0E6F428F0000A5BD027F056F428F0000C9
:209A0000A5BD047F018F0000A4BD047F3B923A52256542521A63008F7691013BA6F5030B7E
:209A2000A9A83A81A98AC47EA6F5040B008F7A91A9A83A81A98AC47EA6F5240B008F709285
:209A4000A9A83A81A98AC47E3B92645207643A0A3A92045202643A2B3B2B060002FE1F7665
:209A600049022043496C1F76490201E860EEC8E205011F7644020EE8686600E74000AFE265
:209A8000060194E6010014AD2762AFE2080294E6020014AD2162AFE20A0394E6030014ADC3
:209AA0001B62B0E80048007794E6010014AD096494E6020014AD056494E6030014AD0F63D3
:209AC0001F7692021C920665FF9C64521C960C63136F1C2B116F1F7692021C0A1F76920211
:209AE0001C92645209641F764702051A01001F769202BF561C6482FE0600BDB25AFFBDAA24
:209B00000876303BBE920190AA93A959205318670D53396810533766AA92FF9CA92D019A01
:209B200066FFA620A9935FFFA6CFA8230077007700770077007769FF487657C1246FA9A9AA
:209B4000012947FFFF90FF9CA988A8287106A6950356A801A95CAB92FF90FF9CA92D019AD9
:209B600066FF5EFFC4C000770077007700770077019BA62D67FFA85A69FFA292487657C103
:209B8000A2F4E10CA1920152046108763029BE92BE86BE8B0600BDB2A98BA802BDAA48861B
:209BA000A10F06670A8F1681B302487618E0A9B2A918E0FF30FF1AFF1F00A98AA61EA19261
:209BC0001F90A92D01023B565AFF2276A292A942076DA9A912DC55FFC4C0CCC1066F12DCE0
:209BE000AB92AA93C498CC99A292A940086DA68AAB92AA930CDCC498CC99076FA68AA9A94D
:209C000055FF0CDCC4C0CCC1A292A941086DA68AA9A955FF10DCC4C0CCC1076FA68AAB92AE
:209C200010DCC498AA92CC981A76BE86BE8B060002FE068F0000A9A84876FFD70002421E3D
:209C40004876CBCD01D40002487642D900D4000248762FD8068F0002A9A84876FFD70002E5
:209C6000421E01024876CBCD01D40102487642D900D4010248762FD81F76920204920152CC
:209C8000126104920252086101BE0202A6BD047FA9BD047F186F01BE0202A6BD027FA9BDD8
:209CA000027F116F01021A07A61E1A1E20FF1027A60F096600B601BE0202A6BD067F1AC3CB
:209CC000A9BD067F82FE0600BDB2BDAAA98600D120FF0072A20F0D6120FF1072A20F0961D1
:209CE00020FF2072A20F056120FF3072A20F0360019A076020FF31010A8F6A82487618E039
:209D0000E24704024856A10DEA47A9B201504856A10DEA46036DEA45046CA9B20250A98B7F
:209D20000AD0A9B2924708504856A10D0BD09247A9B210504856A10DEA44A9B2205048561F
:209D4000A10DEA43A9B240504856A10DEA42A9B280504856A10DBE86A9B2BE8B060002FE60
:209D60001F764402AFE2000012E8E01614AD3F65AFE2020012E8E01614AD3965AFE20400AB
:209D800012E8E01614AD33651F765200AFE20600A0E514AD26651F764902AFE23600A0E5FF
:209DA00014AD1F631F765200AFE20800A0E514AD0663AFE20A00A0E514AD10621F769202B5
:209DC000260A2692C8520D651F764702051A08001F769202BF5626C8046F1F769202262BF1
:209DE0001F76520006061F764902361E82FE0600A90EA9BD120F00770077007700778BE62B
:209E0000010000774EE8091002E85037D0E80A280BE8000000E740000077007774E2810041
:209E20000077007701E888CA0DE8B8B800E740004876C4D501E8C1CC01E8DADA0DE8B9C293
:209E400000E708000EE87A7810E78000007701E801FC74E209000077007702E8401C0CE8D0
:209E6000989920E7080000778FE800C0007750E8004800778CE6000000770077A9BF120F9D
:209E80000600A90EA9BD120F00770077007700778BE6010000774EE8091002E85037D0E841
:209EA0000A280BE8000000E740000077007774E281000077007701E888C60DE8B8B800E720
:209EC00040004876C4D501E821CC01E8DADA0DE861D900E708000EE87A7810E78000007784
:209EE00001E801FC74E209000077007702E8401C0CE8989920E7080000778FE800C0007790
:209F000050E8004800778CE6000000770077A9BF120F0600227658FFA61E3C61018F00007B
:209F2000A9A8A60F2161028F0000A9A8A60F2C61038F0000A9A8A60F3160458F08D2058F0A
:209F400032D2C518EFFFC41A02004876DBC70052046025760052FE61058F0AD2C4CCFCFFF5
:209F60000150C4961B6F458F08D2058F32D2C518EFFFC418FDFF4876DBC70052EE60257628
:209F80000052FE61EA6F058F0AD2C4CCFEFF0250E96F058F0AD2C418FCFF1A7669FF0600CB
:209FA000487679B348760BE01F7648020C9209602276559BAA9AA8F42570A9F425701A7669
:209FC00048768CB54876C4A548769AD9008F0092F4921A61CC921661D492025210610152B5
:209FE0000B610352066100520F60487628D40C6F4876D3D6096F48769FD6066F487616D018
:20A00000036F487607D74876A6BB487654AE487628D1487646DA48762CDE4876DCDE4876C0
:20A02000EBDE1F7648020C92C461CB6F1F76540000921E611F76490220432E6C1F764802C5
:20A0400010921F769302105411611054096210542363059B107510542A5610021D6F1008E6
:20A06000050010542A561004176F1096156F1F76520002E8D820AFE222010CE8789400E7CF
:20A080004000007750E8004800778CE600001F76930213E210001F76930201E860EEC8E266
:20A0A0001001009A0EE8686600E740001F76550003E20200060002FE2AFF87214876FFD7CE
:20A0C0000402421E4E024876CBCD01D44E02487642D929FF0D434876FFD70402421E4D02B5
:20A0E0004876CBCD01D44D02487642D929FF01444876FFD70002421E51024876CBCD5102AE
:20A1000000D4487642D920FFE8034876CDDE01D44E02487642D901D44D02487642D9487666
:20A1200067DD069A009B4876D5DB079AFF9B4876D5DB029AFF9B4876D5DB009A82FE0600C5
:20A1400002FE29FF03244876FFD70402421E33024876CBCD01D43302487642D92AFF01120C
:20A160004876FFD70402421E32024876CBCD01D43202487642D929FF01244876FFD7000296
:20A18000421E31024876CBCD310200D4487642D920FFE8034876CDDE01D43302487642D9A0
:20A1A00001D43202487642D9487681DD069A009B4876F6DB079AFF9B4876F6DB029AFF9BD7
:20A1C0004876F6DB009A82FE060002FE088F0018A9A84876FFD70002421E1C024876CBCD66
:20A1E00001D41C02487642D9088F001AA9A84876FFD70002421E1D024876CBCD01D41D0232
:20A20000487642D929FF01234876FFD70002421E21024876CBCD01D42102487642D92FFFAB
:20A22000002002BEA9BD027F00D42FFF0040A9BD027F1C02A6BD0A7F4876CFD700D41D02CD
:20A240004876CFD704D421024876CFD782FE06001F76460228922993A9552B56A9022A937B
:20A26000A8542B56A9042B93A95509621F76480207931F76460227960961176F1F764802AB
:20A2800007921F764602279710603A9208602D2DAC1B2C01B3563A010963056F2D2DAC92DC
:20A2A000FA5207633A2B026F2D2DAC92FA520E64AC1BF4010664A928DE033D28DE03096F26
:20A2C0000335A908DAFD3D96046FBF563DC8C89A4876F7DF06001B76F0FF0500BDABBDA810
:20A2E000BDA0BDC2BDC300E2BD0003E2BD0003E2BD0103E2BD0203E2BD0330E6000669FF51
:20A30000422916564876E6B44876DFCC48768BDB019AA9F40474A9F505740190015207606F
:20A32000019B019AA8F40674A9F40474019AA9F4E10CAFE2BE03AFE2BE02AFE2BE01AFE212
:20A34000BE0080E2BE00BEC5BEC4BE83BE8ABE870300303BF1FF1776027602FE1F76490209
:20A3600020433B6C1F764502AFE20A00AFE2080101E863EE1F764902C8E20C020EE86B6629
:20A3800020E7080000E7990095E6000094E6080014AD1362B0E80948007794E6080014AD58
:20A3A0000F631F76920220920665FF9C645220960C63136F202B116F1F769202200A1F763A
:20A3C00092022092645209641F764702061A04001F769202BF56206482FE06000876303BE1
:20A3E000BE92267600002F76000000BE009A009BA9F4E20CA6F4E40C00B6A8F4E60CA9F4E3
:20A40000E80CA8F4EA0CA6F4EC0CA9F4EE0CA8F4F00CA9F4F20CA6F4F40CA8F4F60CA9F485
:20A42000F80CA8F4E30CA6F4E50CA9F4E70CA8F4E90CA9F4EB0CA6F4ED0CA8F4EF0CA9F486
:20A44000F10CA7F4F30CA6F4F50CA8F4F70CA9F4F90CA9F5E00C0150A9F4E00C060002FE1F
:20A46000A928011C489B4876FFD700D43E02487642D90002421E3E024876CBCD03D43E027B
:20A4800048762FD8A928011E489B4876FFD701D43F02487642D90002421E3F024876CBCDA8
:20A4A00003D43F0248762FD82BFFC3084876FFD701D42C02487642D90002421E2C0248760C
:20A4C000CBCD2276058FE0D0C406A918FBFFC41E1A7600D42C024876CFD782FE06001B7694
:20A4E000F0FF0500BDABBDA8BDA0BDC2BDC300E2BD0003E2BD0003E2BD0103E2BD0203E2D2
:20A50000BD0330E6000669FF422916561F769202009A09930053B056A9014876E9AB019AD1
:20A520004876C0DF02BE019B089AA6F41852A8F41852A9F4E10CAFE2BE03AFE2BE02AFE2F8
:20A54000BE01AFE2BE0080E2BE00BEC5BEC4BE83BE8ABE870300303BF1FF177602761B7606
:20A56000F0FF0500BDABBDA8BDA0BDC2BDC300E2BD0003E2BD0003E2BD0103E2BD0203E251
:20A58000BD0330E6000669FF422916561F769302009A01930053B056A90148767CAF019AC1
:20A5A0004876C0DF02BE019B089AA6F41852A8F41852A9F4E10CAFE2BE03AFE2BE02AFE278
:20A5C000BE01AFE2BE0080E2BE00BEC5BEC4BE83BE8ABE870300303BF1FF1776027603E232
:20A5E000BD0490E51F764A0293E592E591E503E2BD0594E503E2280003E22A0003E22C0092
:20A6000003E22E0003E2300003E2160003E2180003E21A0003E2140095E503E2BD0603E21B
:20A62000220303E2240203E2260196E503E2200402E8401203E21E0503E2100003E21C061A
:20A6400001E818C008E8789303E21200487670B7AFE2BE06AFE2BE05AFE2BE040600BDB2F1
:20A66000A559BDAAA986BDA2A192A48204600302A20F1967A192015204600702A20F1367D6
:20A68000A192025204600302A20F0D67A192035204600702A20F076720FF20010A8F5E83D7
:20A6A000487618E02276229AA12D0A8F0080A937A9AA30FFAB070156A40008D09406A80E72
:20A6C00030FFA983008D000D95A21A7608D09406487633D6BE82BE86BE8B060002FE1F761D
:20A6E000520001E8A9F901E860EEAFE232031F76490208E8B95D0EE86866C8E2070200E73C
:20A70000C90000E78000007794E6010014AD1362B0E80048007794E6010014AD0F631F7647
:20A7200092021D920665FF9C32521D960C63136F1D2B116F1F7692021D0A1F7692021D92B8
:20A74000325209641F764702051A80001F769202BF561D3282FE060002FE1F76520002E8A7
:20A76000D12001E860EEAFE224031F7649020BE801400EE86866C8E20A0200E7C90000E7D4
:20A780008000007794E6010014AD1362B0E80048007794E6010014AD0F631F76920222922F
:20A7A0000665FF9C325222960C63136F222B116F1F769202220A1F76920222923252096476
:20A7C0001F764702061A08001F769202BF56223282FE0600BDB2A459BDAAA986A1920460C2
:20A7E0000302A20F1967A192015204600702A20F1367A192025204600302A20F0D67A192BD
:20A80000035204600702A20F076720FF41010A8F5E83487618E0229AA12DA9374A8D008005
:20A82000A9AA30FFAB070156A10008D0910648767DCD227608D09106A80E30FFA98A488F7F
:20A840009DDF008D000D94A01A76BE86BE8B06001F76540000921C611F76490220431B6CC9
:20A860001F7648020D921F76930213540F611354086213541063130B13542A5613020B6F1A
:20A88000130A13542A561304066F1396046F1F769302132B1F76930201E861EEC8E2130382
:20A8A00001E860EE1F764802C8E20E020EE86966009A0EE8686600E7C9001F76540004E028
:20A8C0003E011F76550003E200000600BDB2A98BA818FDFF58FF1161018F0000A9A8A10FAB
:20A8E0000C61038F0000A9A8A10F076120FFD5030A8FD080487618E02276A9B21D61018F59
:20A900000000A9A8A10F1561028F0000A9A8A10F0961038F0000A9A8A10F1260487617DC0E
:20A920000F6F058F08D2C4CCFEFF0250C496086F487618D5056F058F08D2C418FCFF1A7687
:20A94000BE8B0600BDB2A98BBDAA20FF0030BDA2A45BA10F4A861D6120FF0032A10F196178
:20A9600020FF0034A10F156120FF0036A10F116120FF0038A10F0D6120FF003AA10F0961FF
:20A9800020FF003CA10F056120FF003EA10F0360019A076020FF40060A8FAE82487618E0F0
:20A9A000227601290356A301A107A98A2CD094AA1A76BE82BE86BE8B060002FE1F76490280
:20A9C0002043356C1F76490201E860EEC8E209011F7645020EE8686600E74000AFE202014D
:20A9E00094E6010014AD1362B0E80068007794E6010014AD0F631F76920221920665FF9C9F
:20AA0000645221960C63136F212B116F1F769202210A1F7692022192645209641F764702DB
:20AA2000061A01001F769202BF56216482FE0600BDB22276458F32D2058F32D2C518FEFF5B
:20AA4000C418FDFF1A764876DBC72276058F08D2C4CDFCFF0151C4971A7600D1058F2ED2FA
:20AA6000C440196C01521C61A193045314672276C41A02001A764876DBC72276058F08D209
:20AA8000C4CDFCFF0151C4971A7601D9058F2ED2C440E96D0152046125760052FE61BE8BD8
:20AAA00069FF0600BDB2BDAAA986A55920FF0074BDA2A45BA20F0D6120FF8074A20F0961E7
:20AAC00020FF0075A20F056120FF8075A20F0360019A06600A8F3C834E02487618E0A19211
:20AAE00080520960A392405206610A8F3C835602487618E02276CACC3FFFA3CAA1CACA96E3
:20AB00001A76A9AA487608C9A9AA4876E7CBBE82BE86BE8B0600BDB2BDAAA986A45920FF0C
:20AB20000030A20F1D6120FF0032A20F196120FF0034A20F156120FF0036A20F116120FF29
:20AB40000038A20F0D6120FF003AA20F096120FF003CA20F056120FF003EA20F0360019AAC
:20AB6000076020FFA3030A8FAE82487618E02276012900BE0356A101A207A98A40D094C26D
:20AB80001A76BE86BE8B060003FE03E2430003564209A80881FF4218FF3F421A803FAFE251
:20ABA0004300F1E60000419750E80280C8E241018EE612001F760E2A13E24302A92890838C
:20ABC000A8280A000456430204564301A98EAFE2880200E78300AFE2880210E7D300AFE22C
:20ABE000000206E3881800E7510010E7C30083FE10E7C80000770600BDB2A98B20FF0072E7
:20AC0000BDAA4886A10F0D6120FF1072A10F096120FF2072A10F056120FF3072A10F03608B
:20AC2000019A076020FF09010A8F6A82487618E0A292A940036CC918BFFFA941036CE11831
:20AC4000FDFFA942036CE118FEFFA943056CA18A0ADCC418DFFFA944046C0BD9C118DFFF88
:20AC6000BE86BE8B06005AFF0876303BBE920190AA93A98020530E67009A0D530468105307
:20AC8000B956A901FF9DA82D66FFA820A8CAA9231A6FA9A9012947FFFF90FF9CA988A828A9
:20ACA0007106A6950356A801A95CAB92019BFF90FF9CA92D019A66FFA62DC49867FFA920A4
:20ACC000A9CBA823A7920152046108763029BE920600BDB2A98B20FF0072BDAA4886A10FFE
:20ACE0000D6120FF1072A10F096120FF2072A10F056120FF3072A10F0360019A06600A8FF6
:20AD00006A82E302487618E0A292A940036CC91A4000A941036CE11A0200A942036CE11A52
:20AD20000100A943056CA18A0ADCC41A2000A944046C0BD9C11A2000BE86BE8B06001F7642
:20AD4000540000921E611F76490220431D6C1F76480211921F76930211541161115409626F
:20AD600011541263059B117511542A5611020C6F1108050011542A561104066F1196046FB9
:20AD80001F769302112B1F76930201E860EEC8E21101009A0EE8686600E740001F765500C1
:20ADA00003E2060006001F76540000921E611F76490220431D6C1F7648020F921F76930232
:20ADC000125411611254096212541263059B127512542A5612020C6F1208050012542A564E
:20ADE0001204066F1296046F1F769302122B1F76930201E860EEC8E21201009A0EE86866CA
:20AE000000E740001F76550003E2040006001F76540000921E611F76490220421D6C1F76D8
:20AE2000480213921F7693020F5411610F5409620F541263059B0F750F542A560F020C6FEB
:20AE40000F0805000F542A560F04066F0F96046F1F7693020F2B1F76930201E860EEC8E2E4
:20AE60000F01009A0EE8686600E740001F76540003E23C00060006FE8076350C408F350CE2
:20AE8000008F350C42C220FF004044A001D546A801D44876CB85A9F5A440A918FFF7A9F41E
:20AEA000A440A9F5A440A918FFFBA91A0003A9F4A440A9F5A6402050A9F4A640A9F5B04025
:20AEC000A9CCF0FF0150A9F4B040A9F5A440A91A0008A9F4A44086FE0600BDB2BDAAA95AFF
:20AEE00000D1A247066D008F0040A4BD147F056F008F0040A4BD127F05024876CDDE008F2E
:20AF000000200502A4BD127F4876CDDEA192008F0020A4BD147F07520560008F0040A4BDEB
:20AF2000127F05024876CDDE01D9A29280FFA95AA1920852D768BE86BE8B0600BDB2BDAA4B
:20AF4000A95A00D1A247066D088F0000A4BD0C7F056F088F0000A4BD0A7F05024876CDDED9
:20AF6000048F00000502A4BD0A7F4876CDDEA192048F0000A4BD0C7F07520560088F0000DD
:20AF8000A4BD0A7F05024876CDDE01D9A29280FFA95AA1920852D768BE86BE8B0600BDB2F9
:20AFA000BDAAA986A459A802A20F076720FF8A010A8F1681487618E022760356A202ABAABB
:20AFC00001291F90A91642FF5AFFAB92AA2B0390A927A9AAA918E0FFAB07140930FF1AFFC0
:20AFE0001F00A9860F023B5655FFC2C0CAC1A10E3B56C298CA991A76BE86BE8B0600BDAA79
:20B00000A61E2276012947FF009BFF90A9861AD0A22D03023B5655FF5AFFA606A80E1AFF94
:20B020001F00A98AA983AB92AA93C4C01ADDCCC1A9A9C5CECDCFA71EA60641FF009B0390B0
:20B040003B565AFFA706ABCAAACB941EA606009B03903B56C498CC991A76BE860600BDB248
:20B06000BDAAA986A459A802A20F076720FF23010A8F1681487618E022760356A201ABAA62
:20B0800001291F90A91643FF5AFFAB92AA2B0190A927A9AAA918E0FFAB07010930FF1AFF13
:20B0A0001F00A98603023B5655FFC2C0CAC1A10E3B56C298CA991A76BE86BE8B0600BDAAC4
:20B0C000842FAB2B186FA9A0A7010119A71E00BE01DEA65A87928596A93AA20FFA66036F59
:20B0E00084928596AA92C0FFA92FAB92019CA9271052E763AA40F56D8492A9CD0F00029D70
:20B10000C3FFA858A98011530460A93A840DA98EA78820FFFF0FA60FD760BE860600A42D6E
:20B12000BDB20A8F0080BDAABDA2A982229AA9360156A400C4C4A9A2A6C5ACA24A864EA3B3
:20B1400008DFC7CECFCF58FF4CC50361009A126FA59201520661D48AC4AAE4A9D4C3086F96
:20B16000D48318D0A706C5AA9403E5A9D51E019AE6ABBE82BE86BE8B060002FE1F7649027D
:20B180002043276C1F764502AFE2020016E8800F14AD0F64A0E514AD0F651F7692022792ED
:20B1A0000665FF9C645227960C63136F272B116F1F769202270A1F769202279264520964F4
:20B1C0001F764702061A10001F769202BF56276482FE0600A95D8076001020FF2072A6BDF2
:20B1E0000A7F487655BDA9F52A72C7FF1F90FC60A9F52A72A94E076DA9F52472C5FF01F05D
:20B200000190096FA8F52A72009AA8CD001F0053B056A9010152ED6120FF7E3E4076D1C0F8
:20B22000008F0010009AA4BD0C7F0600A95D8076002020FF3072A6BD0A7F487655BDA9F5AC
:20B240003A72C7FF1F90FC60A9F53A72A94E076DA9F53472C5FF01F00190096FA8F53A7271
:20B26000009AA8CD001F0053B056A9010152ED6120FF7E3E4076D1C0008F0020009AA4BD30
:20B280000C7F0600BDB2BDAAA986A459A802A20F06670A8F16813902487618E0A9AAA9181E
:20B2A000E0FF30FF1AFF1F00A98AA2921F90A92D01023B565AFF2276A19201520761A9A997
:20B2C0000ADC55FFC4C0CCC1066F0ADCAB92C498AA92CC981A76BE86BE8B0600487672C775
:20B2E0004876E5BE009A019B48768EDC019A009B48768EDC029A009B48768EDC039A009B9A
:20B3000048768EDC049A009B48768EDC059A009B48768EDC069A009B48768EDC079A009BA3
:20B3200048768EDC2276A9F522148050A9F422141A7606001F76480207921E604876AFCE0F
:20B340004876BDD848762ECD487693CB48766ED34876A5C84876DDD44876ACD34876ADD1B3
:20B360004876F0D94876C5D91F764702069205CA07CAB0560A011F7647020A920152046092
:20B380001F7646023F2B009A06001F7649022044276C1F7649020D921F7646022D93A854D7
:20B3A0000F649C9CA8540F651F76920225920665FF9C0A5225960C630600252B06001F7615
:20B3C0009202250A1F76920225920A5209641F764702071A01001F769202BF56250A06008E
:20B3E0001F7649022044276C1F7649020E921F7646022793A8540F649C9CA8540F651F76B3
:20B40000920224920665FF9C0A5224960C630600242B06001F769202240A1F7692022492C6
:20B420000A5209641F764702071A02001F769202BF56240A0600BDB20A8FB411BDAAA9A84B
:20B44000BDA2CA8DAE11A30F1C610A8FE8114A8DCC11A9A8A10F1561A103013B41FF011951
:20B46000A986818A013B84920356A901A307A983C5C58183673E81DA00020119A20FF260BA
:20B4800048761FE0BE82BE86BE8B06001F764602019A3893487608C71F764602039A369309
:20B4A000487608C71F764602029A3993487608C71F764602049A3793487608C71F7646027E
:20B4C000059A3A93487608C71F764602069A3B93487608C71F764602079A3C93487608C7C1
:20B4E00006002276058F22D3C406A818FBFFC41E1A76A9F50340A918E0FFA9F40340A9BF66
:20B5000060400091A9BD6040A9F50040A918FBFFA9F40040A9F50040A91A0020A9F40040E0
:20B52000A9F506400250A9F406402276C4060451C41E1A760600A71EBDB2229A8A76008053
:20B54000452DA9360156A600A706C6C54627D7CEDFCF48C558FFB156A6001461E68EC006E5
:20B56000C41ED087E006C71EAB920A611CD00129445696001AD040FF9607C51E026FC5AB4F
:20B5800001BEBE8BA69206000077006FBDB21F769302A9592C920D61AB28FFFFAA28FFFF17
:20B5A000A928FFFFA828FFFFAB0F03617F76FFFF1F7693023EC5673E1F7693023006046146
:20B5C000A71EA192673E1F7693022E060361A71E673E4876C4DABE8B0600008F0040BDB2B9
:20B5E0000502A4BD127F4876CDDE008F00200502A4BD127F4876CDDE00D44E02487642D9DB
:20B60000008F0020A9BF107FA4BD147FA94EBC56A100BD56A10105024876CDDE01D44E029C
:20B62000487642D9A192BE8B0600088F0000BDB20502A4BD0A7F4876CDDE048F00000502B5
:20B64000A4BD0A7F4876CDDE00D43302487642D9048F0000A9BF087FA4BD0C7FA843BC564A
:20B66000A100BD56A10105024876CDDE01D43302487642D9A192BE8B06001F76002A228A34
:20B68000000201D50119F41E0002088FDCC048762FD31F76002A228A009AA8280080E41E5A
:20B6A000228AD4060090A818008058FFFA61009AA8280080C41E08022207A98AC4060090F6
:20B6C000A818008058FFF860060002FE088F001EA9A84876FFD70402421E1F024876CBCDFE
:20B6E00001D41F02487642D9009A469B4876FFD70402421E20024876CBCD01D420024876D9
:20B7000042D904D41F024876CFD704D420024876CFD782FE060001021F7692023E07A61E98
:20B72000078F20A13E1EA9A8A60F02633EA801021F7693021E07A61E1E1EA9A8A60F026348
:20B740001EA801021F7693022407A61E241EA9A8A60F026324A801021F76930201563C00CE
:20B7600006004876BCC2058F2CD2A61EC406009B079058FF1961C406A6BD160F0356A9010F
:20B780000F90A90EA9BD1E0F00770077007792E564E564E564E564E564E564E564E564E59C
:20B7A0000077A6BF160FA6060600BDB2BDAAA859A95A487633DD409A48766DD74876EDDACD
:20B7C00001521261A29248766DD74876EDDA01520B61A1CCFF0048766DD74876EDDA0152E3
:20B7E0000361487667DDBE86BE8B0600BDB2BDAAA859A95A48764DDD409A48769ED74876C3
:20B8000015DB01521261A29248769ED7487615DB01520B61A1CCFF0048769ED7487615DB51
:20B8200001520361487681DDBE86BE8B06002276458F32D2058F32D2C518FEFFC41A0200E0
:20B840001A764876DBC72276058F08D2C4CDFCFF0151C4971A76058F2ED2C440066C0152CC
:20B8600004612576C440FC6D69FF06002276A9BF3C7C0002A9BD3C7CA6BF7C7CA9BD7C7C5A
:20B88000A6BFBC7CA9BDBC7CA6BFFC7CA9BDFC7CA6BF3C7DA9BD3C7DA6BF7C7DA9BD7C7DB8
:20B8A0001A764876E2DC060022766DBEA928060D088F9DDF09B5A600A980029CA95D029CED
:20B8C000C7A8C5A8007700770077A9808876D4DF488FCADFC7A8A6BD240DA5BD260D1A76A5
:20B8E00006000052ABA8A4C50761A98881DE855C877C0E00FEFFA988A60F0F6100530D6136
:20B90000FF9DA85CBF76FEFF859287960E00FEFF859287960C00F8FFA4A90600A980A88833
:20B92000012903900356A9035AFFA79203520466008F8679036F008F88792276AB2DFF02F3
:20B940003B5655FFC4C0CCC1A60E3B56C498CC991A760600A42DA98A0531AC0E1C09A92D66
:20B9600001023B56A71EAB2D1F023B56A7A3ABCAAACB55FFA61EA9A811FF8500A983008DF9
:20B980000A01A606C5CECDCF941E060002FE159A4876CDDDCFE6010005F6007702E80009D7
:20B9A000857600E700D501E802FC02E8030903D469FF03E24200A60602E800094876079D8C
:20B9C00082FE0600058F08D00129C40647FF0790065213602276A928FFFFA828FF7F08B666
:20B9E00020BE008F00FEA9BD8C7CA7BDCC7CA6BD0C7DA4BD4C7D1A7606001F764902BDAACF
:20BA0000201800FF00D20031000200D01F76930200D500D400B600BE3CAA1F76490228A93C
:20BA20002E1EBE86223A24A026A82AC32CC2060048763DCB1F7646023E2BBF563F01362BE5
:20BA4000382B372B392B3A2B3B2B3C2B1F764802042B002B072BBF560601BF5605010C2BB2
:20BA60004876C4A50600408F0040008F0020A5BD127F0502A4BD127F4876CDDE008F0040B7
:20BA80000502A4BD147F4876CDDE008F00200502A4BD147F4876CDDE0600488F0000048FBF
:20BAA0000000A5BD0A7F0502A4BD0A7F4876CDDE088F00000502A4BD0C7F4876CDDE048FBB
:20BAC00000000502A4BD0C7F4876CDDE0600408F0020008F0040A5BD147F0502A4BD147F56
:20BAE0004876CDDE008F00200502A4BD127F4876CDDE008F00400502A4BD127F4876CDDE9B
:20BB00000600448F0000088F0000A5BD0C7F0502A4BD0C7F4876CDDE048F00000502A4BD71
:20BB20000A7F4876CDDE088F00000502A4BD0A7F4876CDDE06003A021F7693021E0F046520
:20BB4000A928FFFF060000BE1A9204521EC20463A928FEFF066F029A1A9348769DC6009AC2
:20BB60001F7693021A2B06003A021F769302240F0465A928FFFF060000BE2092045224C2CD
:20BB80000463A928FEFF066F039A209348769DC6009A1F769302202B0600A92D22760356AE
:20BBA000AC01A9933F91A888058F22D3A9A8A60DA98A01025AFFAC92C7FF1F90A9163B567D
:20BBC0005AFFAB92C498CC991A76060022764876DEBD48762EC348769EC348760EC448766B
:20BBE00061DF1F769302428F0000018F00003A2BA5BD047FA4BD047F1A76060006FE8076BC
:20BC0000A861408FD430008FD43042C220FF004744A000D546A800D44876CB85649A487606
:20BC2000F7DF487691DF86FE060001520961058F00DCC441116D2276A828A5A50A6F227603
:20BC4000019AA828A5A5058F00DCC41EC441FF6D009AC41E1A7606001F7649022044136C97
:20BC60001F76480207920F601F7646023E92075203613B2B036FBF563B013F92B1563C0135
:20BC800002613C2B0600AD28000469FF1F5616561A5610E6000240291F76000002291B7690
:20BCA00048761DE00052036148761BDA4876A9DF4876C6DA01520661003100B600BE00025B
:20BCC000076FAB280400AA2B04B604BE0402ABBD1039A7BD103BA6BD103DA9BD103F0600F5
:20BCE00028D00A8F0080A91A007D9483A81A005A01BE22D0D51E948A009AE4C2487615DE0D
:20BD0000058F00DCC441FF6C06002276487610E0487699DE487667C91F7693020102015650
:20BD20001800009A142B48765ADE487610E01A7606002276A9BF4079A818FFE0A9BD407961
:20BD4000A9BF42790150A9BD4279A9BF4279A9BD42791A7606001B76F0FF00E2BD0030E63F
:20BD6000000642291656A9280004A9F4E10C80E2BE00F1FF177602761B76F0FF00E2BD0053
:20BD800030E6000642291656A9280004A9F4E10C80E2BE00F1FF1776027658FFBDB20B6506
:20BDA0000119A98B26024076D1C081D900020119A10FF960BE8B060048769BDD1C920B61A8
:20BDC0001B9205520564008F00A14876EAD81F7693021C2B06004876B4DD22920B612192AD
:20BDE00005520564008F00A3487616D91F769302222B06001B76F0FF00E2BD0030E60006EC
:20BE000042291656257680E2BE00303BF1FF177602761B76F0FF00E2BD0030E6000642298A
:20BE20001656257680E2BE00303BF1FF177602761B76F0FF00E2BD0030E600064229165669
:20BE4000257680E2BE00303BF1FF177602761B76F0FF00E2BD0030E600064229165625761A
:20BE600080E2BE00303BF1FF177602761B76F0FF00E2BD0030E6000642291656257680E233
:20BE8000BE00303BF1FF177602761B76F0FF00E2BD0030E6000642291656257680E2BE00B7
:20BEA000303BF1FF1776027601021F76930201561600019ABF56140148765ADE487614E01B
:20BEC00006002276088F6BD1A4BD400D1A76208F0101A9A8487633D6060001021F769302B7
:20BEE00001561800009A142B48765ADE487610E006004876E6B91F769302008F0010000228
:20BF00001A2BA4BD0C7F1E1E060048767CBA1F769302008F00200002202BA4BD0C7F241E66
:20BF20000600A9F54748C050A9F44748A9F54948A918FCFFA9F4494806001B76F0FF00E211
:20BF4000BD0030E6000642291656A9F5E00C2576006F008F0000A9A80460009A00D4036F79
:20BF6000C49202DC4876D0CF06002276487610B84876B0B848762EB64876CFB61A7606006B
:20BF8000015204612FFF0040036F2FFF0020A9BD067F06001B76F0FF00E2BD0030E600068F
:20BFA000422916562576006F1B76F0FF00E2BD0030E60006422916562576006F1F76940259
:20BFC00000A806001F7693023EA806000600A5C4A483CD06A68A03DD487671DC06001F569E
:20BFE0002276C0B9292868001A76480043DEA92D1935A9F46B47A9F46D47060058FFA4C4F5
:20C0000004610119867DFE600600CC06A58A00D54876FEDF0600487671DA487682CA0600AA
:20C020000202A9BD1A7F06000202A9BD1C7F0600257669FF0600019A0600019A060006009B
:020000040013E7
:20000000BDB2A98BBDAABDA2A45B058F00F8A9A84A86A10F06610A8F88803F02487618E01C
:20002000058F00FBA9A8A20F06610A8F88804002487618E0A3920F5206690A8F8880410246
:20004000487618E0058F00F8A9A8A10F076120FF46010A8FAC80487618E0227620D09106F5
:2000600020D000910350911E1A76058F00F8A9A8A10F076120FF6C010A8FAC80487618E071
:20008000227624D0910624D00150911E1A76058F00F8A9A8A10F076120FFE5010A8FAC80FA
:2000A000487618E02276A9B217FF0300A98AC406A918FDFFC41E1A76058F00F8A9A8A10FC5
:2000C000076120FFA9010A8FAC80487618E02276A9B217FF0300A98AC406A918FEFFC41ECB
:2000E0001A76058F00F8A9A8A10F076120FF13010A8FAC80487618E0A3920F52076920FFA8
:2001000018010A8FAC80487618E022760129C1A30356A308AB18FFF0AACBABCAC11E1A7616
:20012000058F00F8A9A8A10F076120FFC7010A8FAC80487618E02276A9B217FF0300A98A29
:200140000202C498CC991A76058F00F8A9A8A10F076120FF8B010A8FAC80487618E0227697
:20016000A9B217FF0300A98B0102C198C9991A76058F00FBA9A8A20F076120FF03020A8FD3
:20018000AC80487618E02276C206A918F8FF0A50C21E1A7607F6007769FFBE82BE86BE8BF2
:0A01A00006000119C356FFFF060018
:020000040014E6
:20000000000041783C00C07B010081783C00407B0100207F0000A07F0000A07F0000A07FC2
:2000200014008179248AF0740000A07F0000A07F00004078F100C07A64008E79188AD0742E
:200040000000A07F0000A07F2889D073AE89C0730700007F004082773400007C00400078DD
:200060003300007C1C00007C004000783300007C2889200B0B00007FB089D07300408577B4
:20008000188A504E004005783700007C2D00007C004005782889E073188AD00D1C8AE074CD
:2000A000B289700700408F771A8AF0740B00007F3A00007C00400A781C8AE00E2E00007C00
:2000C00000400A781A8AE00E2E00007C933F4378333383780C00407D933F4378333383787D
:2000E000000000790D00407D933F437800000179333383780E00407D00000279188AE07419
:20010000B614C0740000A07F0000A07F0000A07F3689F0731C8AF0743489F0731E8AF0742C
:200120000000A07F0000A07F1C8AF0731E8AB0070F00007C2F00407C1A8AF074028AF074AB
:200140001C8AF0731E8AC0031A8A2004188A401C003F8077048A9052FC89E074188AE074F0
:200160005D3F4278D7B382781A8A600600BF8B773600207C0A00207C1D00407CCA89C01462
:20018000C889D0730400407C0000C0780000A07F0000A07FFE89E07410008279008AF074C1
:2001A0000000A07F0000A07F0A008E790000A07F0000A07F4CBC40784C3C4078CDCC807821
:2001C0001A8AC0749E89C0730000A07F0000A07F0000A07F0E0083790000A07F0000A07F48
:2001E0000000A07F1A8AC073F000807A1A8AC074188AC073188AD0730800207D0900407D22
:200200000C00207D0D00407D1A8A101400BF8077188A10140500207C0000C1780000A07F2E
:200220000000A07F0000A07F36008279188AC0740A00207C0F00207C7FBF4078EE7C8078D0
:200240000100007D0000A07F0000A07F0000A07F0C0083790000A07F0000A07F0000A07F5E
:200260007FBF4178EE7C817843454078803FC577005080781100007C0500A07D208AD07404
:200280000000417830008E791A8AD0740000A07F0000A07F7F3F4078EE7C80780100007DF2
:2002A0000000A07F0000A07F0000A07F0C0085790000A07F0000A07F0000A07F7F3F417803
:2002C000EE7C817843454078005080781100007C0500A07D1A8AD07400004178350C8178A9
:2002E000208AD0740000C2780000A07F0000A07F0000A07F360082790000A07F0000A07F0A
:200300000000A07F7FBF4178EE7C81780600007D0000A07F0000A07F0000A07F0C0083797C
:200320000000A07F0000A07F0000A07F7FBF4278EE7C827843454078803FC977005080787D
:200340001100007C0500A07D228AD0740000417830008E791C8AD0740000A07F0000A07FE6
:200360007F3F4178EE7C81780600007D0000A07F0000A07F0000A07F0C0085790000A07F9A
:200380000000A07F0000A07F7F3F4278EE7C827843454178005081782500007C0500A07DF6
:2003A0001C8AD07400004178350C8178228AD0740000C3780000A07F0000A07F0000A07FD8
:2003C0004E0082790000A07F0000A07F0000A07F7FBF4178EE7C81780700007D0000A07F7A
:2003E0000000A07F0000A07F0C0083790000A07F0000A07F0000A07F7FBF4378EE7C8378FC
:20040000803FCD77434543780000407800508378010080781D00007C000043781E8AF0743A
:200420000415B0753F00C07B3F00407B0C00207F0000A07F0000A07F0000A07F48008179C0
:200440000000A07F0000A07F0500A07D9E008E790000A07F0000A07F0000A07F7F3F4178C3
:20046000EE7C81780700007D0000A07F0000A07F0000A07F0C0085790000A07F0000A07FF0
:200480000000A07F7F3F4378EE7C8378434541780000407800508178010080783500007C73
:2004A0000415B0753F00C07B3F00407B0C00207F0000A07F0000A07F0500A07D6600807920
:2004C0001E8AD07400004178350C8178188AE0730000A07F0000A07F0000A07F30008279C0
:2004E0000000A07F0000A07F0000A07F7FBF4378EE7C83780E00007D0000A07F0000A07F78
:200500000000A07F0E0083790000A07F0000A07F0000A07F7FBF4278EE7C8278188AE07403
:2005200043454378803FCA77005083782E008E792E00007C000043780A00A07D7F3F4378F3
:20054000EE7C83780E00007D0000A07F0000A07F0000A07F0E0085790000A07F0000A07F04
:200560000000A07F7F3F4278EE7C8278188AE07443454378005083782E00007C0B00A07D2A
:2005800000004278350C82781A8AC0736B40C075208AC0736B41C0751C8AC0736B42C07536
:2005A000228AC0736B43C0751E8AC0736B44C0756B45D0750000A07F0000417801008178F3
:2005C000041580753C00C07B3C00407B0100207F0000A07F0000A07F0000A07F0C0080799D
:2005E0000000A07F0000A07F0000A07F6B46F0756D46E075248AF0730000AF790000A07F28
:200600000000A07F0000A07F1C8A40770000A07F0000A07FD80D9F79620B9075000080789A
:200620002C15E073004080771215D0730400007C1289C0740000A07F0000A07FC40D9F790F
:20064000420B9075000080782E15E073004080771415D0730400007C1489C0740000A07FA7
:200660000000A07FB00D9F79220B9075000080783015E073004080771615D0730400007C9F
:200680001689C0740000A07F0000A07F9C0D9F79630B9075000080783215E073004080774C
:2006A0001815D0730400007C1889C0740000A07F0000A07F880D9F79430B9075000080783F
:2006C0003415E073004080771A15D0730400007C1A89C0740000A07F0000A07F740D9F79A7
:2006E000230B9075000080783615E073004080771C15D0730400007C1C89C0740000A07F0E
:200700000000A07F600D9F79600B9075000080780615E073004080770089C0740000A07F4C
:200720000000A07F500D9F79400B9075000080780815E073004080770289C0740000A07F58
:200740000000A07F400D9F79200B9075000080780A15E073004080770489C0740000A07F64
:200760000000A07F0000A07F0489C0730089D0730400407CAA3E4178AAAA81780400007C81
:200780000689C0740000A07F0000A07F0000A07F0089C0730289D0730400407CAA3E41784E
:2007A000AAAA81780400007C0889C0740000A07F0000A07F0000A07F0289C0730489D073BC
:2007C0000400407CAA3E4178AAAA81780400007C0A89C0740000A07F0000A07FF40C9F79CE
:2007E000610B9075000080780C15E073004080770C89C0740000A07F0000A07FE40C9F79D6
:20080000410B9075000080780E15E073004080770E89C0740000A07F0000A07FD40C9F79E1
:20082000210B9075000080781015E073004080771089C0740000A07F0000A07FC40C9F79ED
:20084000640B9075803F4278010080781E15D0730400007C2089C0740000A07F0000A07FA1
:20086000B20C9F79010B9075803F4278010080782015D0730400007C2289C0740000A07F29
:200880000000A07FA00C9F79000B9075000080782415E0731E89C0740000A07F0000A07FC8
:2008A000920C9F79440B9075000080782A15E0732215D0730400007C2489C0740000A07FAA
:2008C0000000A07F800C9F79020B9075000080783815E0732815D0730400007C2689C074C8
:2008E0005E0A9F790000A07F000081782489C073CC89C074540A9F790000A07F0200817867
:200900002089C073C889C0744A0A9F790000A07F030081782289C073CA89C074400A9F7928
:200920000000A07F010081781E89C073C489C0740000A07F0000A07F0000A07F1289C07318
:200940009214C0740000A07F0000A07F0000A07F1489C0739414C0740000A07F0000A07F76
:200960000000A07F1689C0739614C0740000A07F0000A07F0000A07F1889C0739814C07497
:200980000000A07F0000A07F0000A07F1A89C0739A14C0740000A07F0000A07F0000A07FE5
:2009A0001C89C0739C14C0740000A07F0000A07F0000A07F0C89C0738C14C0740000A07F63
:2009C0000000A07F0000A07F0E89C0738E14C0740000A07F0000A07F0000A07F1089C07310
:2009E0009014C0740000A07F0000A07F0000A07F0689C0738614C0740000A07F0000A07FF4
:200A00000000A07F0889C0738814C0740000A07F0000A07F0000A07F0A89C0738A14C0742E
:200A20000000A07F0000A07F0000A07F0089C0738014C0740000A07F0000A07F0000A07F78
:200A40000289C0738214C0740000A07F0000A07F0000A07F0489C0738414C0740000A07F06
:200A60000000A07F0000A07FC889C0739E14C0740000A07F0000A07F0000A07FCA89C073EB
:200A8000A014C0740000A07F0000A07F0000A07FC889C073CA89D0731000207CC689C074C8
:200AA0000000A07F0000A07F0000A07FC689C073A214C0740000A07F0000A07F0000A07F10
:200AC000CC89C073A414C0740000A07F0000A07F0000A07F2689C073A814C0740000A07F54
:200AE0000000A07F0000A07FC489C073A614C0740000A07F1B4441788F928178C689C07377
:200B00000400007C2889C0740000A07F0000A07F1A444178CC89C0731C8A00770068817815
:200B20000400007C2A89C0740000AF790000A07F0000A07F0000A07F3C89C0735489D073B1
:200B40000400407C6689C0740000A07F0000A07F0000A07F6689C073B489D0736C891001AD
:200B60001000207C6E89C0740000A07F0000A07F0000A07F6E89C073D489D07300000578FA
:200B8000A0408677D489D073A04085770400407D0800207D6E89C0740000A07F0000A07F2D
:200BA0000000A07F6689C073B689D0736C8940011000207C6C89C0740000A07F0000A07F29
:200BC0000000A07F6C89C073D489D07300000578A0408677D489D073A04085770400407D97
:200BE0000800207D6C89C0740000A07F49404178DB0F81783E89C073004080770400007C32
:200C0000C9374178484280779C5381786E8910010400407C9089C0740000A07F0000A07F5F
:200C20000000A07F3E89C073000000786889C0740000A07F0000A07F0000A07F6889C0737D
:200C4000B489D073708910011000207C7289C0740000A07F0000A07F0000A07F7289C073A4
:200C6000D489D0730000057880408677D489D073804085770400407D0800207D7289C074A9
:200C80000000A07F0000A07F0000A07F6889C073B689D073708940011000207C7089C0743E
:200CA0000000A07F0000A07F0000A07F7089C073D489D0730000057800408677D489D073B1
:200CC000004085770400407D0800207D7089C0740000A07F49404178DB0F81783C89C07309
:200CE000004080770400007CC9374178484280779C538178728940011000207C9289C074E4
:200D00000000A07F0000A07F0000A07F4889C073000000787889C0740000A07F0000A07F87
:200D20000000A07F7889C073B489D0737C8910011000207C7E89C0740000A07F0000A07FA5
:200D40000000A07F7E89C073D489D0730000057880408677D489D073804085770400407D43
:200D60000800207D7E89C0740000A07F0000A07F0000A07F7889C073B689D0737C8940013A
:200D80001000207C7C89C0740000A07F0000A07F0000A07F7C89C073D489D07300000578BC
:200DA00000408677D489D073004085770400407D0800207D7C89C0740000A07F494041781A
:200DC000DB0F81784A89C073004080770400007CC9374178484280779C5381787E89100139
:200DE0000400407C9489C0740000A07F0000A07F0000A07F4A89C073000000787A89C074D0
:200E00000000A07F0000A07F0000A07F7A89C073B489D073808910011000207C8289C074BA
:200E20000000A07F0000A07F0000A07F8289C073D489D0730000057880408677D489D0739D
:200E4000804085770400407D0800207D8289C0740000A07F0000A07F0000A07F7A89C0739E
:200E6000B689D073808940011000207C8089C0740000A07F0000A07F0000A07F8089C07324
:200E8000D489D0730000057800408677D489D073004085770400407D0800207D8089C07479
:200EA0000000A07F49404178DB0F81784889C073004080770400007CC937417848428077F9
:200EC0009C538178828940011000207C9689C0740000A07F0000A07F0000A07F9289C07334
:200EE0003689D073908910013489E0731900007C0400407C188AC0749089C0733689D0733D
:200F0000928910013489E0731C8A70469489C0113489D073968910013689E0731900007C74
:200F20001000207C1A8AC0749489C073F000807A3689D073968910013489E0731900007C1C
:200F4000188A10141A8A801C34894011368930013B00007C3000207C9889C0740000A07F96
:200F60000000A07F0000A07F9889C073D489F07300000F78188AF0740000A07FD489F073B3
:200F80000C00407D188AF0730C00207D9889C0740000A07F0000A07FF500807A3689C07366
:200FA000348910041900007C1000207C9A89C0740000A07F0000A07F0000A07F9A89C07315
:200FC000D489D07300000678D489D0730400407D0800207D9A89C074000040789C89C07485
:200FE0000000A07F0000A07F0000A07F9889C0739E89C0740000A07F0000A07F0000A07F88
:201000009A89C073A089C0740000A07F0000A07F1C8AF0739C89C073A289C0740000AF79F7
:201020000000A07F0000A07F0000A07F9A434178EC89C073006881780400007C4E89C07429
:201040009A434178EE89C073006881780400007C5089C0749A434178F089C07300688178BF
:201060000400007C9A4341785289C07400688178F689C0730400007C9A4341784289C07423
:2010800000688178F889C0730400007C9A434178006881784489C074FA89C0730400007C8D
:2010A000384441780C5681784689C074128AC0730400007C384441780C5681783C89C074C5
:2010C000148AC0730400007C384441780C5681783E89C074168AC0730400007C38444178AC
:2010E0000C5681784089C0740C8AC0730400007C384441780C5681784889C0740E8AC073EF
:201100000400007C384441780C5681784A89C074108AC0730400007C4C89C0740000A07F43
:20112000233C41780AD78178621500750400007CBC89C0740000A07F233C41780AD78178C7
:20114000631500750400007CBE89C0740000A07F033841786F128178BE89C0730400007C20
:20116000BE89C0740000A07F233C41780AD78178641500750400007CB889C0740000A07FE1
:20118000233C41780AD78178651500750400007CBA89C0740000A07F033841786F128178EA
:2011A000BA89C0730400007CBA89C0740000A07FB53F4178F30481785E15C0730400007CE0
:2011C000D089C0740000A07FB53F4178F30481785C15C0730400007CCE89C0740000A07FF8
:2011E0000000A07F0000A07F6015C073D289C0740000A07F993F41789A998178D089C07312
:201200000400007CD489C0740000A07F993F41789A998178CE89C0730400007CD889C07442
:201220000000A07F993F41789A998178D289C0730400007CD689C0740000A07F0000A07FF3
:201240000000A07F3C89C073AE14C0740000A07F0000A07F0000A07F3E89C073B014C07432
:201260000000A07F0000A07F0000A07F4E89C073B214C0740000A07F0000A07F0000A07FB0
:201280005089C073B414C0740000A07F0000A07F0000A07F4289C073AA14C0740000A07FDA
:2012A0000000A07F0000A07F4489C073AC14C0740000A07FB53F4178F30481783C15C073BC
:2012C0000400007C5489C0740000A07F0000A07F0000A07F3E15C0737A4480776089C074C8
:2012E0000000A07F0000A07F0000A07F4015C0737A4480776289C0740000A07FB53F417869
:20130000F30481784615C0730400007C6489C0740000A07F0000A07F0000A07F4215C073C7
:201320005689C0740000A07F0000A07F0000A07F4415C0735889C0740000AF790000A07F55
:201340000000A07F0000A07F01158075000041783C00C07B3C00407B0100207F0000A07F5E
:201360000000A07F0000A07F14008079208AF0740000A07F0000A07F4A15C0733489C07453
:2013800014008E790000A07F0000A07F4815C0734E15C0733489C0740000A07F0000A07F9F
:2013A0000000A07F4C15C0733689C0740000A07F0000A07F0000A07F1289C0731A8AC07484
:2013C0000000A07F0000A07F1489E0731A8AF0731689D0733689C0731C8AC0743489C0733A
:2013E0001E8A0059003F80770C00407C2A3F4378ABAA83780C00007CE889C074133F437840
:201400003ACD8378188A00661A8AC0032000207C1000207C133F41783ACD81780400007C68
:20142000F089C0741E8AD073188AC0731C8A40013000007C1000207CEC89C0741C8AD0736E
:20144000188AC073F000807A1E8A40013000007C1000207CEE89C0741889C0731A8AC07435
:201460000000A07FEA89F0741A89E0731A8AF0731C89D0733689C0731C8AC0743489C073D5
:201480001E8A0059003F80770C00407C2A3F4378ABAA83780C00007CF289C074133F437895
:2014A0003ACD8378188A00661A8AC0032000207C1000207C133F41783ACD81780400007CC8
:2014C000FA89C0741E8AD073188AC0731C8A40013000007C1000207CF689C0741C8AD073BA
:2014E000188AC073F000807A1E8A40013000007C1000207CF889C0740689C073188AC0749F
:20150000F489F0740889D0730A89C073188AB014003F8A772E00407C2A3F4378ABAA83784C
:201520002E00007C068AE074133F43783ACD83781A8AA0612E00007C088AE0741C8AE074DF
:20154000188AE0732500207C1000207C133F41783ACD81781C8A30010A8AC074188AC074A9
:201560003689E0731A8AC0733489D00E0400007C3000207C128AC0741A8AC073F000807A0A
:201580001C8A20022500007C36893014148AC074188AC073168AC0743489E0731C8AC0737B
:2015A0001A8A40030800007C1000407C0C8AC0741C8AD0731A8A40060C00007C1000207C23
:2015C0000E8AC074208AF073188AC073108AC0740000AF790000A07F0000A07F0000A07F0A
:2015E000B8148075010081783C00C07B3C00407B0400C07CB814C0750000A07F00004178A9
:20160000007D8178B81480753C00C07B3C00407B0100207F0000A07F0000A07F0000A07F28
:20162000120083790000A07F0000A07F0000A07F00004078B814C0750000A07F0000A07F48
:201640000000A07FB9148075010081783C00C07B3C00407B0400C07CB914C0750000A07FE0
:2016600000004178C8008178B91480753C00C07B3C00407B1000E07CBA14C0740000A07F33
:2016800000004178007D8178B91480753C00C07B3C00407B0100207F0000A07F0000A07F0D
:2016A0000000A07F0C0083790000A07F0000A07F0000A07F00004078B914C075A6F79F7937
:2016C0000000A07F0000A07F0000A07F3EFE9F790000A07F0000A07F0000A07FA8FC9F7940
:2016E0000000A07F0000A07F0000A07F00004178001580753C00C07B3C00407B0100207FBC
:201700000000A07F0000A07F0000A07F8E0081790000A07F0000A07F0000A07F031580757A
:20172000000041783C00C07B3C00407B0100207F0000A07F0000A07F0000A07F6200817929
:201740000000A07F0000A07F0000A07F01158075000041783C00C07B3C00407B0100207F5A
:201760000000A07F0000A07F0000A07F320081790000A07F0000A07F0000A07F0115807578
:20178000000041783C00C07B010081783C00407B0100207F0000A07F0000A07F0000A07F2B
:2017A0003C0080790000A07F0000A07F0000A07F3C029F790000A07F0000A07F0000A07FE4
:2017C0002C008E790000A07F0000A07F0000A07FB4F99F790000A07F0000A07F0000A07F57
:2017E00044009F790000A07F0000A07F0000A07F14008E790000A07F0000A07F0000A07FB8
:201800005489C073AE89C07400004078B089C07400004078B289C07412008E790000A07FC9
:201820000000A07F0100807806059F790000A07F0000A07F0000A07F00004078E389C075B7
:201840000000A07F0000A07FDCF39F79E38980753C00C07B3C00407B0000A07F0000A07F56
:201860000000A07F0000807F9E89C073D489D07300000678D489D0730400407D0800207DCC
:201880009E89C0740000A07F0000A07F0000A07F4289C0739E89D0730400407CA489C07407
:2018A0000000A07F0000A07F0000A07FA489C073B889D073848910011000207C8689C074DA
:2018C0000000A07F0000A07F0000A07FA489C073BA89D073848940011000207C8489C0748A
:2018E0000000A07F0000A07F0000A07F8489C073D889D07300000678D889D0730400407DC4
:201900000800207D8489C0740000A07F49404178DB0F81784489C073004080770400007CE6
:20192000513941784842807718B78178868910013C89E0732500207C0400407CAE89C074F7
:201940000000A07F0000A07F0000A07FAE89C073D889D07300000678D889D0730400407D39
:201960000800207DAE89C0740000A07F0000A07F0000A07FA089C073D489D0730000067880
:20198000D489D0730400407D0800207DA089C0740000A07F0000A07F0000A07F4489C07387
:2019A000A089D0730400407CA689C0740000A07F0000A07F0000A07FA689C073B889D07355
:2019C000888910011000207C8A89C0740000A07F0000A07F0000A07FA689C073BA89D073AD
:2019E000888940011000207C8889C0740000A07F0000A07F0000A07F8889C073D889D0735F
:201A000000000678D889D0730400407D0800207D8889C0740000A07F49404278DB0F8278B3
:201A20008A89C0733E89D07342891014004085771900007C513942784842857718B7827803
:201A40001900007C1000207CB089C0740000A07F0000A07F0000A07FB089C073D889D0736B
:201A600000000678D889D0730400407D0800207DB089C07400004078B289C0740000AF7922
:201A80000000A07F0000A07F0000A07F00004078B814C07500004078B914C07500004078BE
:201AA000E389C07500004078FC89C07400004078FE89C07400004078008AC0740000407873
:201AC000028AC07400004078048AC07400004078E889C07400004078EA89C0740000407858
:201AE000EC89C07400004078EE89C07400004078F089C07400004078F289C0740000407856
:201B0000F489C07400004078F689C07400004078F889C07400004078FA89C0740000407815
:201B2000068AC07400004078088AC074000040780A8AC07400004078128AC07400004078A3
:201B4000148AC07400004078168AC074000040780C8AC074000040780E8AC0740000407869
:201B6000108AC074403F4078B489C074A33940780BD78078B689C074403F4078BC89C0745E
:201B8000A33940780BD78078BE89C07400404078C089C074A33940780BD78078C289C074FA
:201BA000883F4078A4888078B889C0745A3B407813748078BA89C074000040786C89C074E9
:201BC000000040787089C074000040787489C074000040787C89C074000040788089C07451
:201BE000000040788489C074000040788889C074000040788C89C07400004078AA89C074CF
:201C000000004078AC89C07400004078DA89C07400004078DC89C0740000AF790000A07FBC
:201C20000000A07F0000A07F188A407702158075000041783C00C07B3C00407B0100207F3A
:201C40000000A07F0000A07F0000A07F880081790000A07F0000A07F0000A07F021580753C
:201C6000000041783C00C07B010081783C00407B0100207F0000A07F0000A07F0000A07F46
:201C80005C0081790000A07F0000A07F0000A07F02158075000041783C00C07B020081785A
:201CA0003C00407B0100207F0000A07F0000A07F0000A07F320081790000A07F0000A07FC6
:201CC0000000A07F02158075000041783C00C07B030081783C00407B0100207F0000A07FF7
:201CE0000000A07F0000A07F420080790000A07F0000A07F0000A07F08019F790000A07FCE
:201D00000000A07F0000A07F32008E790000A07F0000A07F0000A07F80019F790000A07F37
:201D20000000A07F0000A07F22008E790000A07F0000A07F0000A07F6489C0739E89C07464
:201D400000004078A089C0740000407810008E79A289C0740000A07F0000A07FE6019F7903
:201D60000000A07F0000A07F0000A07F7EFD9F790000A07F0000A07F0000A07F188A0077FD
:201D80000000A07F0000A07F0000A07F0000AF790000A07F0000A07F0000A07F188AD0757A
:201DA0001A8AF074F300C07A00004278188AC0733C00C07B3C00807B0200207F0000A07FF1
:201DC0000000A07F0000A07F180080790000A07F0000A07F0000A07FB73D4078693F41784A
:201DE0005E168078341D8178DA89200C2600007C2000207CDA89C074188AE07300004178FB
:201E00003E00C07B010081783E00807B0900207F0000A07F0000A07F0000A07F1800807900
:201E20000000A07F0000A07F0000A07FB73D4078693F41785E168078341D8178DC89200CF1
:201E40002600007C2000207CDC89C074188AE073000041783E00C07B020081783E00807B30
:201E60000900207F0000A07F0000A07F0000A07F180080790000A07F0000A07F0000A07FEF
:201E8000B73D4078693F41785E168078341D8178DE89200C2600007C2000207CDE89C074F3
:201EA000188AD073000042783D00C07B030082783D00807B0600207F0000A07F0000A07FF3
:201EC0000000A07F180080790000A07F0000A07F0000A07FB73D4078693F42785E168078FB
:201EE000341D8278E089100C1900007C1000207CE089C0741A8AF0730000AF790000A07FE6
:201F00000000A07F0000A07F2A89C0735889D0730400407C6689C0740000A07F0000A07F58
:201F20000000A07F6689C073C089D0736C8910011000207C6E89C0740000A07F0000A07FB9
:201F40000000A07F6E89C073D489D07300000678D489D0730400407D0800207D6E89C074E9
:201F60000000A07F0000A07F0000A07F6689C073C289D0736C8940011000207C6C89C07449
:201F80000000A07F0000A07F0000A07F6C89C073D489D07300000678D489D0730400407D3D
:201FA0000800207D6C89C0740000A07F0000A07F0000A07F6E89C0739889C07400004078BF
:201FC0009A89C074000040789C89C0740000A07F0000A07F0000A07F9889C0739E89C0748D
:201FE0000000A07F0000A07F0000A07F9A89C073A089C0740000A07F0000A07F0000A07F74
:202000009C89C073A289C0740000AF790000A07F0000A07F0000A07F5689C0732889D0737E
:202020000400407C6689C0740000A07F0000A07F0000A07F6689C073BC89D0736C891001B0
:202040001000207C6E89C0740000A07F0000A07F0000A07F6E89C073D489D0730000067804
:20206000D489D0730400407D0800207D6E89C0740000A07F0000A07F0000A07F6689C073B0
:20208000BE89D0736C8940011000207C6C89C0740000A07F0000A07F0000A07F6C89C07326
:2020A000D489D07300000678D489D0730400407D0800207D6C89C0740000A07F0000A07F95
:2020C0000000A07F6E89C0739889C074000040789A89C074000040789C89C0740000A07F23
:2020E0000000A07F0000A07F9889C0739E89C0740000A07F0000A07F0000A07F9A89C07340
:20210000A089C0740000A07F0000A07F0000A07F9C89C073A289C0740000AF790000A07F07
:202120000000A07F0000A07F3C89C0733C89D0733E8910013E89E0731900007C1A8A3054B2
:202140000300007F2A3F41783200007CABAA817800400A783B00007C0E00007C00400A781A
:202160006289C00E3E899007608910013C89F0731D00007C0400407C0800007C9E89C074EE
:202180000000A07F0000A07F0000A07F6289C0733C89D073608910013E89F0731D00007CFF
:2021A0000400407C1A8A3002A089C07400004078A289C0740000AF790000A07F0000A07FAF
:2021C0000000A07F188AF074F700C07AF100C07A3F00C07B3D00C07B3F00807B3D00407B5A
:2021E0000C00E07E3D00C07B000043783D00407B0700207F0000A07F0000A07F0000A07F47
:20220000100080790000A07F0000A07F803780772615D073003F85771900007C1000407CAF
:20222000188AF0730000AF790000A07F0000A07F0000A07F000040786C89C074000040787B
:202240007089C074000040787489C074000040787C89C074000040788089C07400004078CA
:202260008489C074000040788889C074000040788C89C07400004078AA89C0740000407848
:20228000AC89C074000040785489C0740000AF790000A07F0000A07F0000A07FF8FB9F797C
:2022A0000000A07F0000A07F0000A07F0000A07F0000A07F0000A07F0000807F0000A07F46
:2022C0000000A07F0000A07F0000807F0000A07F0000A07F0000A07F0000807F0000A07F46
:2022E0000000A07F0000A07F0000807F0000A07F0000A07F0000A07F0000807F0000A07F26
:1C2300000000A07F0000A07F0000807F0000A07F0000A07F0000A07F0000807F28
:202320000100758700000F00EE0300080F006E00010000001A06200001000100FFFF3000AA
:202340009F4826007F031A002406FF000C001500924FE6DF080010001150F0FF05E008008F
:202360005FD80800E7DF0800000000007E01000000000000F800000000000000BE0000001B
:202380000000000030000000000000000E00000000000000E800000090110A0000A00000CC
:2023A000B4110A0000900000B8110A0080910000BC110A0080920000C0110A00E8890000A5
:1023C000C4110A00188A0000C8110A000089000020
:020000040015E5
:2000000000CE050010CE050018CE050020CE05000D0184000E0185000F01860010018700F8
:200020000000000000000000000000000000000000A0030000B003000200000000A00300C5
:2000400000B0030040CE050050CE050058CE050060CE0500090BD0000A0BD1000B0BD200A7
:200060000C0BD3000D0BD4000E0BD5000F0BD600100BD700009003000080030001000000C3
:20008000009103000080030000CE050018CE050010CE050020CE05000D0184000E0185008F
:2000A0000F018600100187000000000000000000000000000000000000B0030000A00300BC
:2000C0000200000000B0030000A0030040CE050050CE050058CE050060CE0500090BD00050
:2000E0000A0BD1000B0BD2000C0BD3000D0BD4000E0BD5000F0BD600100BD70000900300F9
:20010000008003000100000000910300008003002E002E002F0044007200690076006500BF
:2001200072002F006400650076006900630065002F006400720069007600650072006C0087
:20014000690062002F0066006C006100730068002E006300000000002E002E005C0044000A
:20016000720069007600650072005C006400650076006900630065005C00640072006900F0
:200180007600650072006C00690062005C0066006C006100730068002E00680000000000DB
:2001A0002E002E002F004400720069007600650072002F00640065007600690063006500A9
:2001C0002F006400720069007600650072006C00690062002F0073007900730063007400C8
:2001E0006C002E00630000002E002E005C004400720069007600650072005C0064006500B9
:2002000076006900630065005C006400720069007600650072006C00690062005C00640058
:20022000630063002E006800000000002E002E002F004400720069007600650072002F003C
:200240006400650076006900630065002F006400720069007600650072006C00690062003C
:200260002F006700700069006F002E00630000002E002E005C00440072006900760065005D
:2002800072005C006400650076006900630065005C006400720069007600650072006C00CC
:2002A000690062005C0078006200610072002E006800000043003A002F00740069002F001C
:2002C000630032003000300030002F004300320030003000300057006100720065005F00D7
:2002E00035005F00300031005F00300030005F00300030002F006400720069007600650042
:2003000072006C00690062002F006600320038003300380078002F0064007200690076006E
:20032000650072006C00690062002F006500700077006D002E006800000000002E002E00D5
:200340002F004400720069007600650072002F006400650076006900630065002F006400D0
:20036000720069007600650072006C00690062002F0063006C0062002E006300000000002D
:200380002E002E005C004400720069007600650072005C006400650076006900630065006D
:2003A0005C006400720069007600650072006C00690062005C0063006C0062002E006800FB
:2003C000000000002E002E002F004400720069007600650072002F0064006500760069004F
:2003E000630065002F006400720069007600650072006C00690062002F00640063006300EA
:200400002E006300000000002E002E005C004400720069007600650072005C006400650002
:2004200076006900630065005C006400720069007600650072006C00690062005C00640036
:20044000630063002E0068000000000043003A002F00740069002F00630032003000300093
:2004600030002F004300320030003000300057006100720065005F0035005F003000310035
:200480005F00300030005F00300030002F006400720069007600650072006C0069006200EC
:2004A0002F006600320038003300380078002F006400720069007600650072006C006900CA
:2004C00062002F006500700077006D002E006800000000002E002E002F0044007200690092
:2004E0007600650072002F006400650076006900630065002F0064007200690076006500C7
:2005000072006C00690062002F007300630069002E006300000000002E002E005C00440037
:20052000720069007600650072005C006400650076006900630065005C006400720069002C
:200540007600650072006C00690062005C007300630069002E0068000000000043003A0069
:200560002F00740069002F00630032003000300030002F0043003200300030003000570090
:200580006100720065005F0035005F00300031005F00300030005F00300030002F006400BE
:2005A000720069007600650072006C00690062002F006600320038003300380078002F00CB
:2005C0006400720069007600650072006C00690062002F0063006C0062002E006800000062
:2005E0002E002E002F004400720069007600650072002F0064006500760069006300650065
:200600002F006400720069007600650072006C00690062002F0069006E0074006500720097
:2006200072007500700074002E006300000000002E002E002F0044007200690076006500D9
:2006400072002F006400650076006900630065002F006400720069007600650072006C0062
:20066000690062002F006D0065006D006300660067002E00630000002E002E002F004400B1
:20068000720069007600650072002F006400650076006900630065002F0064007200690025
:2006A0007600650072006C00690062002F006100640063002E006300000000002E002E0072
:2006C0002F004400720069007600650072002F006400650076006900630065002F0064004D
:1E06E000720069007600650072006C00690062002F006900700063002E0063000000A1
:200700001872313FD95BDE3E0000FE42FFFFFF3F0000803F000000000000803F000000BFD6
:20072000DB3D1F37D2C37F3F4DB8F0BEB7DF94383B1D7F3FA7C4E2BEFD4D6B39831E7E3F76
:20074000BFFED5BE07D5023AEAD67C3F8845CABEE827703A37537B3F5A7CBFBE0151C33AC2
:20076000239E793F488AB5BE9B31123BB7C0773F8B59ACBE09044E3B8FC2753F0AD7A3BE4A
:200780009AA58A3B1CAA733FFDF19BBE6305B43BCF7C713F939B94BEF713E33B463F6F3F69
:2007A000AEC68DBE28DC0B3C6CF56C3FAB6787BE5AE8283C93A26A3F2E7481BE819A483CC8
:2007C0008F49683FEEC577BE43DC6A3CC3EC653F7F576DBEDACA873C398E633F398E63BEE1
:2007E000F5569B3CA92F613FC35C5ABEB905B03C89D25E3F17B751BE51CAC53C14785C3F66
:200800005B9249BEF897DC3C53215A3FBCE441BE0D62F43C27CF573F52A53ABE148E063D92
:200820004882553F07CC33BE175D133D533B533F7F512DBE2D98203DC7FA503F052F27BE6C
:20084000A2392E3D0BC14E3F795E21BEF63B3C3D758E4C3F41DA1BBEDB994A3D48634A3FE8
:200860003C9D16BE364E593DB73F483FB4A211BE2454683DEA23463F57E60CBEF5A6773D0A
:20088000FC0F443F2A6408BE16A1833D0004423F831804BEC0908B3D0000403F000000BEC8
:00000001FF
